# EulerBlock derivatives output
# Author: Ney Rafael Secco (ney@ita.br)
# Instituto Tecnologico de Aeronautica - ITA
# Sao Jose dos Campos - Brazil

# Grid size (ii, jj)
      61      49

# Derivatives with respect to the following function (f)
cl_jlow 

# df/dMach_inf
            NaN

# df/dalpha_inf [rad]
            NaN

# Nodal derivatives
# i, j, X, Y, df/dX, df/dY
       1 ,        1 ,  1.00000000E+00 ,  0.00000000E+00 ,             NaN ,             NaN
       2 ,        1 ,  9.97260948E-01 , -1.37834633E-04 ,             NaN ,             NaN
       3 ,        1 ,  9.89073800E-01 , -5.60422335E-04 ,             NaN ,             NaN
       4 ,        1 ,  9.75528258E-01 , -1.29495077E-03 ,             NaN ,             NaN
       5 ,        1 ,  9.56772729E-01 , -2.38605033E-03 ,             NaN ,             NaN
       6 ,        1 ,  9.33012702E-01 , -3.89330041E-03 ,             NaN ,             NaN
       7 ,        1 ,  9.04508497E-01 , -5.88537844E-03 ,             NaN ,             NaN
       8 ,        1 ,  8.71572413E-01 , -8.42968247E-03 ,             NaN ,             NaN
       9 ,        1 ,  8.34565303E-01 , -1.15772434E-02 ,             NaN ,             NaN
      10 ,        1 ,  7.93892626E-01 , -1.53441548E-02 ,             NaN ,             NaN
      11 ,        1 ,  7.50000000E-01 , -1.96922354E-02 ,             NaN ,             NaN
      12 ,        1 ,  7.03368322E-01 , -2.45127854E-02 ,             NaN ,             NaN
      13 ,        1 ,  6.54508497E-01 , -2.96177282E-02 ,             NaN ,             NaN
      14 ,        1 ,  6.03955845E-01 , -3.47418966E-02 ,             NaN ,             NaN
      15 ,        1 ,  5.52264232E-01 , -3.95587057E-02 ,             NaN ,             NaN
      16 ,        1 ,  5.00000000E-01 , -4.37091457E-02 ,             NaN ,             NaN
      17 ,        1 ,  4.47735768E-01 , -4.68413539E-02 ,             NaN ,             NaN
      18 ,        1 ,  3.96044155E-01 , -4.86555148E-02 ,             NaN ,             NaN
      19 ,        1 ,  3.45491503E-01 , -4.89470708E-02 ,             NaN ,             NaN
      20 ,        1 ,  2.96631678E-01 , -4.76406370E-02 ,             NaN ,             NaN
      21 ,        1 ,  2.50000000E-01 , -4.48078728E-02 ,             NaN ,             NaN
      22 ,        1 ,  2.06107374E-01 , -4.06647954E-02 ,             NaN ,             NaN
      23 ,        1 ,  1.65434697E-01 , -3.55473326E-02 ,             NaN ,             NaN
      24 ,        1 ,  1.28427587E-01 , -2.98676957E-02 ,             NaN ,             NaN
      25 ,        1 ,  9.54915028E-02 , -2.40577327E-02 ,             NaN ,             NaN
      26 ,        1 ,  6.69872981E-02 , -1.85080652E-02 ,             NaN ,             NaN
      27 ,        1 ,  4.32272712E-02 , -1.35129915E-02 ,             NaN ,             NaN
      28 ,        1 ,  2.44717419E-02 , -9.23053330E-03 ,             NaN ,             NaN
      29 ,        1 ,  1.09261996E-02 , -5.66467862E-03 ,             NaN ,             NaN
      30 ,        1 ,  2.73905232E-03 , -2.67319442E-03 ,             NaN ,             NaN
      31 ,        1 ,  0.00000000E+00 ,  0.00000000E+00 ,             NaN ,             NaN
      32 ,        1 ,  2.73905232E-03 ,  7.46389919E-03 ,             NaN ,             NaN
      33 ,        1 ,  1.09261996E-02 ,  1.47425145E-02 ,             NaN ,             NaN
      34 ,        1 ,  2.44717419E-02 ,  2.16710958E-02 ,             NaN ,             NaN
      35 ,        1 ,  4.32272712E-02 ,  2.81216892E-02 ,             NaN ,             NaN
      36 ,        1 ,  6.69872981E-02 ,  3.40117868E-02 ,             NaN ,             NaN
      37 ,        1 ,  9.54915028E-02 ,  3.93036739E-02 ,             NaN ,             NaN
      38 ,        1 ,  1.28427587E-01 ,  4.39948150E-02 ,             NaN ,             NaN
      39 ,        1 ,  1.65434697E-01 ,  4.81015729E-02 ,             NaN ,             NaN
      40 ,        1 ,  2.06107374E-01 ,  5.16400289E-02 ,             NaN ,             NaN
      41 ,        1 ,  2.50000000E-01 ,  5.46083305E-02 ,             NaN ,             NaN
      42 ,        1 ,  2.96631678E-01 ,  5.69747020E-02 ,             NaN ,             NaN
      43 ,        1 ,  3.45491503E-01 ,  5.86740733E-02 ,             NaN ,             NaN
      44 ,        1 ,  3.96044155E-01 ,  5.96144552E-02 ,             NaN ,             NaN
      45 ,        1 ,  4.47735768E-01 ,  5.96921188E-02 ,             NaN ,             NaN
      46 ,        1 ,  5.00000000E-01 ,  5.88127446E-02 ,             NaN ,             NaN
      47 ,        1 ,  5.52264232E-01 ,  5.69144107E-02 ,             NaN ,             NaN
      48 ,        1 ,  6.03955845E-01 ,  5.39878467E-02 ,             NaN ,             NaN
      49 ,        1 ,  6.54508497E-01 ,  5.00898878E-02 ,             NaN ,             NaN
      50 ,        1 ,  7.03368322E-01 ,  4.53474023E-02 ,             NaN ,             NaN
      51 ,        1 ,  7.50000000E-01 ,  3.99508445E-02 ,             NaN ,             NaN
      52 ,        1 ,  7.93892626E-01 ,  3.41386086E-02 ,             NaN ,             NaN
      53 ,        1 ,  8.34565303E-01 ,  2.81750904E-02 ,             NaN ,             NaN
      54 ,        1 ,  8.71572413E-01 ,  2.23264524E-02 ,             NaN ,             NaN
      55 ,        1 ,  9.04508497E-01 ,  1.68383164E-02 ,             NaN ,             NaN
      56 ,        1 ,  9.33012702E-01 ,  1.19189512E-02 ,             NaN ,             NaN
      57 ,        1 ,  9.56772729E-01 ,  7.73015022E-03 ,             NaN ,             NaN
      58 ,        1 ,  9.75528258E-01 ,  4.38621844E-03 ,             NaN ,             NaN
      59 ,        1 ,  9.89073800E-01 ,  1.95972253E-03 ,             NaN ,             NaN
      60 ,        1 ,  9.97260948E-01 ,  4.91282028E-04 ,             NaN ,             NaN
      61 ,        1 ,  1.00000000E+00 ,  0.00000000E+00 ,             NaN ,             NaN
       1 ,        2 ,  1.00061997E+00 , -3.42869142E-05 ,             NaN ,             NaN
       2 ,        2 ,  9.97684288E-01 , -3.45119248E-03 ,             NaN ,             NaN
       3 ,        2 ,  9.88998155E-01 , -5.14812066E-03 ,             NaN ,             NaN
       4 ,        2 ,  9.75369113E-01 , -6.25419225E-03 ,             NaN ,             NaN
       5 ,        2 ,  9.56696059E-01 , -7.41949235E-03 ,             NaN ,             NaN
       6 ,        2 ,  9.33041640E-01 , -8.93112405E-03 ,             NaN ,             NaN
       7 ,        2 ,  9.04633262E-01 , -1.09166901E-02 ,             NaN ,             NaN
       8 ,        2 ,  8.71781673E-01 , -1.34536344E-02 ,             NaN ,             NaN
       9 ,        2 ,  8.34849353E-01 , -1.65933309E-02 ,             NaN ,             NaN
      10 ,        2 ,  7.94241305E-01 , -2.03513022E-02 ,             NaN ,             NaN
      11 ,        2 ,  7.50400696E-01 , -2.46892483E-02 ,             NaN ,             NaN
      12 ,        2 ,  7.03804779E-01 , -2.94988456E-02 ,             NaN ,             NaN
      13 ,        2 ,  6.54960400E-01 , -3.45927228E-02 ,             NaN ,             NaN
      14 ,        2 ,  6.04399114E-01 , -3.97065170E-02 ,             NaN ,             NaN
      15 ,        2 ,  5.52671982E-01 , -4.45142913E-02 ,             NaN ,             NaN
      16 ,        2 ,  5.00344117E-01 , -4.86573146E-02 ,             NaN ,             NaN
      17 ,        2 ,  4.47989004E-01 , -5.17835393E-02 ,             NaN ,             NaN
      18 ,        2 ,  3.96182596E-01 , -5.35925912E-02 ,             NaN ,             NaN
      19 ,        2 ,  3.45497141E-01 , -5.38792532E-02 ,             NaN ,             NaN
      20 ,        2 ,  2.96494705E-01 , -5.25677650E-02 ,             NaN ,             NaN
      21 ,        2 ,  2.49720386E-01 , -4.97300283E-02 ,             NaN ,             NaN
      22 ,        2 ,  2.05695383E-01 , -4.55830316E-02 ,             NaN ,             NaN
      23 ,        2 ,  1.64910160E-01 , -4.04641628E-02 ,             NaN ,             NaN
      24 ,        2 ,  1.27817936E-01 , -3.47869323E-02 ,             NaN ,             NaN
      25 ,        2 ,  9.48284031E-02 , -2.89829857E-02 ,             NaN ,             NaN
      26 ,        2 ,  6.63004008E-02 , -2.34374043E-02 ,             NaN ,             NaN
      27 ,        2 ,  4.25285632E-02 , -1.84193319E-02 ,             NaN ,             NaN
      28 ,        2 ,  2.37129128E-02 , -1.39931780E-02 ,             NaN ,             NaN
      29 ,        2 ,  9.92683777E-03 , -9.88173189E-03 ,             NaN ,             NaN
      30 ,        2 ,  1.30413945E-03 , -5.38524316E-03 ,             NaN ,             NaN
      31 ,        2 , -1.94526007E-03 , -4.75688960E-04 ,             NaN ,             NaN
      32 ,        2 ,  2.83445043E-04 ,  9.22457001E-03 ,             NaN ,             NaN
      33 ,        2 ,  8.89211033E-03 ,  1.81732442E-02 ,             NaN ,             NaN
      34 ,        2 ,  2.30084563E-02 ,  2.59408780E-02 ,             NaN ,             NaN
      35 ,        2 ,  4.21857760E-02 ,  3.27552762E-02 ,             NaN ,             NaN
      36 ,        2 ,  6.62273600E-02 ,  3.88055114E-02 ,             NaN ,             NaN
      37 ,        2 ,  9.49232019E-02 ,  4.41755365E-02 ,             NaN ,             NaN
      38 ,        2 ,  1.27994801E-01 ,  4.89092443E-02 ,             NaN ,             NaN
      39 ,        2 ,  1.65101465E-01 ,  5.30408034E-02 ,             NaN ,             NaN
      40 ,        2 ,  2.05851043E-01 ,  5.65938639E-02 ,             NaN ,             NaN
      41 ,        2 ,  2.49807712E-01 ,  5.95702797E-02 ,             NaN ,             NaN
      42 ,        2 ,  2.96498110E-01 ,  6.19403679E-02 ,             NaN ,             NaN
      43 ,        2 ,  3.45416972E-01 ,  6.36403954E-02 ,             NaN ,             NaN
      44 ,        2 ,  3.96032772E-01 ,  6.45793036E-02 ,             NaN ,             NaN
      45 ,        2 ,  4.47793569E-01 ,  6.46540415E-02 ,             NaN ,             NaN
      46 ,        2 ,  5.00133123E-01 ,  6.37708068E-02 ,             NaN ,             NaN
      47 ,        2 ,  5.52477268E-01 ,  6.18681156E-02 ,             NaN ,             NaN
      48 ,        2 ,  6.04250504E-01 ,  5.89371367E-02 ,             NaN ,             NaN
      49 ,        2 ,  6.54882705E-01 ,  5.50352066E-02 ,             NaN ,             NaN
      50 ,        2 ,  7.03815814E-01 ,  5.02897770E-02 ,             NaN ,             NaN
      51 ,        2 ,  7.50510389E-01 ,  4.48919422E-02 ,             NaN ,             NaN
      52 ,        2 ,  7.94451813E-01 ,  3.90807420E-02 ,             NaN ,             NaN
      53 ,        2 ,  8.35156035E-01 ,  3.31211938E-02 ,             NaN ,             NaN
      54 ,        2 ,  8.72174692E-01 ,  2.72801035E-02 ,             NaN ,             NaN
      55 ,        2 ,  9.05099513E-01 ,  2.18037907E-02 ,             NaN ,             NaN
      56 ,        2 ,  9.33566497E-01 ,  1.69001493E-02 ,             NaN ,             NaN
      57 ,        2 ,  9.57263552E-01 ,  1.27207166E-02 ,             NaN ,             NaN
      58 ,        2 ,  9.75955973E-01 ,  9.31809735E-03 ,             NaN ,             NaN
      59 ,        2 ,  9.89551541E-01 ,  6.52228500E-03 ,             NaN ,             NaN
      60 ,        2 ,  9.98077538E-01 ,  3.73606605E-03 ,             NaN ,             NaN
      61 ,        2 ,  1.00061997E+00 , -3.42869142E-05 ,             NaN ,             NaN
       1 ,        3 ,  1.00316548E+00 , -1.75978443E-04 ,             NaN ,             NaN
       2 ,        3 ,  1.00007168E+00 , -6.43285803E-03 ,             NaN ,             NaN
       3 ,        3 ,  9.89625316E-01 , -9.68446722E-03 ,             NaN ,             NaN
       4 ,        3 ,  9.75295843E-01 , -1.16103226E-02 ,             NaN ,             NaN
       5 ,        3 ,  9.56499654E-01 , -1.30844991E-02 ,             NaN ,             NaN
       6 ,        3 ,  9.32932436E-01 , -1.46779167E-02 ,             NaN ,             NaN
       7 ,        3 ,  9.04651096E-01 , -1.66730949E-02 ,             NaN ,             NaN
       8 ,        3 ,  8.71919197E-01 , -1.92026084E-02 ,             NaN ,             NaN
       9 ,        3 ,  8.35091809E-01 , -2.23311189E-02 ,             NaN ,             NaN
      10 ,        3 ,  7.94573263E-01 , -2.60759654E-02 ,             NaN ,             NaN
      11 ,        3 ,  7.50805044E-01 , -3.03988434E-02 ,             NaN ,             NaN
      12 ,        3 ,  7.04261150E-01 , -3.51917370E-02 ,             NaN ,             NaN
      13 ,        3 ,  6.55444415E-01 , -4.02680923E-02 ,             NaN ,             NaN
      14 ,        3 ,  6.04882544E-01 , -4.53646445E-02 ,             NaN ,             NaN
      15 ,        3 ,  5.53123745E-01 , -5.01565217E-02 ,             NaN ,             NaN
      16 ,        3 ,  5.00732022E-01 , -5.42857428E-02 ,             NaN ,             NaN
      17 ,        3 ,  4.48282113E-01 , -5.74005438E-02 ,             NaN ,             NaN
      18 ,        3 ,  3.96354027E-01 , -5.92004153E-02 ,             NaN ,             NaN
      19 ,        3 ,  3.45526993E-01 , -5.94798454E-02 ,             NaN ,             NaN
      20 ,        3 ,  2.96372685E-01 , -5.81630058E-02 ,             NaN ,             NaN
      21 ,        3 ,  2.49447664E-01 , -5.53223015E-02 ,             NaN ,             NaN
      22 ,        3 ,  2.05285286E-01 , -5.11758895E-02 ,             NaN ,             NaN
      23 ,        3 ,  1.64387476E-01 , -4.60626196E-02 ,             NaN ,             NaN
      24 ,        3 ,  1.27216529E-01 , -4.03965027E-02 ,             NaN ,             NaN
      25 ,        3 ,  9.41855301E-02 , -3.46049734E-02 ,             NaN ,             NaN
      26 ,        3 ,  6.56409967E-02 , -2.90526818E-02 ,             NaN ,             NaN
      27 ,        3 ,  4.18205268E-02 , -2.39429143E-02 ,             NaN ,             NaN
      28 ,        3 ,  2.27696992E-02 , -1.91837973E-02 ,             NaN ,             NaN
      29 ,        3 ,  8.31212883E-03 , -1.42428024E-02 ,             NaN ,             NaN
      30 ,        3 , -1.52749034E-03 , -8.15791126E-03 ,             NaN ,             NaN
      31 ,        3 , -5.74457283E-03 , -8.23172939E-04 ,             NaN ,             NaN
      32 ,        3 , -3.47379053E-03 ,  1.12406430E-02 ,             NaN ,             NaN
      33 ,        3 ,  6.19040031E-03 ,  2.19166174E-02 ,             NaN ,             NaN
      34 ,        3 ,  2.12173467E-02 ,  3.06451623E-02 ,             NaN ,             NaN
      35 ,        3 ,  4.10051148E-02 ,  3.79415003E-02 ,             NaN ,             NaN
      36 ,        3 ,  6.54213200E-02 ,  4.42221367E-02 ,             NaN ,             NaN
      37 ,        3 ,  9.43497037E-02 ,  4.97041405E-02 ,             NaN ,             NaN
      38 ,        3 ,  1.27573419E-01 ,  5.44962263E-02 ,             NaN ,             NaN
      39 ,        3 ,  1.64785616E-01 ,  5.86604497E-02 ,             NaN ,             NaN
      40 ,        3 ,  2.05613444E-01 ,  6.22321245E-02 ,             NaN ,             NaN
      41 ,        3 ,  2.49633604E-01 ,  6.52183880E-02 ,             NaN ,             NaN
      42 ,        3 ,  2.96381688E-01 ,  6.75923917E-02 ,             NaN ,             NaN
      43 ,        3 ,  3.45358891E-01 ,  6.92922453E-02 ,             NaN ,             NaN
      44 ,        3 ,  3.96037930E-01 ,  7.02282696E-02 ,             NaN ,             NaN
      45 ,        3 ,  4.47868944E-01 ,  7.02985181E-02 ,             NaN ,             NaN
      46 ,        3 ,  5.00285681E-01 ,  6.94101005E-02 ,             NaN ,             NaN
      47 ,        3 ,  5.52712077E-01 ,  6.75023166E-02 ,             NaN ,             NaN
      48 ,        3 ,  6.04569194E-01 ,  6.45670562E-02 ,             NaN ,             NaN
      49 ,        3 ,  6.55282406E-01 ,  6.06623700E-02 ,             NaN ,             NaN
      50 ,        3 ,  7.04288636E-01 ,  5.59164422E-02 ,             NaN ,             NaN
      51 ,        3 ,  7.51043376E-01 ,  5.05211092E-02 ,             NaN ,             NaN
      52 ,        3 ,  7.95027230E-01 ,  4.47161437E-02 ,             NaN ,             NaN
      53 ,        3 ,  8.35751716E-01 ,  3.87672723E-02 ,             NaN ,             NaN
      54 ,        3 ,  8.72764222E-01 ,  3.29417494E-02 ,             NaN ,             NaN
      55 ,        3 ,  9.05652997E-01 ,  2.74841204E-02 ,             NaN ,             NaN
      56 ,        3 ,  9.34057488E-01 ,  2.25884888E-02 ,             NaN ,             NaN
      57 ,        3 ,  9.57703863E-01 ,  1.83472603E-02 ,             NaN ,             NaN
      58 ,        3 ,  9.76505643E-01 ,  1.46395475E-02 ,             NaN ,             NaN
      59 ,        3 ,  9.90702316E-01 ,  1.09645178E-02 ,             NaN ,             NaN
      60 ,        3 ,  1.00078117E+00 ,  6.43434854E-03 ,             NaN ,             NaN
      61 ,        3 ,  1.00316548E+00 , -1.75978443E-04 ,             NaN ,             NaN
       1 ,        4 ,  1.00568542E+00 , -3.12514179E-04 ,             NaN ,             NaN
       2 ,        4 ,  1.00347438E+00 , -9.69919295E-03 ,             NaN ,             NaN
       3 ,        4 ,  9.90989039E-01 , -1.46677000E-02 ,             NaN ,             NaN
       4 ,        4 ,  9.75567233E-01 , -1.74868641E-02 ,             NaN ,             NaN
       5 ,        4 ,  9.56347518E-01 , -1.94134924E-02 ,             NaN ,             NaN
       6 ,        4 ,  9.32746965E-01 , -2.11919644E-02 ,             NaN ,             NaN
       7 ,        4 ,  9.04579910E-01 , -2.32400926E-02 ,             NaN ,             NaN
       8 ,        4 ,  8.71990824E-01 , -2.57731030E-02 ,             NaN ,             NaN
       9 ,        4 ,  8.35296736E-01 , -2.88898717E-02 ,             NaN ,             NaN
      10 ,        4 ,  7.94893008E-01 , -3.26176625E-02 ,             NaN ,             NaN
      11 ,        4 ,  7.51218100E-01 , -3.69202648E-02 ,             NaN ,             NaN
      12 ,        4 ,  7.04742758E-01 , -4.16903599E-02 ,             NaN ,             NaN
      13 ,        4 ,  6.55965829E-01 , -4.67423669E-02 ,             NaN ,             NaN
      14 ,        4 ,  6.05411108E-01 , -5.18143834E-02 ,             NaN ,             NaN
      15 ,        4 ,  5.53623941E-01 , -5.65829960E-02 ,             NaN ,             NaN
      16 ,        4 ,  5.01167392E-01 , -6.06914521E-02 ,             NaN ,             NaN
      17 ,        4 ,  4.48617921E-01 , -6.37887841E-02 ,             NaN ,             NaN
      18 ,        4 ,  3.96560401E-01 , -6.55748570E-02 ,             NaN ,             NaN
      19 ,        4 ,  3.45582219E-01 , -6.58443432E-02 ,             NaN ,             NaN
      20 ,        4 ,  2.96266157E-01 , -6.45217706E-02 ,             NaN ,             NaN
      21 ,        4 ,  2.49181987E-01 , -6.16803756E-02 ,             NaN ,             NaN
      22 ,        4 ,  2.04877045E-01 , -5.75395838E-02 ,             NaN ,             NaN
      23 ,        4 ,  1.63866186E-01 , -5.24391131E-02 ,             NaN ,             NaN
      24 ,        4 ,  1.26620392E-01 , -4.67906332E-02 ,             NaN ,             NaN
      25 ,        4 ,  9.35492543E-02 , -4.10082426E-02 ,             NaN ,             NaN
      26 ,        4 ,  6.49631169E-02 , -3.54149850E-02 ,             NaN ,             NaN
      27 ,        4 ,  4.09939495E-02 , -3.01206060E-02 ,             NaN ,             NaN
      28 ,        4 ,  2.14977608E-02 , -2.48835317E-02 ,             NaN ,             NaN
      29 ,        4 ,  6.12154429E-03 , -1.89902927E-02 ,             NaN ,             NaN
      30 ,        4 , -4.99367560E-03 , -1.11977283E-02 ,             NaN ,             NaN
      31 ,        4 , -1.01822803E-02 , -1.13151937E-03 ,             NaN ,             NaN
      32 ,        4 , -7.68901988E-03 ,  1.33943665E-02 ,             NaN ,             NaN
      33 ,        4 ,  3.03123413E-03 ,  2.59628161E-02 ,             NaN ,             NaN
      34 ,        4 ,  1.91057843E-02 ,  3.58123601E-02 ,             NaN ,             NaN
      35 ,        4 ,  3.96460244E-02 ,  4.37255423E-02 ,             NaN ,             NaN
      36 ,        4 ,  6.45367660E-02 ,  5.03263585E-02 ,             NaN ,             NaN
      37 ,        4 ,  9.37518052E-02 ,  5.59701052E-02 ,             NaN ,             NaN
      38 ,        4 ,  1.27152569E-01 ,  6.08454256E-02 ,             NaN ,             NaN
      39 ,        4 ,  1.64480650E-01 ,  6.50544162E-02 ,             NaN ,             NaN
      40 ,        4 ,  2.05390562E-01 ,  6.86505777E-02 ,             NaN ,             NaN
      41 ,        4 ,  2.49475364E-01 ,  7.16492491E-02 ,             NaN ,             NaN
      42 ,        4 ,  2.96281458E-01 ,  7.40277309E-02 ,             NaN ,             NaN
      43 ,        4 ,  3.45317479E-01 ,  7.57267129E-02 ,             NaN ,             NaN
      44 ,        4 ,  3.96060899E-01 ,  7.66584478E-02 ,             NaN ,             NaN
      45 ,        4 ,  4.47964116E-01 ,  7.67225837E-02 ,             NaN ,             NaN
      46 ,        4 ,  5.00460765E-01 ,  7.58275888E-02 ,             NaN ,             NaN
      47 ,        4 ,  5.52972523E-01 ,  7.39139384E-02 ,             NaN ,             NaN
      48 ,        4 ,  6.04916445E-01 ,  7.09745666E-02 ,             NaN ,             NaN
      49 ,        4 ,  6.55712664E-01 ,  6.70684839E-02 ,             NaN ,             NaN
      50 ,        4 ,  7.04792200E-01 ,  6.23247774E-02 ,             NaN ,             NaN
      51 ,        4 ,  7.51604491E-01 ,  5.69361316E-02 ,             NaN ,             NaN
      52 ,        4 ,  7.95624271E-01 ,  5.11430651E-02 ,             NaN ,             NaN
      53 ,        4 ,  8.36357600E-01 ,  4.52116327E-02 ,             NaN ,             NaN
      54 ,        4 ,  8.73347807E-01 ,  3.94073185E-02 ,             NaN ,             NaN
      55 ,        4 ,  9.06185891E-01 ,  3.39641732E-02 ,             NaN ,             NaN
      56 ,        4 ,  9.34541178E-01 ,  2.90385205E-02 ,             NaN ,             NaN
      57 ,        4 ,  9.58245358E-01 ,  2.46264199E-02 ,             NaN ,             NaN
      58 ,        4 ,  9.77438187E-01 ,  2.04392984E-02 ,             NaN ,             NaN
      59 ,        4 ,  9.92624319E-01 ,  1.57636040E-02 ,             NaN ,             NaN
      60 ,        4 ,  1.00451910E+00 ,  9.30056762E-03 ,             NaN ,             NaN
      61 ,        4 ,  1.00568542E+00 , -3.12514179E-04 ,             NaN ,             NaN
       1 ,        5 ,  1.00918835E+00 , -5.02189704E-04 ,             NaN ,             NaN
       2 ,        5 ,  1.00705874E+00 , -1.28277442E-02 ,             NaN ,             NaN
       3 ,        5 ,  9.92976567E-01 , -2.00604266E-02 ,             NaN ,             NaN
       4 ,        5 ,  9.76255630E-01 , -2.39471715E-02 ,             NaN ,             NaN
       5 ,        5 ,  9.56363413E-01 , -2.64663230E-02 ,             NaN ,             NaN
       6 ,        5 ,  9.32559669E-01 , -2.85411443E-02 ,             NaN ,             NaN
       7 ,        5 ,  9.04444242E-01 , -3.07080284E-02 ,             NaN ,             NaN
       8 ,        5 ,  8.71998862E-01 , -3.32714643E-02 ,             NaN ,             NaN
       9 ,        5 ,  8.35461201E-01 , -3.63825340E-02 ,             NaN ,             NaN
      10 ,        5 ,  7.95198375E-01 , -4.00908973E-02 ,             NaN ,             NaN
      11 ,        5 ,  7.51639679E-01 , -4.43677583E-02 ,             NaN ,             NaN
      12 ,        5 ,  7.05251168E-01 , -4.91081939E-02 ,             NaN ,             NaN
      13 ,        5 ,  6.56527428E-01 , -5.41281425E-02 ,             NaN ,             NaN
      14 ,        5 ,  6.05988278E-01 , -5.91674287E-02 ,             NaN ,             NaN
      15 ,        5 ,  5.54176243E-01 , -6.39045352E-02 ,             NaN ,             NaN
      16 ,        5 ,  5.01653705E-01 , -6.79844616E-02 ,             NaN ,             NaN
      17 ,        5 ,  4.48999411E-01 , -7.10576070E-02 ,             NaN ,             NaN
      18 ,        5 ,  3.96804056E-01 , -7.28247860E-02 ,             NaN ,             NaN
      19 ,        5 ,  3.45664520E-01 , -7.30813999E-02 ,             NaN ,             NaN
      20 ,        5 ,  2.96176368E-01 , -7.17528027E-02 ,             NaN ,             NaN
      21 ,        5 ,  2.48924429E-01 , -6.89133415E-02 ,             NaN ,             NaN
      22 ,        5 ,  2.04471670E-01 , -6.47834447E-02 ,             NaN ,             NaN
      23 ,        5 ,  1.63346183E-01 , -5.97018329E-02 ,             NaN ,             NaN
      24 ,        5 ,  1.26023550E-01 , -5.40718690E-02 ,             NaN ,             NaN
      25 ,        5 ,  9.28950492E-02 , -4.82805543E-02 ,             NaN ,             NaN
      26 ,        5 ,  6.42041260E-02 , -4.25881457E-02 ,             NaN ,             NaN
      27 ,        5 ,  3.99476286E-02 , -3.69962914E-02 ,             NaN ,             NaN
      28 ,        5 ,  1.98172927E-02 , -3.11212827E-02 ,             NaN ,             NaN
      29 ,        5 ,  3.38832102E-03 , -2.40745623E-02 ,             NaN ,             NaN
      30 ,        5 , -9.01585030E-03 , -1.43833129E-02 ,             NaN ,             NaN
      31 ,        5 , -1.51124869E-02 , -1.39350731E-03 ,             NaN ,             NaN
      32 ,        5 , -1.23203971E-02 ,  1.56571349E-02 ,             NaN ,             NaN
      33 ,        5 , -6.01621716E-04 ,  3.02813820E-02 ,             NaN ,             NaN
      34 ,        5 ,  1.65972462E-02 ,  4.14574002E-02 ,             NaN ,             NaN
      35 ,        5 ,  3.80256692E-02 ,  5.01508177E-02 ,             NaN ,             NaN
      36 ,        5 ,  6.35122036E-02 ,  5.71845728E-02 ,             NaN ,             NaN
      37 ,        5 ,  9.30934451E-02 ,  6.30586156E-02 ,             NaN ,             NaN
      38 ,        5 ,  1.26714004E-01 ,  6.80544954E-02 ,             NaN ,             NaN
      39 ,        5 ,  1.64178204E-01 ,  7.23271419E-02 ,             NaN ,             NaN
      40 ,        5 ,  2.05179069E-01 ,  7.59569122E-02 ,             NaN ,             NaN
      41 ,        5 ,  2.49332287E-01 ,  7.89720060E-02 ,             NaN ,             NaN
      42 ,        5 ,  2.96198222E-01 ,  8.13561407E-02 ,             NaN ,             NaN
      43 ,        5 ,  3.45294523E-01 ,  8.30537662E-02 ,             NaN ,             NaN
      44 ,        5 ,  3.96104193E-01 ,  8.39798283E-02 ,             NaN ,             NaN
      45 ,        5 ,  4.48082186E-01 ,  8.40361740E-02 ,             NaN ,             NaN
      46 ,        5 ,  5.00661957E-01 ,  8.31331548E-02 ,             NaN ,             NaN
      47 ,        5 ,  5.53262564E-01 ,  8.12128760E-02 ,             NaN ,             NaN
      48 ,        5 ,  6.05296434E-01 ,  7.82696905E-02 ,             NaN ,             NaN
      49 ,        5 ,  6.56177644E-01 ,  7.43638556E-02 ,             NaN ,             NaN
      50 ,        5 ,  7.05330345E-01 ,  6.96255546E-02 ,             NaN ,             NaN
      51 ,        5 ,  7.52196856E-01 ,  6.42483749E-02 ,             NaN ,             NaN
      52 ,        5 ,  7.96245100E-01 ,  5.84732498E-02 ,             NaN ,             NaN
      53 ,        5 ,  8.36975771E-01 ,  5.25648807E-02 ,             NaN ,             NaN
      54 ,        5 ,  8.73932390E-01 ,  4.67812655E-02 ,             NaN ,             NaN
      55 ,        5 ,  9.06725001E-01 ,  4.13316151E-02 ,             NaN ,             NaN
      56 ,        5 ,  9.35090906E-01 ,  3.63110106E-02 ,             NaN ,             NaN
      57 ,        5 ,  9.59011951E-01 ,  3.16044398E-02 ,             NaN ,             NaN
      58 ,        5 ,  9.78832456E-01 ,  2.67727648E-02 ,             NaN ,             NaN
      59 ,        5 ,  9.95199329E-01 ,  2.08995735E-02 ,             NaN ,             NaN
      60 ,        5 ,  1.00842024E+00 ,  1.20178486E-02 ,             NaN ,             NaN
      61 ,        5 ,  1.00918835E+00 , -5.02189704E-04 ,             NaN ,             NaN
       1 ,        6 ,  1.01339297E+00 , -7.28985007E-04 ,             NaN ,             NaN
       2 ,        6 ,  1.01083094E+00 , -1.59069070E-02 ,             NaN ,             NaN
       3 ,        6 ,  9.95596734E-01 , -2.57308561E-02 ,             NaN ,             NaN
       4 ,        6 ,  9.77463291E-01 , -3.09912028E-02 ,             NaN ,             NaN
       5 ,        6 ,  9.56669727E-01 , -3.42897073E-02 ,             NaN ,             NaN
       6 ,        6 ,  9.32464634E-01 , -3.67950848E-02 ,             NaN ,             NaN
       7 ,        6 ,  9.04290025E-01 , -3.91699484E-02 ,             NaN ,             NaN
       8 ,        6 ,  8.71955853E-01 , -4.18109340E-02 ,             NaN ,             NaN
       9 ,        6 ,  8.35583982E-01 , -4.49339743E-02 ,             NaN ,             NaN
      10 ,        6 ,  7.95485402E-01 , -4.86250693E-02 ,             NaN ,             NaN
      11 ,        6 ,  7.52067056E-01 , -5.28715655E-02 ,             NaN ,             NaN
      12 ,        6 ,  7.05785645E-01 , -5.75748737E-02 ,             NaN ,             NaN
      13 ,        6 ,  6.57130162E-01 , -6.25539777E-02 ,             NaN ,             NaN
      14 ,        6 ,  6.06616156E-01 , -6.75511443E-02 ,             NaN ,             NaN
      15 ,        6 ,  5.54783398E-01 , -7.22473218E-02 ,             NaN ,             NaN
      16 ,        6 ,  5.02193946E-01 , -7.62898712E-02 ,             NaN ,             NaN
      17 ,        6 ,  4.49429548E-01 , -7.93312150E-02 ,             NaN ,             NaN
      18 ,        6 ,  3.97087839E-01 , -8.10737839E-02 ,             NaN ,             NaN
      19 ,        6 ,  3.45776716E-01 , -8.13143299E-02 ,             NaN ,             NaN
      20 ,        6 ,  2.96106323E-01 , -7.99795029E-02 ,             NaN ,             NaN
      21 ,        6 ,  2.48678307E-01 , -7.71447971E-02 ,             NaN ,             NaN
      22 ,        6 ,  2.04072118E-01 , -7.30304891E-02 ,             NaN ,             NaN
      23 ,        6 ,  1.62826898E-01 , -6.79702541E-02 ,             NaN ,             NaN
      24 ,        6 ,  1.25413312E-01 , -6.23495076E-02 ,             NaN ,             NaN
      25 ,        6 ,  9.21828616E-02 , -5.65115959E-02 ,             NaN ,             NaN
      26 ,        6 ,  6.32840274E-02 , -5.06361717E-02 ,             NaN ,             NaN
      27 ,        6 ,  3.85722427E-02 , -4.46097875E-02 ,             NaN ,             NaN
      28 ,        6 ,  1.76206707E-02 , -3.79103812E-02 ,             NaN ,             NaN
      29 ,        6 ,  2.02603475E-05 , -2.94778374E-02 ,             NaN ,             NaN
      30 ,        6 , -1.36493876E-02 , -1.76555548E-02 ,             NaN ,             NaN
      31 ,        6 , -2.05165393E-02 , -1.63103939E-03 ,             NaN ,             NaN
      32 ,        6 , -1.74242213E-02 ,  1.80154240E-02 ,             NaN ,             NaN
      33 ,        6 , -4.78357680E-03 ,  3.48666464E-02 ,             NaN ,             NaN
      34 ,        6 ,  1.35935360E-02 ,  4.75972675E-02 ,             NaN ,             NaN
      35 ,        6 ,  3.60459402E-02 ,  5.72604692E-02 ,             NaN ,             NaN
      36 ,        6 ,  6.22698295E-02 ,  6.48643391E-02 ,             NaN ,             NaN
      37 ,        6 ,  9.23245308E-02 ,  7.10586326E-02 ,             NaN ,             NaN
      38 ,        6 ,  1.26230793E-01 ,  7.62284573E-02 ,             NaN ,             NaN
      39 ,        6 ,  1.63866073E-01 ,  8.05937195E-02 ,             NaN ,             NaN
      40 ,        6 ,  2.04974761E-01 ,  8.42716577E-02 ,             NaN ,             NaN
      41 ,        6 ,  2.49204226E-01 ,  8.73098191E-02 ,             NaN ,             NaN
      42 ,        6 ,  2.96133892E-01 ,  8.97019434E-02 ,             NaN ,             NaN
      43 ,        6 ,  3.45293030E-01 ,  9.13981719E-02 ,             NaN ,             NaN
      44 ,        6 ,  3.96171440E-01 ,  9.23172882E-02 ,             NaN ,             NaN
      45 ,        6 ,  4.48227134E-01 ,  9.23641466E-02 ,             NaN ,             NaN
      46 ,        6 ,  5.00893397E-01 ,  9.14516348E-02 ,             NaN ,             NaN
      47 ,        6 ,  5.53586304E-01 ,  8.95240345E-02 ,             NaN ,             NaN
      48 ,        6 ,  6.05713002E-01 ,  8.65775618E-02 ,             NaN ,             NaN
      49 ,        6 ,  6.56680624E-01 ,  8.26740484E-02 ,             NaN ,             NaN
      50 ,        6 ,  7.05905426E-01 ,  7.79449319E-02 ,             NaN ,             NaN
      51 ,        6 ,  7.52821673E-01 ,  7.25844859E-02 ,             NaN ,             NaN
      52 ,        6 ,  7.96890339E-01 ,  6.68327906E-02 ,             NaN ,             NaN
      53 ,        6 ,  8.37609527E-01 ,  6.09491452E-02 ,             NaN ,             NaN
      54 ,        6 ,  8.74533541E-01 ,  5.51742322E-02 ,             NaN ,             NaN
      55 ,        6 ,  9.07316360E-01 ,  4.96750277E-02 ,             NaN ,             NaN
      56 ,        6 ,  9.35798579E-01 ,  4.44665339E-02 ,             NaN ,             NaN
      57 ,        6 ,  9.60123722E-01 ,  3.93156719E-02 ,             NaN ,             NaN
      58 ,        6 ,  9.80785163E-01 ,  3.36308806E-02 ,             NaN ,             NaN
      59 ,        6 ,  9.98418114E-01 ,  2.62461010E-02 ,             NaN ,             NaN
      60 ,        6 ,  1.01250556E+00 ,  1.46739962E-02 ,             NaN ,             NaN
      61 ,        6 ,  1.01339297E+00 , -7.28985007E-04 ,             NaN ,             NaN
       1 ,        7 ,  1.01818243E+00 , -9.84671055E-04 ,             NaN ,             NaN
       2 ,        7 ,  1.01498988E+00 , -1.89898613E-02 ,             NaN ,             NaN
       3 ,        7 ,  9.98907187E-01 , -3.16100373E-02 ,             NaN ,             NaN
       4 ,        7 ,  9.79318095E-01 , -3.86095113E-02 ,             NaN ,             NaN
       5 ,        7 ,  9.57409907E-01 , -4.29227216E-02 ,             NaN ,             NaN
       6 ,        7 ,  9.32582425E-01 , -4.60222518E-02 ,             NaN ,             NaN
       7 ,        7 ,  9.04192028E-01 , -4.87200042E-02 ,             NaN ,             NaN
       8 ,        7 ,  8.71894087E-01 , -5.15094358E-02 ,             NaN ,             NaN
       9 ,        7 ,  8.35672499E-01 , -5.46791712E-02 ,             NaN ,             NaN
      10 ,        7 ,  7.95751840E-01 , -5.83641545E-02 ,             NaN ,             NaN
      11 ,        7 ,  7.52496294E-01 , -6.25789390E-02 ,             NaN ,             NaN
      12 ,        7 ,  7.06343459E-01 , -6.72379649E-02 ,             NaN ,             NaN
      13 ,        7 ,  6.57773044E-01 , -7.21665203E-02 ,             NaN ,             NaN
      14 ,        7 ,  6.07295215E-01 , -7.71108460E-02 ,             NaN ,             NaN
      15 ,        7 ,  5.55446901E-01 , -8.17552732E-02 ,             NaN ,             NaN
      16 ,        7 ,  5.02790267E-01 , -8.57503060E-02 ,             NaN ,             NaN
      17 ,        7 ,  4.49910937E-01 , -8.87511718E-02 ,             NaN ,             NaN
      18 ,        7 ,  3.97414789E-01 , -9.04626874E-02 ,             NaN ,             NaN
      19 ,        7 ,  3.45922398E-01 , -9.06836200E-02 ,             NaN ,             NaN
      20 ,        7 ,  2.96060249E-01 , -8.93422370E-02 ,             NaN ,             NaN
      21 ,        7 ,  2.48447994E-01 , -8.65145839E-02 ,             NaN ,             NaN
      22 ,        7 ,  2.03680606E-01 , -8.24180410E-02 ,             NaN ,             NaN
      23 ,        7 ,  1.62302107E-01 , -7.73743194E-02 ,             NaN ,             NaN
      24 ,        7 ,  1.24762954E-01 , -7.17381069E-02 ,             NaN ,             NaN
      25 ,        7 ,  9.13509222E-02 , -6.57924715E-02 ,             NaN ,             NaN
      26 ,        7 ,  6.21015566E-02 , -5.96240107E-02 ,             NaN ,             NaN
      27 ,        7 ,  3.67427868E-02 , -5.30021855E-02 ,             NaN ,             NaN
      28 ,        7 ,  1.47843782E-02 , -4.52680063E-02 ,             NaN ,             NaN
      29 ,        7 , -4.08557856E-03 , -3.51928733E-02 ,             NaN ,             NaN
      30 ,        7 , -1.89576443E-02 , -2.09870270E-02 ,             NaN ,             NaN
      31 ,        7 , -2.64486735E-02 , -1.86414755E-03 ,             NaN ,             NaN
      32 ,        7 , -2.30901649E-02 ,  2.04675853E-02 ,             NaN ,             NaN
      33 ,        7 , -9.60320116E-03 ,  3.97225321E-02 ,             NaN ,             NaN
      34 ,        7 ,  9.98767940E-03 ,  5.42515081E-02 ,             NaN ,             NaN
      35 ,        7 ,  3.35958221E-02 ,  6.50989180E-02 ,             NaN ,             NaN
      36 ,        7 ,  6.07140529E-02 ,  7.34352417E-02 ,             NaN ,             NaN
      37 ,        7 ,  9.13765588E-02 ,  8.00629403E-02 ,             NaN ,             NaN
      38 ,        7 ,  1.25661752E-01 ,  8.54792697E-02 ,             NaN ,             NaN
      39 ,        7 ,  1.63523467E-01 ,  8.99797445E-02 ,             NaN ,             NaN
      40 ,        7 ,  2.04769372E-01 ,  9.37287650E-02 ,             NaN ,             NaN
      41 ,        7 ,  2.49089726E-01 ,  9.68011531E-02 ,             NaN ,             NaN
      42 ,        7 ,  2.96090482E-01 ,  9.92057987E-02 ,             NaN ,             NaN
      43 ,        7 ,  3.45316724E-01 ,  1.00901549E-01 ,             NaN ,             NaN
      44 ,        7 ,  3.96267154E-01 ,  1.01812804E-01 ,             NaN ,             NaN
      45 ,        7 ,  4.48403750E-01 ,  1.01848589E-01 ,             NaN ,             NaN
      46 ,        7 ,  5.01159802E-01 ,  1.00925188E-01 ,             NaN ,             NaN
      47 ,        7 ,  5.53948084E-01 ,  9.89897376E-02 ,             NaN ,             NaN
      48 ,        7 ,  6.06169787E-01 ,  9.60408403E-02 ,             NaN ,             NaN
      49 ,        7 ,  6.57224205E-01 ,  9.21422243E-02 ,             NaN ,             NaN
      50 ,        7 ,  7.06518801E-01 ,  8.74265283E-02 ,             NaN ,             NaN
      51 ,        7 ,  7.53479486E-01 ,  8.20877773E-02 ,             NaN ,             NaN
      52 ,        7 ,  7.97562107E-01 ,  7.63621767E-02 ,             NaN ,             NaN
      53 ,        7 ,  8.38269453E-01 ,  7.04964095E-02 ,             NaN ,             NaN
      54 ,        7 ,  8.75184099E-01 ,  6.47005606E-02 ,             NaN ,             NaN
      55 ,        7 ,  9.08032233E-01 ,  5.90820373E-02 ,             NaN ,             NaN
      56 ,        7 ,  9.36780617E-01 ,  5.35625478E-02 ,             NaN ,             NaN
      57 ,        7 ,  9.61719315E-01 ,  4.77859248E-02 ,             NaN ,             NaN
      58 ,        7 ,  9.83416768E-01 ,  4.09939959E-02 ,             NaN ,             NaN
      59 ,        7 ,  1.00232889E+00 ,  3.17345132E-02 ,             NaN ,             NaN
      60 ,        7 ,  1.01697451E+00 ,  1.73017613E-02 ,             NaN ,             NaN
      61 ,        7 ,  1.01818243E+00 , -9.84671055E-04 ,             NaN ,             NaN
       1 ,        8 ,  1.02358170E+00 , -1.26858117E-03 ,             NaN ,             NaN
       2 ,        8 ,  1.01977488E+00 , -2.21413309E-02 ,             NaN ,             NaN
       3 ,        8 ,  1.00300069E+00 , -3.76972953E-02 ,             NaN ,             NaN
       4 ,        8 ,  9.81954860E-01 , -4.67988602E-02 ,             NaN ,             NaN
       5 ,        8 ,  9.58742558E-01 , -5.24027463E-02 ,             NaN ,             NaN
       6 ,        8 ,  9.33059842E-01 , -5.62914928E-02 ,             NaN ,             NaN
       7 ,        8 ,  9.04257895E-01 , -5.94536742E-02 ,             NaN ,             NaN
       8 ,        8 ,  8.71874151E-01 , -6.24881933E-02 ,             NaN ,             NaN
       9 ,        8 ,  8.35751264E-01 , -6.57610823E-02 ,             NaN ,             NaN
      10 ,        8 ,  7.96002551E-01 , -6.94654661E-02 ,             NaN ,             NaN
      11 ,        8 ,  7.52924701E-01 , -7.36544081E-02 ,             NaN ,             NaN
      12 ,        8 ,  7.06920570E-01 , -7.82644236E-02 ,             NaN ,             NaN
      13 ,        8 ,  6.58453007E-01 , -8.31326454E-02 ,             NaN ,             NaN
      14 ,        8 ,  6.08023868E-01 , -8.80122605E-02 ,             NaN ,             NaN
      15 ,        8 ,  5.56166515E-01 , -9.25926413E-02 ,             NaN ,             NaN
      16 ,        8 ,  5.03443560E-01 , -9.65285820E-02 ,             NaN ,             NaN
      17 ,        8 ,  4.50445483E-01 , -9.94790947E-02 ,             NaN ,             NaN
      18 ,        8 ,  3.97787846E-01 , -1.01152249E-01 ,             NaN ,             NaN
      19 ,        8 ,  3.46105555E-01 , -1.01349422E-01 ,             NaN ,             NaN
      20 ,        8 ,  2.96042768E-01 , -1.00000371E-01 ,             NaN ,             NaN
      21 ,        8 ,  2.48236946E-01 , -9.71799180E-02 ,             NaN ,             NaN
      22 ,        8 ,  2.03294582E-01 , -9.30975694E-02 ,             NaN ,             NaN
      23 ,        8 ,  1.61753607E-01 , -8.80532834E-02 ,             NaN ,             NaN
      24 ,        8 ,  1.24024995E-01 , -8.23567382E-02 ,             NaN ,             NaN
      25 ,        8 ,  9.03122163E-02 , -7.62166452E-02 ,             NaN ,             NaN
      26 ,        8 ,  6.05344144E-02 , -6.96194764E-02 ,             NaN ,             NaN
      27 ,        8 ,  3.43216784E-02 , -6.22173456E-02 ,             NaN ,             NaN
      28 ,        8 ,  1.11791990E-02 , -5.32131983E-02 ,             NaN ,             NaN
      29 ,        8 , -9.03416179E-03 , -4.12188318E-02 ,             NaN ,             NaN
      30 ,        8 , -2.50264263E-02 , -2.43802086E-02 ,             NaN ,             NaN
      31 ,        8 , -3.30166614E-02 , -2.10569738E-03 ,             NaN ,             NaN
      32 ,        8 , -2.94298604E-02 ,  2.30210439E-02 ,             NaN ,             NaN
      33 ,        8 , -1.51616503E-02 ,  4.48613684E-02 ,             NaN ,             NaN
      34 ,        8 ,  5.66414180E-03 ,  6.14426924E-02 ,             NaN ,             NaN
      35 ,        8 ,  3.05513408E-02 ,  7.37124282E-02 ,             NaN ,             NaN
      36 ,        8 ,  5.87304903E-02 ,  8.29695808E-02 ,             NaN ,             NaN
      37 ,        8 ,  9.01594205E-02 ,  9.01684992E-02 ,             NaN ,             NaN
      38 ,        8 ,  1.24946339E-01 ,  9.59255762E-02 ,             NaN ,             NaN
      39 ,        8 ,  1.63115755E-01 ,  1.00620933E-01 ,             NaN ,             NaN
      40 ,        8 ,  2.04546534E-01 ,  1.04475729E-01 ,             NaN ,             NaN
      41 ,        8 ,  2.48983486E-01 ,  1.07600664E-01 ,             NaN ,             NaN
      42 ,        8 ,  2.96068729E-01 ,  1.10026263E-01 ,             NaN ,             NaN
      43 ,        8 ,  3.45369372E-01 ,  1.11724384E-01 ,             NaN ,             NaN
      44 ,        8 ,  3.96396455E-01 ,  1.12627747E-01 ,             NaN ,             NaN
      45 ,        8 ,  4.48617540E-01 ,  1.12651277E-01 ,             NaN ,             NaN
      46 ,        8 ,  5.01466440E-01 ,  1.11715846E-01 ,             NaN ,             NaN
      47 ,        8 ,  5.54352457E-01 ,  1.09772316E-01 ,             NaN ,             NaN
      48 ,        8 ,  6.06670240E-01 ,  1.06822256E-01 ,             NaN ,             NaN
      49 ,        8 ,  6.57810515E-01 ,  1.02931471E-01 ,             NaN ,             NaN
      50 ,        8 ,  7.07171626E-01 ,  9.82331811E-02 ,             NaN ,             NaN
      51 ,        8 ,  7.54172380E-01 ,  9.29188678E-02 ,             NaN ,             NaN
      52 ,        8 ,  7.98268736E-01 ,  8.72153521E-02 ,             NaN ,             NaN
      53 ,        8 ,  8.38980964E-01 ,  8.13463613E-02 ,             NaN ,             NaN
      54 ,        8 ,  8.75942192E-01 ,  7.54766109E-02 ,             NaN ,             NaN
      55 ,        8 ,  9.08975220E-01 ,  6.96395224E-02 ,             NaN ,             NaN
      56 ,        8 ,  9.38177998E-01 ,  6.36553908E-02 ,             NaN ,             NaN
      57 ,        8 ,  9.63951214E-01 ,  5.70391694E-02 ,             NaN ,             NaN
      58 ,        8 ,  9.86854754E-01 ,  4.88490141E-02 ,             NaN ,             NaN
      59 ,        8 ,  1.00702066E+00 ,  3.73580977E-02 ,             NaN ,             NaN
      60 ,        8 ,  1.02206519E+00 ,  1.99410934E-02 ,             NaN ,             NaN
      61 ,        8 ,  1.02358170E+00 , -1.26858117E-03 ,             NaN ,             NaN
       1 ,        9 ,  1.02970089E+00 , -1.58435443E-03 ,             NaN ,             NaN
       2 ,        9 ,  1.02537839E+00 , -2.54100894E-02 ,             NaN ,             NaN
       3 ,        9 ,  1.00799304E+00 , -4.40291934E-02 ,             NaN ,             NaN
       4 ,        9 ,  9.85513282E-01 , -5.55689334E-02 ,             NaN ,             NaN
       5 ,        9 ,  9.60837396E-01 , -6.27688359E-02 ,             NaN ,             NaN
       6 ,        9 ,  9.34066511E-01 , -6.76736504E-02 ,             NaN ,             NaN
       7 ,        9 ,  9.04628427E-01 , -7.14690399E-02 ,             NaN ,             NaN
       8 ,        9 ,  8.71991106E-01 , -7.48716233E-02 ,             NaN ,             NaN
       9 ,        9 ,  8.35870967E-01 , -7.83289134E-02 ,             NaN ,             NaN
      10 ,        9 ,  7.96257208E-01 , -8.20977419E-02 ,             NaN ,             NaN
      11 ,        9 ,  7.53355451E-01 , -8.62790220E-02 ,             NaN ,             NaN
      12 ,        9 ,  7.07513624E-01 , -9.08413065E-02 ,             NaN ,             NaN
      13 ,        9 ,  6.59165353E-01 , -9.56412852E-02 ,             NaN ,             NaN
      14 ,        9 ,  6.08798194E-01 , -1.00444013E-01 ,             NaN ,             NaN
      15 ,        9 ,  5.56939759E-01 , -1.04946828E-01 ,             NaN ,             NaN
      16 ,        9 ,  5.04152932E-01 , -1.08810657E-01 ,             NaN ,             NaN
      17 ,        9 ,  4.51033918E-01 , -1.11699613E-01 ,             NaN ,             NaN
      18 ,        9 ,  3.98209329E-01 , -1.13325954E-01 ,             NaN ,             NaN
      19 ,        9 ,  3.46329694E-01 , -1.13493973E-01 ,             NaN ,             NaN
      20 ,        9 ,  2.96057068E-01 , -1.12133916E-01 ,             NaN ,             NaN
      21 ,        9 ,  2.48044115E-01 , -1.09315871E-01 ,             NaN ,             NaN
      22 ,        9 ,  2.02900892E-01 , -1.05234043E-01 ,             NaN ,             NaN
      23 ,        9 ,  1.61144081E-01 , -1.00154857E-01 ,             NaN ,             NaN
      24 ,        9 ,  1.23125741E-01 , -9.43293099E-02 ,             NaN ,             NaN
      25 ,        9 ,  8.89531197E-02 , -8.78815897E-02 ,             NaN ,             NaN
      26 ,        9 ,  5.84403823E-02 , -8.06946297E-02 ,             NaN ,             NaN
      27 ,        9 ,  3.11592423E-02 , -7.23023749E-02 ,             NaN ,             NaN
      28 ,        9 ,  6.66839654E-03 , -6.17684853E-02 ,             NaN ,             NaN
      29 ,        9 , -1.49396998E-02 , -4.75654210E-02 ,             NaN ,             NaN
      30 ,        9 , -3.19689056E-02 , -2.78567210E-02 ,             NaN ,             NaN
      31 ,        9 , -4.03620842E-02 , -2.36212353E-03 ,             NaN ,             NaN
      32 ,        9 , -3.65746580E-02 ,  2.56901912E-02 ,             NaN ,             NaN
      33 ,        9 , -2.15759317E-02 ,  5.03037347E-02 ,             NaN ,             NaN
      34 ,        9 ,  4.95950504E-04 ,  6.91981305E-02 ,             NaN ,             NaN
      35 ,        9 ,  2.67744025E-02 ,  8.31500500E-02 ,             NaN ,             NaN
      36 ,        9 ,  5.61851732E-02 ,  9.35430875E-02 ,             NaN ,             NaN
      37 ,        9 ,  8.85592252E-02 ,  1.01477059E-01 ,             NaN ,             NaN
      38 ,        9 ,  1.24000237E-01 ,  1.07692829E-01 ,             NaN ,             NaN
      39 ,        9 ,  1.62588831E-01 ,  1.12662818E-01 ,             NaN ,             NaN
      40 ,        9 ,  2.04276589E-01 ,  1.16673421E-01 ,             NaN ,             NaN
      41 ,        9 ,  2.48872550E-01 ,  1.19879664E-01 ,             NaN ,             NaN
      42 ,        9 ,  2.96065725E-01 ,  1.22341032E-01 ,             NaN ,             NaN
      43 ,        9 ,  3.45453499E-01 ,  1.24047936E-01 ,             NaN ,             NaN
      44 ,        9 ,  3.96564425E-01 ,  1.24945237E-01 ,             NaN ,             NaN
      45 ,        9 ,  4.48874419E-01 ,  1.24956302E-01 ,             NaN ,             NaN
      46 ,        9 ,  5.01818984E-01 ,  1.24008289E-01 ,             NaN ,             NaN
      47 ,        9 ,  5.54804157E-01 ,  1.22056895E-01 ,             NaN ,             NaN
      48 ,        9 ,  6.07217791E-01 ,  1.19107223E-01 ,             NaN ,             NaN
      49 ,        9 ,  6.58441922E-01 ,  1.15226913E-01 ,             NaN ,             NaN
      50 ,        9 ,  7.07866791E-01 ,  1.10548081E-01 ,             NaN ,             NaN
      51 ,        9 ,  7.54908097E-01 ,  1.05255377E-01 ,             NaN ,             NaN
      52 ,        9 ,  7.99031628E-01 ,  9.95580534E-02 ,             NaN ,             NaN
      53 ,        9 ,  8.39792704E-01 ,  9.36445653E-02 ,             NaN ,             NaN
      54 ,        9 ,  8.76897368E-01 ,  8.76205126E-02 ,             NaN ,             NaN
      55 ,        9 ,  9.10278927E-01 ,  8.14352425E-02 ,             NaN ,             NaN
      56 ,        9 ,  9.40153175E-01 ,  7.48026254E-02 ,             NaN ,             NaN
      57 ,        9 ,  9.66982072E-01 ,  6.71014610E-02 ,             NaN ,             NaN
      58 ,        9 ,  9.91232105E-01 ,  5.71961203E-02 ,             NaN ,             NaN
      59 ,        9 ,  1.01260804E+00 ,  4.31446223E-02 ,             NaN ,             NaN
      60 ,        9 ,  1.02796980E+00 ,  2.26234192E-02 ,             NaN ,             NaN
      61 ,        9 ,  1.02970089E+00 , -1.58435443E-03 ,             NaN ,             NaN
       1 ,       10 ,  1.03668992E+00 , -1.93703363E-03 ,             NaN ,             NaN
       2 ,       10 ,  1.03196306E+00 , -2.88303645E-02 ,             NaN ,             NaN
       3 ,       10 ,  1.01401636E+00 , -5.06507276E-02 ,             NaN ,             NaN
       4 ,       10 ,  9.90141242E-01 , -6.49403939E-02 ,             NaN ,             NaN
       5 ,       10 ,  9.63875150E-01 , -7.40627567E-02 ,             NaN ,             NaN
       6 ,       10 ,  9.35792661E-01 , -8.02422281E-02 ,             NaN ,             NaN
       7 ,       10 ,  9.05476065E-01 , -8.48679944E-02 ,             NaN ,             NaN
       8 ,       10 ,  8.72377723E-01 , -8.87881950E-02 ,             NaN ,             NaN
       9 ,       10 ,  8.36116583E-01 , -9.25373708E-02 ,             NaN ,             NaN
      10 ,       10 ,  7.96559587E-01 , -9.64392221E-02 ,             NaN ,             NaN
      11 ,       10 ,  7.53804792E-01 , -1.00648719E-01 ,             NaN ,             NaN
      12 ,       10 ,  7.08124175E-01 , -1.05175441E-01 ,             NaN ,             NaN
      13 ,       10 ,  6.59905580E-01 , -1.09904538E-01 ,             NaN ,             NaN
      14 ,       10 ,  6.09612337E-01 , -1.14619822E-01 ,             NaN ,             NaN
      15 ,       10 ,  5.57761623E-01 , -1.19031224E-01 ,             NaN ,             NaN
      16 ,       10 ,  5.04915134E-01 , -1.22808757E-01 ,             NaN ,             NaN
      17 ,       10 ,  4.51675033E-01 , -1.25623496E-01 ,             NaN ,             NaN
      18 ,       10 ,  3.98679793E-01 , -1.27192841E-01 ,             NaN ,             NaN
      19 ,       10 ,  3.46595844E-01 , -1.27323745E-01 ,             NaN ,             NaN
      20 ,       10 ,  2.96101357E-01 , -1.25944629E-01 ,             NaN ,             NaN
      21 ,       10 ,  2.47858295E-01 , -1.23115322E-01 ,             NaN ,             NaN
      22 ,       10 ,  2.02468392E-01 , -1.19005291E-01 ,             NaN ,             NaN
      23 ,       10 ,  1.60410077E-01 , -1.13835169E-01 ,             NaN ,             NaN
      24 ,       10 ,  1.21961426E-01 , -1.07785890E-01 ,             NaN ,             NaN
      25 ,       10 ,  8.71330911E-02 , -1.00890672E-01 ,             NaN ,             NaN
      26 ,       10 ,  5.56576949E-02 , -9.29269886E-02 ,             NaN ,             NaN
      27 ,       10 ,  2.70925438E-02 , -8.33087166E-02 ,             NaN ,             NaN
      28 ,       10 ,  1.10444905E-03 , -7.09622507E-02 ,             NaN ,             NaN
      29 ,       10 , -2.19316701E-02 , -5.42537302E-02 ,             NaN ,             NaN
      30 ,       10 , -3.99238724E-02 , -3.14469661E-02 ,             NaN ,             NaN
      31 ,       10 , -4.86489767E-02 , -2.63554928E-03 ,             NaN ,             NaN
      32 ,       10 , -4.46756109E-02 ,  2.84946240E-02 ,             NaN ,             NaN
      33 ,       10 , -2.89821772E-02 ,  5.60780077E-02 ,             NaN ,             NaN
      34 ,       10 , -5.65872424E-03 ,  7.75514908E-02 ,             NaN ,             NaN
      35 ,       10 ,  2.21110410E-02 ,  9.34649048E-02 ,             NaN ,             NaN
      36 ,       10 ,  5.29236155E-02 ,  1.05235789E-01 ,             NaN ,             NaN
      37 ,       10 ,  8.64367298E-02 ,  1.14095982E-01 ,             NaN ,             NaN
      38 ,       10 ,  1.22711769E-01 ,  1.20913832E-01 ,             NaN ,             NaN
      39 ,       10 ,  1.61863566E-01 ,  1.26260791E-01 ,             NaN ,             NaN
      40 ,       10 ,  2.03910458E-01 ,  1.30495902E-01 ,             NaN ,             NaN
      41 ,       10 ,  2.48731017E-01 ,  1.33826260E-01 ,             NaN ,             NaN
      42 ,       10 ,  2.96071104E-01 ,  1.36347785E-01 ,             NaN ,             NaN
      43 ,       10 ,  3.45567969E-01 ,  1.38075856E-01 ,             NaN ,             NaN
      44 ,       10 ,  3.96774730E-01 ,  1.38972414E-01 ,             NaN ,             NaN
      45 ,       10 ,  4.49179987E-01 ,  1.38972776E-01 ,             NaN ,             NaN
      46 ,       10 ,  5.02223209E-01 ,  1.38012737E-01 ,             NaN ,             NaN
      47 ,       10 ,  5.55308186E-01 ,  1.36054220E-01 ,             NaN ,             NaN
      48 ,       10 ,  6.07816573E-01 ,  1.33106248E-01 ,             NaN ,             NaN
      49 ,       10 ,  6.59122934E-01 ,  1.29237266E-01 ,             NaN ,             NaN
      50 ,       10 ,  7.08612803E-01 ,  1.24575011E-01 ,             NaN ,             NaN
      51 ,       10 ,  7.55706526E-01 ,  1.19290782E-01 ,             NaN ,             NaN
      52 ,       10 ,  7.99893808E-01 ,  1.13566059E-01 ,             NaN ,             NaN
      53 ,       10 ,  8.40784436E-01 ,  1.07541636E-01 ,             NaN ,             NaN
      54 ,       10 ,  8.78174223E-01 ,  1.01253166E-01 ,             NaN ,             NaN
      55 ,       10 ,  9.12106903E-01 ,  9.45596865E-02 ,             NaN ,             NaN
      56 ,       10 ,  9.42887985E-01 ,  8.70644410E-02 ,             NaN ,             NaN
      57 ,       10 ,  9.70984655E-01 ,  7.80024146E-02 ,             NaN ,             NaN
      58 ,       10 ,  9.96690240E-01 ,  6.60471796E-02 ,             NaN ,             NaN
      59 ,       10 ,  1.01922219E+00 ,  4.91305657E-02 ,             NaN ,             NaN
      60 ,       10 ,  1.03485120E+00 ,  2.53715585E-02 ,             NaN ,             NaN
      61 ,       10 ,  1.03668992E+00 , -1.93703363E-03 ,             NaN ,             NaN
       1 ,       11 ,  1.04472501E+00 , -2.33201883E-03 ,             NaN ,             NaN
       2 ,       11 ,  1.03969382E+00 , -3.24312311E-02 ,             NaN ,             NaN
       3 ,       11 ,  1.02122330E+00 , -5.76089577E-02 ,             NaN ,             NaN
       4 ,       11 ,  9.96000679E-01 , -7.49435290E-02 ,             NaN ,             NaN
       5 ,       11 ,  9.68049783E-01 , -8.63298830E-02 ,             NaN ,             NaN
       6 ,       11 ,  9.38448610E-01 , -9.40737253E-02 ,             NaN ,             NaN
       7 ,       11 ,  9.07003240E-01 , -9.97570840E-02 ,             NaN ,             NaN
       8 ,       11 ,  8.73205331E-01 , -1.04371727E-01 ,             NaN ,             NaN
       9 ,       11 ,  8.36613280E-01 , -1.08547039E-01 ,             NaN ,             NaN
      10 ,       11 ,  7.96986984E-01 , -1.12676449E-01 ,             NaN ,             NaN
      11 ,       11 ,  7.54311456E-01 , -1.16972402E-01 ,             NaN ,             NaN
      12 ,       11 ,  7.08765675E-01 , -1.21492109E-01 ,             NaN ,             NaN
      13 ,       11 ,  6.60673481E-01 , -1.26157721E-01 ,             NaN ,             NaN
      14 ,       11 ,  6.10460335E-01 , -1.30779947E-01 ,             NaN ,             NaN
      15 ,       11 ,  5.58624938E-01 , -1.35087671E-01 ,             NaN ,             NaN
      16 ,       11 ,  5.05724031E-01 , -1.38764352E-01 ,             NaN ,             NaN
      17 ,       11 ,  4.52364409E-01 , -1.41490637E-01 ,             NaN ,             NaN
      18 ,       11 ,  3.99195784E-01 , -1.42990032E-01 ,             NaN ,             NaN
      19 ,       11 ,  3.46898806E-01 , -1.43071090E-01 ,             NaN ,             NaN
      20 ,       11 ,  2.96163088E-01 , -1.41656571E-01 ,             NaN ,             NaN
      21 ,       11 ,  2.47650418E-01 , -1.38788746E-01 ,             NaN ,             NaN
      22 ,       11 ,  2.01939762E-01 , -1.34601935E-01 ,             NaN ,             NaN
      23 ,       11 ,  1.59455886E-01 , -1.29259779E-01 ,             NaN ,             NaN
      24 ,       11 ,  1.20395768E-01 , -1.22864723E-01 ,             NaN ,             NaN
      25 ,       11 ,  8.46845197E-02 , -1.15355037E-01 ,             NaN ,             NaN
      26 ,       11 ,  5.20045081E-02 , -1.06400737E-01 ,             NaN ,             NaN
      27 ,       11 ,  2.19433585E-02 , -9.52935693E-02 ,             NaN ,             NaN
      28 ,       11 , -5.67481220E-03 , -8.08306187E-02 ,             NaN ,             NaN
      29 ,       11 , -3.01596436E-02 , -6.13151043E-02 ,             NaN ,             NaN
      30 ,       11 , -4.90544379E-02 , -3.51841793E-02 ,             NaN ,             NaN
      31 ,       11 , -5.80604515E-02 , -2.92564861E-03 ,             NaN ,             NaN
      32 ,       11 , -5.39048763E-02 ,  3.14577719E-02 ,             NaN ,             NaN
      33 ,       11 , -3.75387936E-02 ,  6.22196934E-02 ,             NaN ,             NaN
      34 ,       11 , -1.29603235E-02 ,  8.65440380E-02 ,             NaN ,             NaN
      35 ,       11 ,  1.63890543E-02 ,  1.04715650E-01 ,             NaN ,             NaN
      36 ,       11 ,  4.87694886E-02 ,  1.18133054E-01 ,             NaN ,             NaN
      37 ,       11 ,  8.36259766E-02 ,  1.28139221E-01 ,             NaN ,             NaN
      38 ,       11 ,  1.20939075E-01 ,  1.35729656E-01 ,             NaN ,             NaN
      39 ,       11 ,  1.60830771E-01 ,  1.41580625E-01 ,             NaN ,             NaN
      40 ,       11 ,  2.03373062E-01 ,  1.46130513E-01 ,             NaN ,             NaN
      41 ,       11 ,  2.48513381E-01 ,  1.49645390E-01 ,             NaN ,             NaN
      42 ,       11 ,  2.96061469E-01 ,  1.52264668E-01 ,             NaN ,             NaN
      43 ,       11 ,  3.45703959E-01 ,  1.54035416E-01 ,             NaN ,             NaN
      44 ,       11 ,  3.97027022E-01 ,  1.54942400E-01 ,             NaN ,             NaN
      45 ,       11 ,  4.49538085E-01 ,  1.54937327E-01 ,             NaN ,             NaN
      46 ,       11 ,  5.02684493E-01 ,  1.53967657E-01 ,             NaN ,             NaN
      47 ,       11 ,  5.55870302E-01 ,  1.52003158E-01 ,             NaN ,             NaN
      48 ,       11 ,  6.08473252E-01 ,  1.49056745E-01 ,             NaN ,             NaN
      49 ,       11 ,  6.59864006E-01 ,  1.45195484E-01 ,             NaN ,             NaN
      50 ,       11 ,  7.09430145E-01 ,  1.40537673E-01 ,             NaN ,             NaN
      51 ,       11 ,  7.56608386E-01 ,  1.35232903E-01 ,             NaN ,             NaN
      52 ,       11 ,  8.00929017E-01 ,  1.29424074E-01 ,             NaN ,             NaN
      53 ,       11 ,  8.42073305E-01 ,  1.23193661E-01 ,             NaN ,             NaN
      54 ,       11 ,  8.79933937E-01 ,  1.16499968E-01 ,             NaN ,             NaN
      55 ,       11 ,  9.14651404E-01 ,  1.09107676E-01 ,             NaN ,             NaN
      56 ,       11 ,  9.46583225E-01 ,  1.00504628E-01 ,             NaN ,             NaN
      57 ,       11 ,  9.76144093E-01 ,  8.97763856E-02 ,             NaN ,             NaN
      58 ,       11 ,  1.00338456E+00 ,  7.54244331E-02 ,             NaN ,             NaN
      59 ,       11 ,  1.02701419E+00 ,  5.53549754E-02 ,             NaN ,             NaN
      60 ,       11 ,  1.04287422E+00 ,  2.82054826E-02 ,             NaN ,             NaN
      61 ,       11 ,  1.04472501E+00 , -2.33201883E-03 ,             NaN ,             NaN
       1 ,       12 ,  1.05400734E+00 , -2.77470617E-03 ,             NaN ,             NaN
       2 ,       12 ,  1.04875547E+00 , -3.62413893E-02 ,             NaN ,             NaN
       3 ,       12 ,  1.02979263E+00 , -6.49532453E-02 ,             NaN ,             NaN
       4 ,       12 ,  1.00327387E+00 , -8.56183800E-02 ,             NaN ,             NaN
       5 ,       12 ,  9.73572006E-01 , -9.96208137E-02 ,             NaN ,             NaN
       6 ,       12 ,  9.42265627E-01 , -1.09248301E-01 ,             NaN ,             NaN
       7 ,       12 ,  9.09441412E-01 , -1.16248159E-01 ,             NaN ,             NaN
       8 ,       12 ,  8.74683362E-01 , -1.21762751E-01 ,             NaN ,             NaN
       9 ,       12 ,  8.37529760E-01 , -1.26525660E-01 ,             NaN ,             NaN
      10 ,       12 ,  7.97658235E-01 , -1.31004250E-01 ,             NaN ,             NaN
      11 ,       12 ,  7.54947014E-01 , -1.35470519E-01 ,             NaN ,             NaN
      12 ,       12 ,  7.09473070E-01 , -1.40033237E-01 ,             NaN ,             NaN
      13 ,       12 ,  6.61480145E-01 , -1.44658321E-01 ,             NaN ,             NaN
      14 ,       12 ,  6.11340208E-01 , -1.49191458E-01 ,             NaN ,             NaN
      15 ,       12 ,  5.59522014E-01 , -1.53387946E-01 ,             NaN ,             NaN
      16 ,       12 ,  5.06570309E-01 , -1.56950362E-01 ,             NaN ,             NaN
      17 ,       12 ,  4.53092409E-01 , -1.59572370E-01 ,             NaN ,             NaN
      18 ,       12 ,  3.99745964E-01 , -1.60984560E-01 ,             NaN ,             NaN
      19 ,       12 ,  3.47221135E-01 , -1.60995226E-01 ,             NaN ,             NaN
      20 ,       12 ,  2.96210863E-01 , -1.59516338E-01 ,             NaN ,             NaN
      21 ,       12 ,  2.47364414E-01 , -1.56564308E-01 ,             NaN ,             NaN
      22 ,       12 ,  2.01223459E-01 , -1.52228238E-01 ,             NaN ,             NaN
      23 ,       12 ,  1.58148675E-01 , -1.46605625E-01 ,             NaN ,             NaN
      24 ,       12 ,  1.18258287E-01 , -1.39714556E-01 ,             NaN ,             NaN
      25 ,       12 ,  8.14120613E-02 , -1.31395371E-01 ,             NaN ,             NaN
      26 ,       12 ,  4.72773436E-02 , -1.21208003E-01 ,             NaN ,             NaN
      27 ,       12 ,  1.55152218E-02 , -1.08321479E-01 ,             NaN ,             NaN
      28 ,       12 , -1.38506587E-02 , -9.14187955E-02 ,             NaN ,             NaN
      29 ,       12 , -3.97975557E-02 , -6.87896131E-02 ,             NaN ,             NaN
      30 ,       12 , -5.95489140E-02 , -3.91020856E-02 ,             NaN ,             NaN
      31 ,       12 , -6.88001465E-02 , -3.23097674E-03 ,             NaN ,             NaN
      32 ,       12 , -6.44582917E-02 ,  3.46059161E-02 ,             NaN ,             NaN
      33 ,       12 , -4.74297431E-02 ,  6.87707422E-02 ,             NaN ,             NaN
      34 ,       12 , -2.15919720E-02 ,  9.62254608E-02 ,             NaN ,             NaN
      35 ,       12 ,  9.41495714E-03 ,  1.16968000E-01 ,             NaN ,             NaN
      36 ,       12 ,  4.35227055E-02 ,  1.32326818E-01 ,             NaN ,             NaN
      37 ,       12 ,  7.99327696E-02 ,  1.43728437E-01 ,             NaN ,             NaN
      38 ,       12 ,  1.18507787E-01 ,  1.52290816E-01 ,             NaN ,             NaN
      39 ,       12 ,  1.59346896E-01 ,  1.58799493E-01 ,             NaN ,             NaN
      40 ,       12 ,  2.02556895E-01 ,  1.63778464E-01 ,             NaN ,             NaN
      41 ,       12 ,  2.48146980E-01 ,  1.67559064E-01 ,             NaN ,             NaN
      42 ,       12 ,  2.95993147E-01 ,  1.70330592E-01 ,             NaN ,             NaN
      43 ,       12 ,  3.45839032E-01 ,  1.72178256E-01 ,             NaN ,             NaN
      44 ,       12 ,  3.97312764E-01 ,  1.73115685E-01 ,             NaN ,             NaN
      45 ,       12 ,  4.49948387E-01 ,  1.73115975E-01 ,             NaN ,             NaN
      46 ,       12 ,  5.03207159E-01 ,  1.72141770E-01 ,             NaN ,             NaN
      47 ,       12 ,  5.56498272E-01 ,  1.70172314E-01 ,             NaN ,             NaN
      48 ,       12 ,  6.09200583E-01 ,  1.67223761E-01 ,             NaN ,             NaN
      49 ,       12 ,  6.60687793E-01 ,  1.63358347E-01 ,             NaN ,             NaN
      50 ,       12 ,  7.10360071E-01 ,  1.58678398E-01 ,             NaN ,             NaN
      51 ,       12 ,  7.57685146E-01 ,  1.53302699E-01 ,             NaN ,             NaN
      52 ,       12 ,  8.02250021E-01 ,  1.47325724E-01 ,             NaN ,             NaN
      53 ,       12 ,  8.43818044E-01 ,  1.40763689E-01 ,             NaN ,             NaN
      54 ,       12 ,  8.82374654E-01 ,  1.33492786E-01 ,             NaN ,             NaN
      55 ,       12 ,  9.18132862E-01 ,  1.25179751E-01 ,             NaN ,             NaN
      56 ,       12 ,  9.51459716E-01 ,  1.15191737E-01 ,             NaN ,             NaN
      57 ,       12 ,  9.82661568E-01 ,  1.02464237E-01 ,             NaN ,             NaN
      58 ,       12 ,  1.01149066E+00 ,  8.53605431E-02 ,             NaN ,             NaN
      59 ,       12 ,  1.03616062E+00 ,  6.18594555E-02 ,             NaN ,             NaN
      60 ,       12 ,  1.05222305E+00 ,  3.11454507E-02 ,             NaN ,             NaN
      61 ,       12 ,  1.05400734E+00 , -2.77470617E-03 ,             NaN ,             NaN
       1 ,       13 ,  1.06476508E+00 , -3.27026308E-03 ,             NaN ,             NaN
       2 ,       13 ,  1.05936102E+00 , -4.02904859E-02 ,             NaN ,             NaN
       3 ,       13 ,  1.03993356E+00 , -7.27355526E-02 ,             NaN ,             NaN
       4 ,       13 ,  1.01216930E+00 , -9.70147496E-02 ,             NaN ,             NaN
       5 ,       13 ,  9.80673627E-01 , -1.13993216E-01 ,             NaN ,             NaN
       6 ,       13 ,  9.47497930E-01 , -1.25850913E-01 ,             NaN ,             NaN
       7 ,       13 ,  9.13051131E-01 , -1.34459076E-01 ,             NaN ,             NaN
       8 ,       13 ,  8.77058654E-01 , -1.41109779E-01 ,             NaN ,             NaN
       9 ,       13 ,  8.39079561E-01 , -1.46649925E-01 ,             NaN ,             NaN
      10 ,       13 ,  7.98739382E-01 , -1.51626942E-01 ,             NaN ,             NaN
      11 ,       13 ,  7.55825569E-01 , -1.56374779E-01 ,             NaN ,             NaN
      12 ,       13 ,  7.10313886E-01 , -1.61055856E-01 ,             NaN ,             NaN
      13 ,       13 ,  6.62357687E-01 , -1.65684197E-01 ,             NaN ,             NaN
      14 ,       13 ,  6.12260746E-01 , -1.70147100E-01 ,             NaN ,             NaN
      15 ,       13 ,  5.60448073E-01 , -1.74233634E-01 ,             NaN ,             NaN
      16 ,       13 ,  5.07441702E-01 , -1.77671815E-01 ,             NaN ,             NaN
      17 ,       13 ,  4.53841391E-01 , -1.80172373E-01 ,             NaN ,             NaN
      18 ,       13 ,  4.00305448E-01 , -1.81474036E-01 ,             NaN ,             NaN
      19 ,       13 ,  3.47524899E-01 , -1.81382496E-01 ,             NaN ,             NaN
      20 ,       13 ,  2.96184572E-01 , -1.79793229E-01 ,             NaN ,             NaN
      21 ,       13 ,  2.46907613E-01 , -1.76688633E-01 ,             NaN ,             NaN
      22 ,       13 ,  2.00186560E-01 , -1.72103923E-01 ,             NaN ,             NaN
      23 ,       13 ,  1.56314693E-01 , -1.66063554E-01 ,             NaN ,             NaN
      24 ,       13 ,  1.15342652E-01 , -1.58496970E-01 ,             NaN ,             NaN
      25 ,       13 ,  7.70910339E-02 , -1.49143538E-01 ,             NaN ,             NaN
      26 ,       13 ,  4.12484310E-02 , -1.37450265E-01 ,             NaN ,             NaN
      27 ,       13 ,  7.58952017E-03 , -1.22465986E-01 ,             NaN ,             NaN
      28 ,       13 , -2.36284332E-02 , -1.02781956E-01 ,             NaN ,             NaN
      29 ,       13 , -5.10478945E-02 , -7.67248201E-02 ,             NaN ,             NaN
      30 ,       13 , -7.16235002E-02 , -4.32345080E-02 ,             NaN ,             NaN
      31 ,       13 , -8.10960361E-02 , -3.54984763E-03 ,             NaN ,             NaN
      32 ,       13 , -7.65588796E-02 ,  3.79675444E-02 ,             NaN ,             NaN
      33 ,       13 , -5.88681629E-02 ,  7.57789739E-02 ,             NaN ,             NaN
      34 ,       13 , -3.17638849E-02 ,  1.06654367E-01 ,             NaN ,             NaN
      35 ,       13 ,  9.70212725E-04 ,  1.30296185E-01 ,             NaN ,             NaN
      36 ,       13 ,  3.69567712E-02 ,  1.47917003E-01 ,             NaN ,             NaN
      37 ,       13 ,  7.51326938E-02 ,  1.60994253E-01 ,             NaN ,             NaN
      38 ,       13 ,  1.15208819E-01 ,  1.70758637E-01 ,             NaN ,             NaN
      39 ,       13 ,  1.57230400E-01 ,  1.78107393E-01 ,             NaN ,             NaN
      40 ,       13 ,  2.01316175E-01 ,  1.83655990E-01 ,             NaN ,             NaN
      41 ,       13 ,  2.47524271E-01 ,  1.87807048E-01 ,             NaN ,             NaN
      42 ,       13 ,  2.95793799E-01 ,  1.90805558E-01 ,             NaN ,             NaN
      43 ,       13 ,  3.45929514E-01 ,  1.92780696E-01 ,             NaN ,             NaN
      44 ,       13 ,  3.97609406E-01 ,  1.93780644E-01 ,             NaN ,             NaN
      45 ,       13 ,  4.50402982E-01 ,  1.93804859E-01 ,             NaN ,             NaN
      46 ,       13 ,  5.03793812E-01 ,  1.92834677E-01 ,             NaN ,             NaN
      47 ,       13 ,  5.57204247E-01 ,  1.90860160E-01 ,             NaN ,             NaN
      48 ,       13 ,  6.10023003E-01 ,  1.87899308E-01 ,             NaN ,             NaN
      49 ,       13 ,  6.61637720E-01 ,  1.84005113E-01 ,             NaN ,             NaN
      50 ,       13 ,  7.11474952E-01 ,  1.79256816E-01 ,             NaN ,             NaN
      51 ,       13 ,  7.59048783E-01 ,  1.73733914E-01 ,             NaN ,             NaN
      52 ,       13 ,  8.04015161E-01 ,  1.67474715E-01 ,             NaN ,             NaN
      53 ,       13 ,  8.46221461E-01 ,  1.60423830E-01 ,             NaN ,             NaN
      54 ,       13 ,  8.85731667E-01 ,  1.52371856E-01 ,             NaN ,             NaN
      55 ,       13 ,  9.22800453E-01 ,  1.42883475E-01 ,             NaN ,             NaN
      56 ,       13 ,  9.57760660E-01 ,  1.31200580E-01 ,             NaN ,             NaN
      57 ,       13 ,  9.90758962E-01 ,  1.16115279E-01 ,             NaN ,             NaN
      58 ,       13 ,  1.02121021E+00 ,  9.58986143E-02 ,             NaN ,             NaN
      59 ,       13 ,  1.04686785E+00 ,  6.86885298E-02 ,             NaN ,             NaN
      60 ,       13 ,  1.06310967E+00 ,  3.42130252E-02 ,             NaN ,             NaN
      61 ,       13 ,  1.06476508E+00 , -3.27026308E-03 ,             NaN ,             NaN
       1 ,       14 ,  1.07725695E+00 , -3.82344385E-03 ,             NaN ,             NaN
       2 ,       14 ,  1.07175697E+00 , -4.46092825E-02 ,             NaN ,             NaN
       3 ,       14 ,  1.05188973E+00 , -8.10105025E-02 ,             NaN ,             NaN
       4 ,       14 ,  1.02292720E+00 , -1.09191834E-01 ,             NaN ,             NaN
       5 ,       14 ,  9.89612628E-01 , -1.29513490E-01 ,             NaN ,             NaN
       6 ,       14 ,  9.54425745E-01 , -1.43972868E-01 ,             NaN ,             NaN
       7 ,       14 ,  9.18123224E-01 , -1.54514636E-01 ,             NaN ,             NaN
       8 ,       14 ,  8.80615246E-01 , -1.62570506E-01 ,             NaN ,             NaN
       9 ,       14 ,  8.41521226E-01 , -1.69107410E-01 ,             NaN ,             NaN
      10 ,       14 ,  8.00446859E-01 , -1.74760393E-01 ,             NaN ,             NaN
      11 ,       14 ,  7.57111288E-01 , -1.79929190E-01 ,             NaN ,             NaN
      12 ,       14 ,  7.11398962E-01 , -1.84831487E-01 ,             NaN ,             NaN
      13 ,       14 ,  6.63370446E-01 , -1.89531652E-01 ,             NaN ,             NaN
      14 ,       14 ,  6.13250582E-01 , -1.93962923E-01 ,             NaN ,             NaN
      15 ,       14 ,  5.61406606E-01 , -1.97954034E-01 ,             NaN ,             NaN
      16 ,       14 ,  5.08324027E-01 , -2.01264276E-01 ,             NaN ,             NaN
      17 ,       14 ,  4.54582479E-01 , -2.03625523E-01 ,             NaN ,             NaN
      18 ,       14 ,  4.00828831E-01 , -2.04785781E-01 ,             NaN ,             NaN
      19 ,       14 ,  3.47742086E-01 , -2.04545876E-01 ,             NaN ,             NaN
      20 ,       14 ,  2.95985029E-01 , -2.02779538E-01 ,             NaN ,             NaN
      21 ,       14 ,  2.46141820E-01 , -1.99428229E-01 ,             NaN ,             NaN
      22 ,       14 ,  1.98648811E-01 , -1.94466593E-01 ,             NaN ,             NaN
      23 ,       14 ,  1.53736050E-01 , -1.87840970E-01 ,             NaN ,             NaN
      24 ,       14 ,  1.11404463E-01 , -1.79388496E-01 ,             NaN ,             NaN
      25 ,       14 ,  7.14646604E-02 , -1.68744128E-01 ,             NaN ,             NaN
      26 ,       14 ,  3.36619169E-02 , -1.55239875E-01 ,             NaN ,             NaN
      27 ,       14 , -2.07936540E-03 , -1.37811214E-01 ,             NaN ,             NaN
      28 ,       14 , -3.52429900E-02 , -1.14985815E-01 ,             NaN ,             NaN
      29 ,       14 , -6.41461471E-02 , -8.51750334E-02 ,             NaN ,             NaN
      30 ,       14 , -8.55262015E-02 , -4.76158080E-02 ,             NaN ,             NaN
      31 ,       14 , -9.52053611E-02 , -3.88089848E-03 ,             NaN ,             NaN
      32 ,       14 , -9.04611049E-02 ,  4.15729562E-02 ,             NaN ,             NaN
      33 ,       14 , -7.21004682E-02 ,  8.32976573E-02 ,             NaN ,             NaN
      34 ,       14 , -4.37181531E-02 ,  1.17898551E-01 ,             NaN ,             NaN
      35 ,       14 , -9.19326091E-03 ,  1.44784298E-01 ,             NaN ,             NaN
      36 ,       14 ,  2.88153002E-02 ,  1.65013047E-01 ,             NaN ,             NaN
      37 ,       14 ,  6.89684590E-02 ,  1.80077658E-01 ,             NaN ,             NaN
      38 ,       14 ,  1.10795935E-01 ,  1.91306724E-01 ,             NaN ,             NaN
      39 ,       14 ,  1.54258552E-01 ,  1.99708791E-01 ,             NaN ,             NaN
      40 ,       14 ,  1.99461861E-01 ,  2.05995933E-01 ,             NaN ,             NaN
      41 ,       14 ,  2.46495696E-01 ,  2.10647995E-01 ,             NaN ,             NaN
      42 ,       14 ,  2.95353887E-01 ,  2.13971133E-01 ,             NaN ,             NaN
      43 ,       14 ,  3.45902000E-01 ,  2.16143598E-01 ,             NaN ,             NaN
      44 ,       14 ,  3.97873498E-01 ,  2.17252979E-01 ,             NaN ,             NaN
      45 ,       14 ,  4.50882331E-01 ,  2.17329336E-01 ,             NaN ,             NaN
      46 ,       14 ,  5.04444925E-01 ,  2.16375568E-01 ,             NaN ,             NaN
      47 ,       14 ,  5.58008313E-01 ,  2.14393268E-01 ,             NaN ,             NaN
      48 ,       14 ,  6.10983911E-01 ,  2.11400265E-01 ,             NaN ,             NaN
      49 ,       14 ,  6.62787851E-01 ,  2.07435609E-01 ,             NaN ,             NaN
      50 ,       14 ,  7.12888585E-01 ,  2.02548935E-01 ,             NaN ,             NaN
      51 ,       14 ,  7.60859950E-01 ,  1.96773720E-01 ,             NaN ,             NaN
      52 ,       14 ,  8.06432827E-01 ,  1.90086774E-01 ,             NaN ,             NaN
      53 ,       14 ,  8.49531868E-01 ,  1.82357486E-01 ,             NaN ,             NaN
      54 ,       14 ,  8.90278110E-01 ,  1.73287472E-01 ,             NaN ,             NaN
      55 ,       14 ,  9.28933884E-01 ,  1.62334785E-01 ,             NaN ,             NaN
      56 ,       14 ,  9.65755191E-01 ,  1.48613991E-01 ,             NaN ,             NaN
      57 ,       14 ,  1.00068431E+00 ,  1.30789000E-01 ,             NaN ,             NaN
      58 ,       14 ,  1.03277661E+00 ,  1.07091933E-01 ,             NaN ,             NaN
      59 ,       14 ,  1.05937619E+00 ,  7.58899398E-02 ,             NaN ,             NaN
      60 ,       14 ,  1.07577921E+00 ,  3.74314031E-02 ,             NaN ,             NaN
      61 ,       14 ,  1.07725695E+00 , -3.82344385E-03 ,             NaN ,             NaN
       1 ,       15 ,  1.09177698E+00 , -4.43843569E-03 ,             NaN ,             NaN
       2 ,       15 ,  1.08622824E+00 , -4.92296252E-02 ,             NaN ,             NaN
       3 ,       15 ,  1.06594358E+00 , -8.98355373E-02 ,             NaN ,             NaN
       4 ,       15 ,  1.03582500E+00 , -1.22217789E-01 ,             NaN ,             NaN
       5 ,       15 ,  1.00067884E+00 , -1.46258156E-01 ,             NaN ,             NaN
       6 ,       15 ,  9.63359360E-01 , -1.63713656E-01 ,             NaN ,             NaN
       7 ,       15 ,  9.24981076E-01 , -1.76547875E-01 ,             NaN ,             NaN
       8 ,       15 ,  8.85675042E-01 , -1.86313017E-01 ,             NaN ,             NaN
       9 ,       15 ,  8.45158191E-01 , -1.94098413E-01 ,             NaN ,             NaN
      10 ,       15 ,  8.03048643E-01 , -2.00634424E-01 ,             NaN ,             NaN
      11 ,       15 ,  7.59022958E-01 , -2.06392076E-01 ,             NaN ,             NaN
      12 ,       15 ,  7.12890820E-01 , -2.11646645E-01 ,             NaN ,             NaN
      13 ,       15 ,  6.64625449E-01 , -2.16513971E-01 ,             NaN ,             NaN
      14 ,       15 ,  6.14367946E-01 , -2.20975217E-01 ,             NaN ,             NaN
      15 ,       15 ,  5.62415943E-01 , -2.24902288E-01 ,             NaN ,             NaN
      16 ,       15 ,  5.09203142E-01 , -2.28089918E-01 ,             NaN ,             NaN
      17 ,       15 ,  4.55272657E-01 , -2.30294438E-01 ,             NaN ,             NaN
      18 ,       15 ,  4.01243261E-01 , -2.31274245E-01 ,             NaN ,             NaN
      19 ,       15 ,  3.47765405E-01 , -2.30823677E-01 ,             NaN ,             NaN
      20 ,       15 ,  2.95464781E-01 , -2.28790793E-01 ,             NaN ,             NaN
      21 ,       15 ,  2.44876112E-01 , -2.25071156E-01 ,             NaN ,             NaN
      22 ,       15 ,  1.96377987E-01 , -2.19574159E-01 ,             NaN ,             NaN
      23 ,       15 ,  1.50147617E-01 , -2.12164157E-01 ,             NaN ,             NaN
      24 ,       15 ,  1.06158162E-01 , -2.02582384E-01 ,             NaN ,             NaN
      25 ,       15 ,  6.42401412E-02 , -1.90355917E-01 ,             NaN ,             NaN
      26 ,       15 ,  2.42289680E-02 , -1.74701634E-01 ,             NaN ,             NaN
      27 ,       15 , -1.37698237E-02 , -1.54453311E-01 ,             NaN ,             NaN
      28 ,       15 , -4.89646292E-02 , -1.28107008E-01 ,             NaN ,             NaN
      29 ,       15 , -7.93657509E-02 , -9.42009950E-02 ,             NaN ,             NaN
      30 ,       15 , -1.01541678E-01 , -5.22816034E-02 ,             NaN ,             NaN
      31 ,       15 , -1.11420226E-01 , -4.22345881E-03 ,             NaN ,             NaN
      32 ,       15 , -1.06455829E-01 ,  4.54540517E-02 ,             NaN ,             NaN
      33 ,       15 , -8.74110455E-02 ,  9.13852530E-02 ,             NaN ,             NaN
      34 ,       15 , -5.77339785E-02 ,  1.30035150E-01 ,             NaN ,             NaN
      35 ,       15 , -2.13582955E-02 ,  1.60527459E-01 ,             NaN ,             NaN
      36 ,       15 ,  1.88076660E-02 ,  1.83735526E-01 ,             NaN ,             NaN
      37 ,       15 ,  6.11464641E-02 ,  2.01131535E-01 ,             NaN ,             NaN
      38 ,       15 ,  1.04982877E-01 ,  2.14122472E-01 ,             NaN ,             NaN
      39 ,       15 ,  1.50164457E-01 ,  2.23824290E-01 ,             NaN ,             NaN
      40 ,       15 ,  1.96757625E-01 ,  2.31049456E-01 ,             NaN ,             NaN
      41 ,       15 ,  2.44863915E-01 ,  2.36360799E-01 ,             NaN ,             NaN
      42 ,       15 ,  2.94519296E-01 ,  2.40130971E-01 ,             NaN ,             NaN
      43 ,       15 ,  3.45645503E-01 ,  2.42591782E-01 ,             NaN ,             NaN
      44 ,       15 ,  3.98034041E-01 ,  2.43874016E-01 ,             NaN ,             NaN
      45 ,       15 ,  4.51351444E-01 ,  2.44041327E-01 ,             NaN ,             NaN
      46 ,       15 ,  5.05158952E-01 ,  2.43119912E-01 ,             NaN ,             NaN
      47 ,       15 ,  5.58942806E-01 ,  2.41122757E-01 ,             NaN ,             NaN
      48 ,       15 ,  6.12153380E-01 ,  2.38065214E-01 ,             NaN ,             NaN
      49 ,       15 ,  6.64252160E-01 ,  2.33968230E-01 ,             NaN ,             NaN
      50 ,       15 ,  7.14764569E-01 ,  2.28846865E-01 ,             NaN ,             NaN
      51 ,       15 ,  7.63333521E-01 ,  2.22684071E-01 ,             NaN ,             NaN
      52 ,       15 ,  8.09763952E-01 ,  2.15391798E-01 ,             NaN ,             NaN
      53 ,       15 ,  8.54044120E-01 ,  2.06761316E-01 ,             NaN ,             NaN
      54 ,       15 ,  8.96326448E-01 ,  1.96401448E-01 ,             NaN ,             NaN
      55 ,       15 ,  9.36846330E-01 ,  1.83659457E-01 ,             NaN ,             NaN
      56 ,       15 ,  9.75743025E-01 ,  1.67524738E-01 ,             NaN ,             NaN
      57 ,       15 ,  1.01271791E+00 ,  1.46556465E-01 ,             NaN ,             NaN
      58 ,       15 ,  1.04646066E+00 ,  1.19003672E-01 ,             NaN ,             NaN
      59 ,       15 ,  1.07396445E+00 ,  8.35150665E-02 ,             NaN ,             NaN
      60 ,       15 ,  1.09051493E+00 ,  4.08256604E-02 ,             NaN ,             NaN
      61 ,       15 ,  1.09177698E+00 , -4.43843569E-03 ,             NaN ,             NaN
       1 ,       16 ,  1.10866020E+00 , -5.11873548E-03 ,             NaN ,             NaN
       2 ,       16 ,  1.10310340E+00 , -5.41844813E-02 ,             NaN ,             NaN
       3 ,       16 ,  1.08242136E+00 , -9.92712606E-02 ,             NaN ,             NaN
       4 ,       16 ,  1.05118305E+00 , -1.36169482E-01 ,             NaN ,             NaN
       5 ,       16 ,  1.01420009E+00 , -1.64315025E-01 ,             NaN ,             NaN
       6 ,       16 ,  9.74644057E-01 , -1.85182973E-01 ,             NaN ,             NaN
       7 ,       16 ,  9.33983878E-01 , -2.00701739E-01 ,             NaN ,             NaN
       8 ,       16 ,  8.92599343E-01 , -2.12517135E-01 ,             NaN ,             NaN
       9 ,       16 ,  8.50338814E-01 , -2.21837598E-01 ,             NaN ,             NaN
      10 ,       16 ,  8.06863951E-01 , -2.29495066E-01 ,             NaN ,             NaN
      11 ,       16 ,  7.61835296E-01 , -2.36038445E-01 ,             NaN ,             NaN
      12 ,       16 ,  7.15008046E-01 , -2.41804220E-01 ,             NaN ,             NaN
      13 ,       16 ,  6.66279588E-01 , -2.46960784E-01 ,             NaN ,             NaN
      14 ,       16 ,  6.15708685E-01 , -2.51537575E-01 ,             NaN ,             NaN
      15 ,       16 ,  5.63515556E-01 , -2.55450651E-01 ,             NaN ,             NaN
      16 ,       16 ,  5.10067627E-01 , -2.58532010E-01 ,             NaN ,             NaN
      17 ,       16 ,  4.55853229E-01 , -2.60564274E-01 ,             NaN ,             NaN
      18 ,       16 ,  4.01443474E-01 , -2.61317048E-01 ,             NaN ,             NaN
      19 ,       16 ,  3.47441733E-01 , -2.60577401E-01 ,             NaN ,             NaN
      20 ,       16 ,  2.94421971E-01 , -2.58165540E-01 ,             NaN ,             NaN
      21 ,       16 ,  2.42862261E-01 , -2.53928230E-01 ,             NaN ,             NaN
      22 ,       16 ,  1.93086658E-01 , -2.47706611E-01 ,             NaN ,             NaN
      23 ,       16 ,  1.45233981E-01 , -2.39279904E-01 ,             NaN ,             NaN
      24 ,       16 ,  9.92731843E-02 , -2.28289931E-01 ,             NaN ,             NaN
      25 ,       16 ,  5.50837381E-02 , -2.14153210E-01 ,             NaN ,             NaN
      26 ,       16 ,  1.26218929E-02 , -1.95974324E-01 ,             NaN ,             NaN
      27 ,       16 , -2.77995954E-02 , -1.72501679E-01 ,             NaN ,             NaN
      28 ,       16 , -6.51055727E-02 , -1.42233394E-01 ,             NaN ,             NaN
      29 ,       16 , -9.70237235E-02 , -1.03869900E-01 ,             NaN ,             NaN
      30 ,       16 , -1.19996933E-01 , -5.72695228E-02 ,             NaN ,             NaN
      31 ,       16 , -1.30073797E-01 , -4.57779765E-03 ,             NaN ,             NaN
      32 ,       16 , -1.24875985E-01 ,  4.96442613E-02 ,             NaN ,             NaN
      33 ,       16 , -1.05127631E-01 ,  1.00105317E-01 ,             NaN ,             NaN
      34 ,       16 , -7.41334287E-02 ,  1.43150767E-01 ,             NaN ,             NaN
      35 ,       16 , -3.58483433E-02 ,  1.77632841E-01 ,             NaN ,             NaN
      36 ,       16 ,  6.60383321E-03 ,  2.04217757E-01 ,             NaN ,             NaN
      37 ,       16 ,  5.13326221E-02 ,  2.24322280E-01 ,             NaN ,             NaN
      38 ,       16 ,  9.74400667E-02 ,  2.39408547E-01 ,             NaN ,             NaN
      39 ,       16 ,  1.44634280E-01 ,  2.50692108E-01 ,             NaN ,             NaN
      40 ,       16 ,  1.92916979E-01 ,  2.59087523E-01 ,             NaN ,             NaN
      41 ,       16 ,  2.42380106E-01 ,  2.65245745E-01 ,             NaN ,             NaN
      42 ,       16 ,  2.93086520E-01 ,  2.69611095E-01 ,             NaN ,             NaN
      43 ,       16 ,  3.45006064E-01 ,  2.72472968E-01 ,             NaN ,             NaN
      44 ,       16 ,  3.97987824E-01 ,  2.74008115E-01 ,             NaN ,             NaN
      45 ,       16 ,  4.51757444E-01 ,  2.74315422E-01 ,             NaN ,             NaN
      46 ,       16 ,  5.05933146E-01 ,  2.73444824E-01 ,             NaN ,             NaN
      47 ,       16 ,  5.60056416E-01 ,  2.71419794E-01 ,             NaN ,             NaN
      48 ,       16 ,  6.13634433E-01 ,  2.68251003E-01 ,             NaN ,             NaN
      49 ,       16 ,  6.66191003E-01 ,  2.63938280E-01 ,             NaN ,             NaN
      50 ,       16 ,  7.17321075E-01 ,  2.58459051E-01 ,             NaN ,             NaN
      51 ,       16 ,  7.66740922E-01 ,  2.51743235E-01 ,             NaN ,             NaN
      52 ,       16 ,  8.14322785E-01 ,  2.43635716E-01 ,             NaN ,             NaN
      53 ,       16 ,  8.60100499E-01 ,  2.33846767E-01 ,             NaN ,             NaN
      54 ,       16 ,  9.04230686E-01 ,  2.21888423E-01 ,             NaN ,             NaN
      55 ,       16 ,  9.46888326E-01 ,  2.06994714E-01 ,             NaN ,             NaN
      56 ,       16 ,  9.88060009E-01 ,  1.88037442E-01 ,             NaN ,             NaN
      57 ,       16 ,  1.02717895E+00 ,  1.63501430E-01 ,             NaN ,             NaN
      58 ,       16 ,  1.06257650E+00 ,  1.31706750E-01 ,             NaN ,             NaN
      59 ,       16 ,  1.09095517E+00 ,  9.16194928E-02 ,             NaN ,             NaN
      60 ,       16 ,  1.10764369E+00 ,  4.44230531E-02 ,             NaN ,             NaN
      61 ,       16 ,  1.10866020E+00 , -5.11873548E-03 ,             NaN ,             NaN
       1 ,       17 ,  1.12828910E+00 , -5.86706497E-03 ,             NaN ,             NaN
       2 ,       17 ,  1.12276063E+00 , -5.95081077E-02 ,             NaN ,             NaN
       3 ,       17 ,  1.10169887E+00 , -1.09381967E-01 ,             NaN ,             NaN
       4 ,       17 ,  1.06937059E+00 , -1.51132563E-01 ,             NaN ,             NaN
       5 ,       17 ,  1.03054871E+00 , -1.83784271E-01 ,             NaN ,             NaN
       6 ,       17 ,  9.88665694E-01 , -2.08502838E-01 ,             NaN ,             NaN
       7 ,       17 ,  9.45530542E-01 , -2.27131133E-01 ,             NaN ,             NaN
       8 ,       17 ,  9.01790921E-01 , -2.41376003E-01 ,             NaN ,             NaN
       9 ,       17 ,  8.57456486E-01 , -2.52555494E-01 ,             NaN ,             NaN
      10 ,       17 ,  8.12261734E-01 , -2.61606456E-01 ,             NaN ,             NaN
      11 ,       17 ,  7.65877131E-01 , -2.69162236E-01 ,             NaN ,             NaN
      12 ,       17 ,  7.18024873E-01 , -2.75625322E-01 ,             NaN ,             NaN
      13 ,       17 ,  6.68541576E-01 , -2.81218457E-01 ,             NaN ,             NaN
      14 ,       17 ,  6.17410109E-01 , -2.86019078E-01 ,             NaN ,             NaN
      15 ,       17 ,  5.64770225E-01 , -2.89986536E-01 ,             NaN ,             NaN
      16 ,       17 ,  5.10911590E-01 , -2.92989626E-01 ,             NaN ,             NaN
      17 ,       17 ,  4.56250459E-01 , -2.94837329E-01 ,             NaN ,             NaN
      18 ,       17 ,  4.01290633E-01 , -2.95310623E-01 ,             NaN ,             NaN
      19 ,       17 ,  3.46570237E-01 , -2.94189117E-01 ,             NaN ,             NaN
      20 ,       17 ,  2.92598749E-01 , -2.91264430E-01 ,             NaN ,             NaN
      21 ,       17 ,  2.39793593E-01 , -2.86333281E-01 ,             NaN ,             NaN
      22 ,       17 ,  1.88430753E-01 , -2.79166721E-01 ,             NaN ,             NaN
      23 ,       17 ,  1.38626842E-01 , -2.69456249E-01 ,             NaN ,             NaN
      24 ,       17 ,  9.03698377E-02 , -2.56741323E-01 ,             NaN ,             NaN
      25 ,       17 ,  4.36152812E-02 , -2.40327000E-01 ,             NaN ,             NaN
      26 ,       17 , -1.53244042E-03 , -2.19212098E-01 ,             NaN ,             NaN
      27 ,       17 , -4.45330034E-02 , -1.92080001E-01 ,             NaN ,             NaN
      28 ,       17 , -8.40269980E-02 , -1.57464329E-01 ,             NaN ,             NaN
      29 ,       17 , -1.17487072E-01 , -1.14255641E-01 ,             NaN ,             NaN
      30 ,       17 , -1.41267849E-01 , -6.26199032E-02 ,             NaN ,             NaN
      31 ,       17 , -1.51547166E-01 , -4.94528182E-03 ,             NaN ,             NaN
      32 ,       17 , -1.46103029E-01 ,  5.41785991E-02 ,             NaN ,             NaN
      33 ,       17 , -1.25627438E-01 ,  1.09526578E-01 ,             NaN ,             NaN
      34 ,       17 , -9.32877503E-02 ,  1.57341665E-01 ,             NaN ,             NaN
      35 ,       17 , -5.30339120E-02 ,  1.96220577E-01 ,             NaN ,             NaN
      36 ,       17 , -8.17144421E-03 ,  2.26607363E-01 ,             NaN ,             NaN
      37 ,       17 ,  3.91476806E-02 ,  2.49831447E-01 ,             NaN ,             NaN
      38 ,       17 ,  8.77911600E-02 ,  2.67384311E-01 ,             NaN ,             NaN
      39 ,       17 ,  1.37304983E-01 ,  2.80569293E-01 ,             NaN ,             NaN
      40 ,       17 ,  1.87601921E-01 ,  2.90401945E-01 ,             NaN ,             NaN
      41 ,       17 ,  2.38743003E-01 ,  2.97625214E-01 ,             NaN ,             NaN
      42 ,       17 ,  2.90801575E-01 ,  3.02759854E-01 ,             NaN ,             NaN
      43 ,       17 ,  3.43785454E-01 ,  3.06156517E-01 ,             NaN ,             NaN
      44 ,       17 ,  3.97598369E-01 ,  3.08039993E-01 ,             NaN ,             NaN
      45 ,       17 ,  4.52029526E-01 ,  3.08545008E-01 ,             NaN ,             NaN
      46 ,       17 ,  5.06765016E-01 ,  3.07744704E-01 ,             NaN ,             NaN
      47 ,       17 ,  5.61416906E-01 ,  3.05671696E-01 ,             NaN ,             NaN
      48 ,       17 ,  6.15565991E-01 ,  3.02330202E-01 ,             NaN ,             NaN
      49 ,       17 ,  6.68813013E-01 ,  2.97697169E-01 ,             NaN ,             NaN
      50 ,       17 ,  7.20831016E-01 ,  2.91710959E-01 ,             NaN ,             NaN
      51 ,       17 ,  7.71409090E-01 ,  2.84247191E-01 ,             NaN ,             NaN
      52 ,       17 ,  8.20476018E-01 ,  2.75081873E-01 ,             NaN ,             NaN
      53 ,       17 ,  8.68091290E-01 ,  2.63841254E-01 ,             NaN ,             NaN
      54 ,       17 ,  9.14388912E-01 ,  2.49937171E-01 ,             NaN ,             NaN
      55 ,       17 ,  9.59452232E-01 ,  2.32491018E-01 ,             NaN ,             NaN
      56 ,       17 ,  1.00308428E+00 ,  2.10270477E-01 ,             NaN ,             NaN
      57 ,       17 ,  1.04443248E+00 ,  1.81721291E-01 ,             NaN ,             NaN
      58 ,       17 ,  1.08148793E+00 ,  1.45283949E-01 ,             NaN ,             NaN
      59 ,       17 ,  1.11072069E+00 ,  1.00263675E-01 ,             NaN ,             NaN
      60 ,       17 ,  1.12754194E+00 ,  4.82533846E-02 ,             NaN ,             NaN
      61 ,       17 ,  1.12828910E+00 , -5.86706497E-03 ,             NaN ,             NaN
       1 ,       18 ,  1.15110089E+00 , -6.68533668E-03 ,             NaN ,             NaN
       2 ,       18 ,  1.14563429E+00 , -6.52363859E-02 ,             NaN ,             NaN
       3 ,       18 ,  1.12420784E+00 , -1.20236389E-01 ,             NaN ,             NaN
       4 ,       18 ,  1.09081204E+00 , -1.67201957E-01 ,             NaN ,             NaN
       5 ,       18 ,  1.05014826E+00 , -2.04779629E-01 ,             NaN ,             NaN
       6 ,       18 ,  1.00585661E+00 , -2.33809885E-01 ,             NaN ,             NaN
       7 ,       18 ,  9.60063892E-01 , -2.56005408E-01 ,             NaN ,             NaN
       8 ,       18 ,  9.13696139E-01 , -2.73098128E-01 ,             NaN ,             NaN
       9 ,       18 ,  8.66949386E-01 , -2.86500191E-01 ,             NaN ,             NaN
      10 ,       18 ,  8.19657957E-01 , -2.97252628E-01 ,             NaN ,             NaN
      11 ,       18 ,  7.71526780E-01 , -3.06078508E-01 ,             NaN ,             NaN
      12 ,       18 ,  7.22266097E-01 , -3.13451647E-01 ,             NaN ,             NaN
      13 ,       18 ,  6.71668074E-01 , -3.19651919E-01 ,             NaN ,             NaN
      14 ,       18 ,  6.19649356E-01 , -3.24804792E-01 ,             NaN ,             NaN
      15 ,       18 ,  5.66270631E-01 , -3.28911287E-01 ,             NaN ,             NaN
      16 ,       18 ,  5.11736811E-01 , -3.31875008E-01 ,             NaN ,             NaN
      17 ,       18 ,  4.56378548E-01 , -3.33529810E-01 ,             NaN ,             NaN
      18 ,       18 ,  4.00615780E-01 , -3.33667299E-01 ,             NaN ,             NaN
      19 ,       18 ,  3.44906158E-01 , -3.32059407E-01 ,             NaN ,             NaN
      20 ,       18 ,  2.89684977E-01 , -3.28469093E-01 ,             NaN ,             NaN
      21 ,       18 ,  2.35307778E-01 , -3.22642640E-01 ,             NaN ,             NaN
      22 ,       18 ,  1.82010518E-01 , -3.14279859E-01 ,             NaN ,             NaN
      23 ,       18 ,  1.29903619E-01 , -3.02982563E-01 ,             NaN ,             NaN
      24 ,       18 ,  7.90156744E-02 , -2.88186159E-01 ,             NaN ,             NaN
      25 ,       18 ,  2.94027171E-02 , -2.69086031E-01 ,             NaN ,             NaN
      26 ,       18 , -1.86594443E-02 , -2.44585758E-01 ,             NaN ,             NaN
      27 ,       18 , -6.43885520E-02 , -2.13327125E-01 ,             NaN ,             NaN
      28 ,       18 , -1.06146561E-01 , -1.73911022E-01 ,             NaN ,             NaN
      29 ,       18 , -1.41179983E-01 , -1.25439216E-01 ,             NaN ,             NaN
      30 ,       18 , -1.65786567E-01 , -6.83764054E-02 ,             NaN ,             NaN
      31 ,       18 , -1.76276945E-01 , -5.32845239E-03 ,             NaN ,             NaN
      32 ,       18 , -1.70574197E-01 ,  5.90938562E-02 ,             NaN ,             NaN
      33 ,       18 , -1.49344036E-01 ,  1.19723218E-01 ,             NaN ,             NaN
      34 ,       18 , -1.15624212E-01 ,  1.72714133E-01 ,             NaN ,             NaN
      35 ,       18 , -7.33393826E-02 ,  2.16424686E-01 ,             NaN ,             NaN
      36 ,       18 , -2.59447386E-02 ,  2.51067852E-01 ,             NaN ,             NaN
      37 ,       18 ,  2.41624570E-02 ,  2.77857503E-01 ,             NaN ,             NaN
      38 ,       18 ,  7.56099635E-02 ,  2.98287301E-01 ,             NaN ,             NaN
      39 ,       18 ,  1.27763091E-01 ,  3.13732824E-01 ,             NaN ,             NaN
      40 ,       18 ,  1.80423561E-01 ,  3.25306165E-01 ,             NaN ,             NaN
      41 ,       18 ,  2.33601100E-01 ,  3.33844184E-01 ,             NaN ,             NaN
      42 ,       18 ,  2.87363196E-01 ,  3.39947992E-01 ,             NaN ,             NaN
      43 ,       18 ,  3.41744647E-01 ,  3.44032861E-01 ,             NaN ,             NaN
      44 ,       18 ,  3.96699172E-01 ,  3.46373400E-01 ,             NaN ,             NaN
      45 ,       18 ,  4.52081620E-01 ,  3.47140394E-01 ,             NaN ,             NaN
      46 ,       18 ,  5.07654120E-01 ,  3.46429328E-01 ,             NaN ,             NaN
      47 ,       18 ,  5.63111561E-01 ,  3.44280643E-01 ,             NaN ,             NaN
      48 ,       18 ,  6.18121486E-01 ,  3.40690880E-01 ,             NaN ,             NaN
      49 ,       18 ,  6.72371806E-01 ,  3.35613272E-01 ,             NaN ,             NaN
      50 ,       18 ,  7.25617562E-01 ,  3.28946547E-01 ,             NaN ,             NaN
      51 ,       18 ,  7.77716221E-01 ,  3.20511155E-01 ,             NaN ,             NaN
      52 ,       18 ,  8.28640199E-01 ,  3.10012339E-01 ,             NaN ,             NaN
      53 ,       18 ,  8.78454633E-01 ,  2.96989423E-01 ,             NaN ,             NaN
      54 ,       18 ,  9.27245634E-01 ,  2.80752235E-01 ,             NaN ,             NaN
      55 ,       18 ,  9.74976816E-01 ,  2.60314175E-01 ,             NaN ,             NaN
      56 ,       18 ,  1.02124263E+00 ,  2.34357935E-01 ,             NaN ,             NaN
      57 ,       18 ,  1.06489652E+00 ,  2.01328071E-01 ,             NaN ,             NaN
      58 ,       18 ,  1.10361513E+00 ,  1.59828367E-01 ,             NaN ,             NaN
      59 ,       18 ,  1.13368987E+00 ,  1.09513730E-01 ,             NaN ,             NaN
      60 ,       18 ,  1.15064257E+00 ,  5.23494346E-02 ,             NaN ,             NaN
      61 ,       18 ,  1.15110089E+00 , -6.68533668E-03 ,             NaN ,             NaN
       1 ,       19 ,  1.17759532E+00 , -7.57468305E-03 ,             NaN ,             NaN
       2 ,       19 ,  1.17222227E+00 , -7.14073692E-02 ,             NaN ,             NaN
       3 ,       19 ,  1.15044296E+00 , -1.31908752E-01 ,             NaN ,             NaN
       4 ,       19 ,  1.11599372E+00 , -1.84482900E-01 ,             NaN ,             NaN
       5 ,       19 ,  1.07348011E+00 , -2.27429980E-01 ,             NaN ,             NaN
       6 ,       19 ,  1.02670151E+00 , -2.61258029E-01 ,             NaN ,             NaN
       7 ,       19 ,  9.78074708E-01 , -2.87511551E-01 ,             NaN ,             NaN
       8 ,       19 ,  9.28806659E-01 , -3.07910342E-01 ,             NaN ,             NaN
       9 ,       19 ,  8.79299511E-01 , -3.23939917E-01 ,             NaN ,             NaN
      10 ,       19 ,  8.29511632E-01 , -3.36740057E-01 ,             NaN ,             NaN
      11 ,       19 ,  7.79205227E-01 , -3.47126426E-01 ,             NaN ,             NaN
      12 ,       19 ,  7.28098396E-01 , -3.55649166E-01 ,             NaN ,             NaN
      13 ,       19 ,  6.75954992E-01 , -3.62648839E-01 ,             NaN ,             NaN
      14 ,       19 ,  6.22636712E-01 , -3.68299867E-01 ,             NaN ,             NaN
      15 ,       19 ,  5.68130159E-01 , -3.72643603E-01 ,             NaN ,             NaN
      16 ,       19 ,  5.12553570E-01 , -3.75615994E-01 ,             NaN ,             NaN
      17 ,       19 ,  4.56144188E-01 , -3.77073320E-01 ,             NaN ,             NaN
      18 ,       19 ,  3.99227175E-01 , -3.76816104E-01 ,             NaN ,             NaN
      19 ,       19 ,  3.42169548E-01 , -3.74607760E-01 ,             NaN ,             NaN
      20 ,       19 ,  2.85326715E-01 , -3.70182260E-01 ,             NaN ,             NaN
      21 ,       19 ,  2.28993478E-01 , -3.63235074E-01 ,             NaN ,             NaN
      22 ,       19 ,  1.73374249E-01 , -3.53393909E-01 ,             NaN ,             NaN
      23 ,       19 ,  1.18588010E-01 , -3.40169756E-01 ,             NaN ,             NaN
      24 ,       19 ,  6.47231564E-02 , -3.22894206E-01 ,             NaN ,             NaN
      25 ,       19 ,  1.19573801E-02 , -3.00658073E-01 ,             NaN ,             NaN
      26 ,       19 , -3.92433659E-02 , -2.72284135E-01 ,             NaN ,             NaN
      27 ,       19 , -8.78465330E-02 , -2.36398032E-01 ,             NaN ,             NaN
      28 ,       19 , -1.31946243E-01 , -1.91697074E-01 ,             NaN ,             NaN
      29 ,       19 , -1.68591700E-01 , -1.37509300E-01 ,             NaN ,             NaN
      30 ,       19 , -1.94049661E-01 , -7.45865736E-02 ,             NaN ,             NaN
      31 ,       19 , -2.04763614E-01 , -5.73101406E-03 ,             NaN ,             NaN
      32 ,       19 , -1.98790547E-01 ,  6.44289742E-02 ,             NaN ,             NaN
      33 ,       19 , -1.76774936E-01 ,  1.30775455E-01 ,             NaN ,             NaN
      34 ,       19 , -1.41633368E-01 ,  1.89385186E-01 ,             NaN ,             NaN
      35 ,       19 , -9.72499583E-02 ,  2.38394234E-01 ,             NaN ,             NaN
      36 ,       19 , -4.71999789E-02 ,  2.77780435E-01 ,             NaN ,             NaN
      37 ,       19 ,  5.89347613E-03 ,  3.08617952E-01 ,             NaN ,             NaN
      38 ,       19 ,  6.04182386E-02 ,  3.32375199E-01 ,             NaN ,             NaN
      39 ,       19 ,  1.15544955E-01 ,  3.50481227E-01 ,             NaN ,             NaN
      40 ,       19 ,  1.70944987E-01 ,  3.64136620E-01 ,             NaN ,             NaN
      41 ,       19 ,  2.26557937E-01 ,  3.74271525E-01 ,             NaN ,             NaN
      42 ,       19 ,  2.82429872E-01 ,  3.81570066E-01 ,             NaN ,             NaN
      43 ,       19 ,  3.38611487E-01 ,  3.86515131E-01 ,             NaN ,             NaN
      44 ,       19 ,  3.95100589E-01 ,  3.89433028E-01 ,             NaN ,             NaN
      45 ,       19 ,  4.51817178E-01 ,  3.90531078E-01 ,             NaN ,             NaN
      46 ,       19 ,  5.08603715E-01 ,  3.89926587E-01 ,             NaN ,             NaN
      47 ,       19 ,  5.65245221E-01 ,  3.87666936E-01 ,             NaN ,             NaN
      48 ,       19 ,  6.21503529E-01 ,  3.83740246E-01 ,             NaN ,             NaN
      49 ,       19 ,  6.77158374E-01 ,  3.78075574E-01 ,             NaN ,             NaN
      50 ,       19 ,  7.32046029E-01 ,  3.70531519E-01 ,             NaN ,             NaN
      51 ,       19 ,  7.86084976E-01 ,  3.60872229E-01 ,             NaN ,             NaN
      52 ,       19 ,  8.39277517E-01 ,  3.48730098E-01 ,             NaN ,             NaN
      53 ,       19 ,  8.91675312E-01 ,  3.33555329E-01 ,             NaN ,             NaN
      54 ,       19 ,  9.43293464E-01 ,  3.14556451E-01 ,             NaN ,             NaN
      55 ,       19 ,  9.93951499E-01 ,  2.90648100E-01 ,             NaN ,             NaN
      56 ,       19 ,  1.04301675E+00 ,  2.60451928E-01 ,             NaN ,             NaN
      57 ,       19 ,  1.08904909E+00 ,  2.22449746E-01 ,             NaN ,             NaN
      58 ,       19 ,  1.12944163E+00 ,  1.75444315E-01 ,             NaN ,             NaN
      59 ,       19 ,  1.16035535E+00 ,  1.19442411E-01 ,             NaN ,             NaN
      60 ,       19 ,  1.17744236E+00 ,  5.67474706E-02 ,             NaN ,             NaN
      61 ,       19 ,  1.17759532E+00 , -7.57468305E-03 ,             NaN ,             NaN
       1 ,       20 ,  1.20834322E+00 , -8.53555752E-03 ,             NaN ,             NaN
       2 ,       20 ,  1.20309388E+00 , -7.80621093E-02 ,             NaN ,             NaN
       3 ,       20 ,  1.18096935E+00 , -1.44480275E-01 ,             NaN ,             NaN
       4 ,       20 ,  1.14547070E+00 , -2.03092725E-01 ,             NaN ,             NaN
       5 ,       20 ,  1.10109011E+00 , -2.51881712E-01 ,             NaN ,             NaN
       6 ,       20 ,  1.05174304E+00 , -2.91021970E-01 ,             NaN ,             NaN
       7 ,       20 ,  1.00010542E+00 , -3.21858536E-01 ,             NaN ,             NaN
       8 ,       20 ,  9.47660601E-01 , -3.46062352E-01 ,             NaN ,             NaN
       9 ,       20 ,  8.95030986E-01 , -3.65167475E-01 ,             NaN ,             NaN
      10 ,       20 ,  8.42320043E-01 , -3.80402213E-01 ,             NaN ,             NaN
      11 ,       20 ,  7.89368244E-01 , -3.92674459E-01 ,             NaN ,             NaN
      12 ,       20 ,  7.35920032E-01 , -4.02614460E-01 ,             NaN ,             NaN
      13 ,       20 ,  6.81726376E-01 , -4.10627329E-01 ,             NaN ,             NaN
      14 ,       20 ,  6.26605958E-01 , -4.16938366E-01 ,             NaN ,             NaN
      15 ,       20 ,  5.70478994E-01 , -4.21628862E-01 ,             NaN ,             NaN
      16 ,       20 ,  5.13379966E-01 , -4.24665040E-01 ,             NaN ,             NaN
      17 ,       20 ,  4.55451295E-01 , -4.25922889E-01 ,             NaN ,             NaN
      18 ,       20 ,  3.96919369E-01 , -4.25209372E-01 ,             NaN ,             NaN
      19 ,       20 ,  3.38056664E-01 , -4.22277571E-01 ,             NaN ,             NaN
      20 ,       20 ,  2.79137589E-01 , -4.16831260E-01 ,             NaN ,             NaN
      21 ,       20 ,  2.20399697E-01 , -4.08514153E-01 ,             NaN ,             NaN
      22 ,       20 ,  1.62024464E-01 , -3.96881025E-01 ,             NaN ,             NaN
      23 ,       20 ,  1.04152644E-01 , -3.81351957E-01 ,             NaN ,             NaN
      24 ,       20 ,  4.69490029E-02 , -3.61157341E-01 ,             NaN ,             NaN
      25 ,       20 , -9.26954558E-03 , -3.35292082E-01 ,             NaN ,             NaN
      26 ,       20 , -6.38331054E-02 , -3.02516066E-01 ,             NaN ,             NaN
      27 ,       20 , -1.15456288E-01 , -2.61465263E-01 ,             NaN ,             NaN
      28 ,       20 , -1.61980289E-01 , -2.10959471E-01 ,             NaN ,             NaN
      29 ,       20 , -2.00284901E-01 , -1.50563104E-01 ,             NaN ,             NaN
      30 ,       20 , -2.26626990E-01 , -8.13024086E-02 ,             NaN ,             NaN
      31 ,       20 , -2.37580555E-01 , -6.15773331E-03 ,             NaN ,             NaN
      32 ,       20 , -2.31325691E-01 ,  7.02256707E-02 ,             NaN ,             NaN
      33 ,       20 , -2.08489739E-01 ,  1.42770546E-01 ,             NaN ,             NaN
      34 ,       20 , -1.71876581E-01 ,  2.07483843E-01 ,             NaN ,             NaN
      35 ,       20 , -1.25318503E-01 ,  2.62295116E-01 ,             NaN ,             NaN
      36 ,       20 , -7.24840637E-02 ,  3.06946534E-01 ,             NaN ,             NaN
      37 ,       20 , -1.62006544E-02 ,  3.42352393E-01 ,             NaN ,             NaN
      38 ,       20 ,  4.16846314E-02 ,  3.69929052E-01 ,             NaN ,             NaN
      39 ,       20 ,  1.00138543E-01 ,  3.91137747E-01 ,             NaN ,             NaN
      40 ,       20 ,  1.58685989E-01 ,  4.07255977E-01 ,             NaN ,             NaN
      41 ,       20 ,  2.17179520E-01 ,  4.19303648E-01 ,             NaN ,             NaN
      42 ,       20 ,  2.75629184E-01 ,  4.28048909E-01 ,             NaN ,             NaN
      43 ,       20 ,  3.34090560E-01 ,  4.34044755E-01 ,             NaN ,             NaN
      44 ,       20 ,  3.92598445E-01 ,  4.37671362E-01 ,             NaN ,             NaN
      45 ,       20 ,  4.51134683E-01 ,  4.39173751E-01 ,             NaN ,             NaN
      46 ,       20 ,  5.09621867E-01 ,  4.38691296E-01 ,             NaN ,             NaN
      47 ,       20 ,  5.67936639E-01 ,  4.36278058E-01 ,             NaN ,             NaN
      48 ,       20 ,  6.25936325E-01 ,  4.31913304E-01 ,             NaN ,             NaN
      49 ,       20 ,  6.83491316E-01 ,  4.25501353E-01 ,             NaN ,             NaN
      50 ,       20 ,  7.40514059E-01 ,  4.16859713E-01 ,             NaN ,             NaN
      51 ,       20 ,  7.96974435E-01 ,  4.05694589E-01 ,             NaN ,             NaN
      52 ,       20 ,  8.52890569E-01 ,  3.91563477E-01 ,             NaN ,             NaN
      53 ,       20 ,  9.08282662E-01 ,  3.73826620E-01 ,             NaN ,             NaN
      54 ,       20 ,  9.63074079E-01 ,  3.51595159E-01 ,             NaN ,             NaN
      55 ,       20 ,  1.01692010E+00 ,  3.23698789E-01 ,             NaN ,             NaN
      56 ,       20 ,  1.06894902E+00 ,  2.88725714E-01 ,             NaN ,             NaN
      57 ,       20 ,  1.11743509E+00 ,  2.45232290E-01 ,             NaN ,             NaN
      58 ,       20 ,  1.15952156E+00 ,  1.92248874E-01 ,             NaN ,             NaN
      59 ,       20 ,  1.19128142E+00 ,  1.30130406E-01 ,             NaN ,             NaN
      60 ,       20 ,  1.20851013E+00 ,  6.14878931E-02 ,             NaN ,             NaN
      61 ,       20 ,  1.20834322E+00 , -8.53555752E-03 ,             NaN ,             NaN
       1 ,       21 ,  1.24399537E+00 , -9.56790971E-03 ,             NaN ,             NaN
       2 ,       21 ,  1.23889836E+00 , -8.52458399E-02 ,             NaN ,             NaN
       3 ,       21 ,  1.21643050E+00 , -1.58041296E-01 ,             NaN ,             NaN
       4 ,       21 ,  1.17987399E+00 , -2.23163629E-01 ,             NaN ,             NaN
       5 ,       21 ,  1.13359499E+00 , -2.78302266E-01 ,             NaN ,             NaN
       6 ,       21 ,  1.08158726E+00 , -3.23302047E-01 ,             NaN ,             NaN
       7 ,       21 ,  1.02675361E+00 , -3.59283459E-01 ,             NaN ,             NaN
       8 ,       21 ,  9.70843551E-01 , -3.87833653E-01 ,             NaN ,             NaN
       9 ,       21 ,  9.14708356E-01 , -4.10507577E-01 ,             NaN ,             NaN
      10 ,       21 ,  8.58614235E-01 , -4.28607379E-01 ,             NaN ,             NaN
      11 ,       21 ,  8.02499157E-01 , -4.43129128E-01 ,             NaN ,             NaN
      12 ,       21 ,  7.46151365E-01 , -4.54784969E-01 ,             NaN ,             NaN
      13 ,       21 ,  6.89323863E-01 , -4.64048068E-01 ,             NaN ,             NaN
      14 ,       21 ,  6.31804698E-01 , -4.71197245E-01 ,             NaN ,             NaN
      15 ,       21 ,  5.73457494E-01 , -4.76354427E-01 ,             NaN ,             NaN
      16 ,       21 ,  5.14240059E-01 , -4.79514906E-01 ,             NaN ,             NaN
      17 ,       21 ,  4.54204521E-01 , -4.80571932E-01 ,             NaN ,             NaN
      18 ,       21 ,  3.93481292E-01 , -4.79336014E-01 ,             NaN ,             NaN
      19 ,       21 ,  3.32250776E-01 , -4.75547183E-01 ,             NaN ,             NaN
      20 ,       21 ,  2.70710084E-01 , -4.68876764E-01 ,             NaN ,             NaN
      21 ,       21 ,  2.09045639E-01 , -4.58915045E-01 ,             NaN ,             NaN
      22 ,       21 ,  1.47425099E-01 , -4.45143096E-01 ,             NaN ,             NaN
      23 ,       21 ,  8.60230695E-02 , -4.26891248E-01 ,             NaN ,             NaN
      24 ,       21 ,  2.50948828E-02 , -4.03293908E-01 ,             NaN ,             NaN
      25 ,       21 , -3.48894129E-02 , -3.73262148E-01 ,             NaN ,             NaN
      26 ,       21 , -9.30471654E-02 , -3.35513656E-01 ,             NaN ,             NaN
      27 ,       21 , -1.47842950E-01 , -2.88721342E-01 ,             NaN ,             NaN
      28 ,       21 , -1.96883066E-01 , -2.31850339E-01 ,             NaN ,             NaN
      29 ,       21 , -2.36904402E-01 , -1.64707685E-01 ,             NaN ,             NaN
      30 ,       21 , -2.64171044E-01 , -8.85810708E-02 ,             NaN ,             NaN
      31 ,       21 , -2.75383625E-01 , -6.61425048E-03 ,             NaN ,             NaN
      32 ,       21 , -2.68835078E-01 ,  7.65294066E-02 ,             NaN ,             NaN
      33 ,       21 , -2.45138710E-01 ,  1.55804419E-01 ,             NaN ,             NaN
      34 ,       21 , -2.06993686E-01 ,  2.27153283E-01 ,             NaN ,             NaN
      35 ,       21 , -1.58172157E-01 ,  2.88312890E-01 ,             NaN ,             NaN
      36 ,       21 , -1.02411979E-01 ,  3.38791572E-01 ,             NaN ,             NaN
      37 ,       21 , -4.27221933E-02 ,  3.79327244E-01 ,             NaN ,             NaN
      38 ,       21 ,  1.88244048E-02 ,  4.11258672E-01 ,             NaN ,             NaN
      39 ,       21 ,  8.09860393E-02 ,  4.36056275E-01 ,             NaN ,             NaN
      40 ,       21 ,  1.43128429E-01 ,  4.55059691E-01 ,             NaN ,             NaN
      41 ,       21 ,  2.05002035E-01 ,  4.69372061E-01 ,             NaN ,             NaN
      42 ,       21 ,  2.66567035E-01 ,  4.79844624E-01 ,             NaN ,             NaN
      43 ,       21 ,  3.27872591E-01 ,  4.87102232E-01 ,             NaN ,             NaN
      44 ,       21 ,  3.88981895E-01 ,  4.91581295E-01 ,             NaN ,             NaN
      45 ,       21 ,  4.49932323E-01 ,  4.93566431E-01 ,             NaN ,             NaN
      46 ,       21 ,  5.10721826E-01 ,  4.93220171E-01 ,             NaN ,             NaN
      47 ,       21 ,  5.71314451E-01 ,  4.90603592E-01 ,             NaN ,             NaN
      48 ,       21 ,  6.31658201E-01 ,  4.85686821E-01 ,             NaN ,             NaN
      49 ,       21 ,  6.91707659E-01 ,  4.78348557E-01 ,             NaN ,             NaN
      50 ,       21 ,  7.51442586E-01 ,  4.68363689E-01 ,             NaN ,             NaN
      51 ,       21 ,  8.10872653E-01 ,  4.55378495E-01 ,             NaN ,             NaN
      52 ,       21 ,  8.70017360E-01 ,  4.38874049E-01 ,             NaN ,             NaN
      53 ,       21 ,  9.28848378E-01 ,  4.18121765E-01 ,             NaN ,             NaN
      54 ,       21 ,  9.87178934E-01 ,  3.92142873E-01 ,             NaN ,             NaN
      55 ,       21 ,  1.04448422E+00 ,  3.59700122E-01 ,             NaN ,             NaN
      56 ,       21 ,  1.09964798E+00 ,  3.19378183E-01 ,             NaN ,             NaN
      57 ,       21 ,  1.15067285E+00 ,  2.69842880E-01 ,             NaN ,             NaN
      58 ,       21 ,  1.19448702E+00 ,  2.10374334E-01 ,             NaN ,             NaN
      59 ,       21 ,  1.22711211E+00 ,  1.41668132E-01 ,             NaN ,             NaN
      60 ,       21 ,  1.24449525E+00 ,  6.66160910E-02 ,             NaN ,             NaN
      61 ,       21 ,  1.24399537E+00 , -9.56790971E-03 ,             NaN ,             NaN
       1 ,       22 ,  1.28529188E+00 , -1.06714292E-02 ,             NaN ,             NaN
       2 ,       22 ,  1.28037378E+00 , -9.30095861E-02 ,             NaN ,             NaN
       3 ,       22 ,  1.25755667E+00 , -1.72694182E-01 ,             NaN ,             NaN
       4 ,       22 ,  1.21991796E+00 , -2.44846660E-01 ,             NaN ,             NaN
       5 ,       22 ,  1.17168903E+00 , -3.06885242E-01 ,             NaN ,             NaN
       6 ,       22 ,  1.11690919E+00 , -3.58330900E-01 ,             NaN ,             NaN
       7 ,       22 ,  1.05867594E+00 , -4.00059919E-01 ,             NaN ,             NaN
       8 ,       22 ,  9.98990339E-01 , -4.33543298E-01 ,             NaN ,             NaN
       9 ,       22 ,  9.38936080E-01 , -4.60327638E-01 ,             NaN ,             NaN
      10 ,       22 ,  8.78956341E-01 , -4.81770394E-01 ,             NaN ,             NaN
      11 ,       22 ,  8.19104173E-01 , -4.98947930E-01 ,             NaN ,             NaN
      12 ,       22 ,  7.59228529E-01 , -5.12653506E-01 ,             NaN ,             NaN
      13 ,       22 ,  6.99099393E-01 , -5.23430768E-01 ,             NaN ,             NaN
      14 ,       22 ,  6.38487261E-01 , -5.31614821E-01 ,             NaN ,             NaN
      15 ,       22 ,  5.77210785E-01 , -5.37369726E-01 ,             NaN ,             NaN
      16 ,       22 ,  5.15161510E-01 , -5.40719525E-01 ,             NaN ,             NaN
      17 ,       22 ,  4.52310634E-01 , -5.41572805E-01 ,             NaN ,             NaN
      18 ,       22 ,  3.88701129E-01 , -5.39740694E-01 ,             NaN ,             NaN
      19 ,       22 ,  3.24429459E-01 , -5.34946916E-01 ,             NaN ,             NaN
      20 ,       22 ,  2.59623741E-01 , -5.26827372E-01 ,             NaN ,             NaN
      21 ,       22 ,  1.94428362E-01 , -5.14916807E-01 ,             NaN ,             NaN
      22 ,       22 ,  1.29007515E-01 , -4.98622153E-01 ,             NaN ,             NaN
      23 ,       22 ,  6.35814052E-02 , -4.77186642E-01 ,             NaN ,             NaN
      24 ,       22 , -1.49169067E-03 , -4.49656511E-01 ,             NaN ,             NaN
      25 ,       22 , -6.55780397E-02 , -4.14874105E-01 ,             NaN ,             NaN
      26 ,       22 , -1.27578086E-01 , -3.71537563E-01 ,             NaN ,             NaN
      27 ,       22 , -1.85713804E-01 , -3.18382744E-01 ,             NaN ,             NaN
      28 ,       22 , -2.37376832E-01 , -2.54539854E-01 ,             NaN ,             NaN
      29 ,       22 , -2.79186040E-01 , -1.80061960E-01 ,             NaN ,             NaN
      30 ,       22 , -3.07426643E-01 , -9.64858512E-02 ,             NaN ,             NaN
      31 ,       22 , -3.18921156E-01 , -7.10682405E-03 ,             NaN ,             NaN
      32 ,       22 , -3.12065696E-01 ,  8.33907845E-02 ,             NaN ,             NaN
      33 ,       22 , -2.87461694E-01 ,  1.69984110E-01 ,             NaN ,             NaN
      34 ,       22 , -2.47710788E-01 ,  2.48554215E-01 ,             NaN ,             NaN
      35 ,       22 , -1.96518863E-01 ,  3.16657167E-01 ,             NaN ,             NaN
      36 ,       22 , -1.37671727E-01 ,  3.73570655E-01 ,             NaN ,             NaN
      37 ,       22 , -7.43371091E-02 ,  4.19842826E-01 ,             NaN ,             NaN
      38 ,       22 , -8.80096985E-03 ,  4.56711025E-01 ,             NaN ,             NaN
      39 ,       22 ,  5.74858943E-02 ,  4.85630896E-01 ,             NaN ,             NaN
      40 ,       22 ,  1.23720443E-01 ,  5.07986784E-01 ,             NaN ,             NaN
      41 ,       22 ,  1.89537650E-01 ,  5.24955615E-01 ,             NaN ,             NaN
      42 ,       22 ,  2.54834253E-01 ,  5.37468594E-01 ,             NaN ,             NaN
      43 ,       22 ,  3.19640843E-01 ,  5.46223081E-01 ,             NaN ,             NaN
      44 ,       22 ,  3.84038472E-01 ,  5.51713927E-01 ,             NaN ,             NaN
      45 ,       22 ,  4.48110642E-01 ,  5.54267666E-01 ,             NaN ,             NaN
      46 ,       22 ,  5.11921713E-01 ,  5.54071672E-01 ,             NaN ,             NaN
      47 ,       22 ,  5.75513997E-01 ,  5.51194791E-01 ,             NaN ,             NaN
      48 ,       22 ,  6.38916338E-01 ,  5.45597792E-01 ,             NaN ,             NaN
      49 ,       22 ,  7.02156639E-01 ,  5.37132609E-01 ,             NaN ,             NaN
      50 ,       22 ,  7.65269839E-01 ,  5.25529703E-01 ,             NaN ,             NaN
      51 ,       22 ,  8.28291805E-01 ,  5.10373601E-01 ,             NaN ,             NaN
      52 ,       22 ,  8.91228186E-01 ,  4.91068587E-01 ,             NaN ,             NaN
      53 ,       22 ,  9.53985545E-01 ,  4.66800889E-01 ,             NaN ,             NaN
      54 ,       22 ,  1.01625067E+00 ,  4.36512932E-01 ,             NaN ,             NaN
      55 ,       22 ,  1.07730699E+00 ,  3.98921996E-01 ,             NaN ,             NaN
      56 ,       22 ,  1.13579385E+00 ,  3.52640191E-01 ,             NaN ,             NaN
      57 ,       22 ,  1.18946088E+00 ,  2.96474613E-01 ,             NaN ,             NaN
      58 ,       22 ,  1.23505561E+00 ,  2.29971777E-01 ,             NaN ,             NaN
      59 ,       22 ,  1.26857973E+00 ,  1.54158204E-01 ,             NaN ,             NaN
      60 ,       22 ,  1.28613679E+00 ,  7.21835908E-02 ,             NaN ,             NaN
      61 ,       22 ,  1.28529188E+00 , -1.06714292E-02 ,             NaN ,             NaN
       1 ,       23 ,  1.33307195E+00 , -1.18458435E-02 ,             NaN ,             NaN
       2 ,       23 ,  1.32835655E+00 , -1.01412230E-01 ,             NaN ,             NaN
       3 ,       23 ,  1.30517374E+00 , -1.88557092E-01 ,             NaN ,             NaN
       4 ,       23 ,  1.26640846E+00 , -2.68317015E-01 ,             NaN ,             NaN
       5 ,       23 ,  1.21615134E+00 , -3.37857212E-01 ,             NaN ,             NaN
       6 ,       23 ,  1.15845928E+00 , -3.96382155E-01 ,             NaN ,             NaN
       7 ,       23 ,  1.09659340E+00 , -4.44508777E-01 ,             NaN ,             NaN
       8 ,       23 ,  1.03278870E+00 , -4.83562553E-01 ,             NaN ,             NaN
       9 ,       23 ,  9.68360573E-01 , -5.15051931E-01 ,             NaN ,             NaN
      10 ,       23 ,  9.03940177E-01 , -5.40368066E-01 ,             NaN ,             NaN
      11 ,       23 ,  8.39711760E-01 , -5.60656009E-01 ,             NaN ,             NaN
      12 ,       23 ,  7.75601748E-01 , -5.76786340E-01 ,             NaN ,             NaN
      13 ,       23 ,  7.11412671E-01 , -5.89373844E-01 ,             NaN ,             NaN
      14 ,       23 ,  6.46911679E-01 , -5.98812090E-01 ,             NaN ,             NaN
      15 ,       23 ,  5.81885818E-01 , -6.05308987E-01 ,             NaN ,             NaN
      16 ,       23 ,  5.16173413E-01 , -6.08917603E-01 ,             NaN ,             NaN
      17 ,       23 ,  4.49677696E-01 , -6.09560493E-01 ,             NaN ,             NaN
      18 ,       23 ,  3.82367066E-01 , -6.07046744E-01 ,             NaN ,             NaN
      19 ,       23 ,  3.14266709E-01 , -6.01080479E-01 ,             NaN ,             NaN
      20 ,       23 ,  2.45448145E-01 , -5.91259067E-01 ,             NaN ,             NaN
      21 ,       23 ,  1.76025948E-01 , -5.77059746E-01 ,             NaN ,             NaN
      22 ,       23 ,  1.06173109E-01 , -5.57815718E-01 ,             NaN ,             NaN
      23 ,       23 ,  3.61676684E-02 , -5.32687548E-01 ,             NaN ,             NaN
      24 ,       23 , -3.35178825E-02 , -5.00643659E-01 ,             NaN ,             NaN
      25 ,       23 , -1.02078370E-01 , -4.60475262E-01 ,             NaN ,             NaN
      26 ,       23 , -1.68197167E-01 , -4.10884763E-01 ,             NaN ,             NaN
      27 ,       23 , -2.29864755E-01 , -3.50695822E-01 ,             NaN ,             NaN
      28 ,       23 , -2.84279642E-01 , -2.79220604E-01 ,             NaN ,             NaN
      29 ,       23 , -3.27965807E-01 , -1.96759631E-01 ,             NaN ,             NaN
      30 ,       23 , -3.57240943E-01 , -1.05087541E-01 ,             NaN ,             NaN
      31 ,       23 , -3.69044277E-01 , -7.64203637E-03 ,             NaN ,             NaN
      32 ,       23 , -3.61866144E-01 ,  9.08674381E-02 ,             NaN ,             NaN
      33 ,       23 , -3.36297403E-01 ,  1.85431170E-01 ,             NaN ,             NaN
      34 ,       23 , -2.94848419E-01 ,  2.71869680E-01 ,             NaN ,             NaN
      35 ,       23 , -2.41154230E-01 ,  3.47567864E-01 ,             NaN ,             NaN
      36 ,       23 , -1.79029738E-01 ,  4.11576512E-01 ,             NaN ,             NaN
      37 ,       23 , -1.11778780E-01 ,  4.64243191E-01 ,             NaN ,             NaN
      38 ,       23 , -4.18856530E-02 ,  5.06681886E-01 ,             NaN ,             NaN
      39 ,       23 ,  2.89927094E-02 ,  5.40309252E-01 ,             NaN ,             NaN
      40 ,       23 ,  9.98776549E-02 ,  5.66534809E-01 ,             NaN ,             NaN
      41 ,       23 ,  1.70276525E-01 ,  5.86597074E-01 ,             NaN ,             NaN
      42 ,       23 ,  2.40008828E-01 ,  6.01501715E-01 ,             NaN ,             NaN
      43 ,       23 ,  3.09073056E-01 ,  6.12017694E-01 ,             NaN ,             NaN
      44 ,       23 ,  3.77555310E-01 ,  6.18699808E-01 ,             NaN ,             NaN
      45 ,       23 ,  4.45572809E-01 ,  6.21918726E-01 ,             NaN ,             NaN
      46 ,       23 ,  5.13243793E-01 ,  6.21888524E-01 ,             NaN ,             NaN
      47 ,       23 ,  5.80675804E-01 ,  6.18686758E-01 ,             NaN ,             NaN
      48 ,       23 ,  6.47964841E-01 ,  6.12264678E-01 ,             NaN ,             NaN
      49 ,       23 ,  7.15197793E-01 ,  6.02446331E-01 ,             NaN ,             NaN
      50 ,       23 ,  7.82449831E-01 ,  5.88916168E-01 ,             NaN ,             NaN
      51 ,       23 ,  8.49767374E-01 ,  5.71195988E-01 ,             NaN ,             NaN
      52 ,       23 ,  9.17125868E-01 ,  5.48614749E-01 ,             NaN ,             NaN
      53 ,       23 ,  9.84350258E-01 ,  5.20280053E-01 ,             NaN ,             NaN
      54 ,       23 ,  1.05098640E+00 ,  4.85070110E-01 ,             NaN ,             NaN
      55 ,       23 ,  1.11611798E+00 ,  4.41680885E-01 ,             NaN ,             NaN
      56 ,       23 ,  1.17814478E+00 ,  3.88782914E-01 ,             NaN ,             NaN
      57 ,       23 ,  1.23458500E+00 ,  3.25352936E-01 ,             NaN ,             NaN
      58 ,       23 ,  1.28203858E+00 ,  2.51215925E-01 ,             NaN ,             NaN
      59 ,       23 ,  1.31651381E+00 ,  1.67718676E-01 ,             NaN ,             NaN
      60 ,       23 ,  1.33427290E+00 ,  7.82495585E-02 ,             NaN ,             NaN
      61 ,       23 ,  1.33307195E+00 , -1.18458435E-02 ,             NaN ,             NaN
       1 ,       24 ,  1.38828413E+00 , -1.30912472E-02 ,             NaN ,             NaN
       2 ,       24 ,  1.38379150E+00 , -1.10522998E-01 ,             NaN ,             NaN
       3 ,       24 ,  1.36021305E+00 , -2.05768572E-01 ,             NaN ,             NaN
       4 ,       24 ,  1.32025197E+00 , -2.93780595E-01 ,             NaN ,             NaN
       5 ,       24 ,  1.26785448E+00 , -3.71486150E-01 ,             NaN ,             NaN
       6 ,       24 ,  1.20707148E+00 , -4.37780946E-01 ,             NaN ,             NaN
       7 ,       24 ,  1.14129867E+00 , -4.93010980E-01 ,             NaN ,             NaN
       8 ,       24 ,  1.07298573E+00 , -5.38329860E-01 ,             NaN ,             NaN
       9 ,       24 ,  1.00367571E+00 , -5.75178313E-01 ,             NaN ,             NaN
      10 ,       24 ,  9.34195906E-01 , -6.04957244E-01 ,             NaN ,             NaN
      11 ,       24 ,  8.64876600E-01 , -6.28865319E-01 ,             NaN ,             NaN
      12 ,       24 ,  7.95738571E-01 , -6.47843371E-01 ,             NaN ,             NaN
      13 ,       24 ,  7.26633470E-01 , -6.62575619E-01 ,             NaN ,             NaN
      14 ,       24 ,  6.57340791E-01 , -6.73514950E-01 ,             NaN ,             NaN
      15 ,       24 ,  5.87631123E-01 , -6.80914416E-01 ,             NaN ,             NaN
      16 ,       24 ,  5.17304761E-01 , -6.84856530E-01 ,             NaN ,             NaN
      17 ,       24 ,  4.46212548E-01 , -6.85276862E-01 ,             NaN ,             NaN
      18 ,       24 ,  3.74264280E-01 , -6.81980253E-01 ,             NaN ,             NaN
      19 ,       24 ,  3.01429925E-01 , -6.74648378E-01 ,             NaN ,             NaN
      20 ,       24 ,  2.27740205E-01 , -6.62837494E-01 ,             NaN ,             NaN
      21 ,       24 ,  1.53295149E-01 , -6.45966232E-01 ,             NaN ,             NaN
      22 ,       24 ,  7.82910764E-02 , -6.23295918E-01 ,             NaN ,             NaN
      23 ,       24 ,  3.07719010E-03 , -5.93910979E-01 ,             NaN ,             NaN
      24 ,       24 , -7.17489952E-02 , -5.56714827E-01 ,             NaN ,             NaN
      25 ,       24 , -1.45205174E-01 , -5.10467115E-01 ,             NaN ,             NaN
      26 ,       24 , -2.15760526E-01 , -4.53898828E-01 ,             NaN ,             NaN
      27 ,       24 , -2.81187663E-01 , -3.85944785E-01 ,             NaN ,             NaN
      28 ,       24 , -3.38513892E-01 , -3.06113494E-01 ,             NaN ,             NaN
      29 ,       24 , -3.84189494E-01 , -2.14953103E-01 ,             NaN ,             NaN
      30 ,       24 , -4.14573873E-01 , -1.14466275E-01 ,             NaN ,             NaN
      31 ,       24 , -4.26717687E-01 , -8.22649411E-03 ,             NaN ,             NaN
      32 ,       24 , -4.19197199E-01 ,  9.90264158E-02 ,             NaN ,             NaN
      33 ,       24 , -3.92593304E-01 ,  2.02286048E-01 ,             NaN ,             NaN
      34 ,       24 , -3.49330426E-01 ,  2.97311336E-01 ,             NaN ,             NaN
      35 ,       24 , -2.92969353E-01 ,  3.81323380E-01 ,             NaN ,             NaN
      36 ,       24 , -2.27337611E-01 ,  4.53149733E-01 ,             NaN ,             NaN
      37 ,       24 , -1.55853607E-01 ,  5.12928551E-01 ,             NaN ,             NaN
      38 ,       24 , -8.11839188E-02 ,  5.61630435E-01 ,             NaN ,             NaN
      39 ,       24 , -5.18629308E-03 ,  6.00609065E-01 ,             NaN ,             NaN
      40 ,       24 ,  7.09802592E-02 ,  6.31278038E-01 ,             NaN ,             NaN
      41 ,       24 ,  1.46684143E-01 ,  6.54922741E-01 ,             NaN ,             NaN
      42 ,       24 ,  2.21653276E-01 ,  6.72615243E-01 ,             NaN ,             NaN
      43 ,       24 ,  2.95838844E-01 ,  6.85193190E-01 ,             NaN ,             NaN
      44 ,       24 ,  3.69316786E-01 ,  6.93271524E-01 ,             NaN ,             NaN
      45 ,       24 ,  4.42222833E-01 ,  6.97266584E-01 ,             NaN ,             NaN
      46 ,       24 ,  5.14713606E-01 ,  6.97420732E-01 ,             NaN ,             NaN
      47 ,       24 ,  5.86945858E-01 ,  6.93821144E-01 ,             NaN ,             NaN
      48 ,       24 ,  6.59066169E-01 ,  6.86409523E-01 ,             NaN ,             NaN
      49 ,       24 ,  7.31203388E-01 ,  6.74981288E-01 ,             NaN ,             NaN
      50 ,       24 ,  8.03455538E-01 ,  6.59174120E-01 ,             NaN ,             NaN
      51 ,       24 ,  8.75861928E-01 ,  6.38447656E-01 ,             NaN ,             NaN
      52 ,       24 ,  9.48350108E-01 ,  6.12059423E-01 ,             NaN ,             NaN
      53 ,       24 ,  1.02064675E+00 ,  5.79048140E-01 ,             NaN ,             NaN
      54 ,       24 ,  1.09214374E+00 ,  5.38245601E-01 ,             NaN ,             NaN
      55 ,       24 ,  1.16172016E+00 ,  4.88352528E-01 ,             NaN ,             NaN
      56 ,       24 ,  1.22754451E+00 ,  4.28128113E-01 ,             NaN ,             NaN
      57 ,       24 ,  1.28692666E+00 ,  3.56743687E-01 ,             NaN ,             NaN
      58 ,       24 ,  1.33634971E+00 ,  2.74311207E-01 ,             NaN ,             NaN
      59 ,       24 ,  1.37185076E+00 ,  1.82487076E-01 ,             NaN ,             NaN
      60 ,       24 ,  1.38985097E+00 ,  8.48826677E-02 ,             NaN ,             NaN
      61 ,       24 ,  1.38828413E+00 , -1.30912472E-02 ,             NaN ,             NaN
       1 ,       25 ,  1.45199743E+00 , -1.44084321E-02 ,             NaN ,             NaN
       2 ,       25 ,  1.44774306E+00 , -1.20424273E-01 ,             NaN ,             NaN
       3 ,       25 ,  1.42372231E+00 , -2.24492806E-01 ,             NaN ,             NaN
       4 ,       25 ,  1.38246619E+00 , -3.21481544E-01 ,             NaN ,             NaN
       5 ,       25 ,  1.32777476E+00 , -4.08091119E-01 ,             NaN ,             NaN
       6 ,       25 ,  1.26367348E+00 , -4.82915833E-01 ,             NaN ,             NaN
       7 ,       25 ,  1.19366619E+00 , -5.46021805E-01 ,             NaN ,             NaN
       8 ,       25 ,  1.12039760E+00 , -5.98367277E-01 ,             NaN ,             NaN
       9 ,       25 ,  1.04563199E+00 , -6.41296424E-01 ,             NaN ,             NaN
      10 ,       25 ,  9.70398705E-01 , -6.76194267E-01 ,             NaN ,             NaN
      11 ,       25 ,  8.95187696E-01 , -7.04294895E-01 ,             NaN ,             NaN
      12 ,       25 ,  8.20131201E-01 , -7.26598963E-01 ,             NaN ,             NaN
      13 ,       25 ,  7.45147757E-01 , -7.43855585E-01 ,             NaN ,             NaN
      14 ,       25 ,  6.70046562E-01 , -7.56575902E-01 ,             NaN ,             NaN
      15 ,       25 ,  5.94598748E-01 , -7.65058355E-01 ,             NaN ,             NaN
      16 ,       25 ,  5.18583678E-01 , -7.69415014E-01 ,             NaN ,             NaN
      17 ,       25 ,  4.41817425E-01 , -7.69593711E-01 ,             NaN ,             NaN
      18 ,       25 ,  3.64169409E-01 , -7.65393396E-01 ,             NaN ,             NaN
      19 ,       25 ,  2.85572995E-01 , -7.56471260E-01 ,             NaN ,             NaN
      20 ,       25 ,  2.06036665E-01 , -7.42340988E-01 ,             NaN ,             NaN
      21 ,       25 ,  1.25663891E-01 , -7.22363012E-01 ,             NaN ,             NaN
      22 ,       25 ,  4.46911382E-02 , -6.95730640E-01 ,             NaN ,             NaN
      23 ,       25 , -3.64465425E-02 , -6.61461088E-01 ,             NaN ,             NaN
      24 ,       25 , -1.17015785E-01 , -6.18407914E-01 ,             NaN ,             NaN
      25 ,       25 , -1.95852794E-01 , -5.65320356E-01 ,             NaN ,             NaN
      26 ,       25 , -2.71217417E-01 , -5.00982303E-01 ,             NaN ,             NaN
      27 ,       25 , -3.40679355E-01 , -4.24461490E-01 ,             NaN ,             NaN
      28 ,       25 , -4.01116101E-01 , -3.35475070E-01 ,             NaN ,             NaN
      29 ,       25 , -4.48923274E-01 , -2.34818352E-01 ,             NaN ,             NaN
      30 ,       25 , -4.80509360E-01 , -1.24713852E-01 ,             NaN ,             NaN
      31 ,       25 , -4.93031142E-01 , -8.86655309E-03 ,             NaN ,             NaN
      32 ,       25 , -4.85143184E-01 ,  1.07946998E-01 ,             NaN ,             NaN
      33 ,       25 , -4.57416502E-01 ,  2.20713375E-01 ,             NaN ,             NaN
      34 ,       25 , -4.12194147E-01 ,  3.25127058E-01 ,             NaN ,             NaN
      35 ,       25 , -3.52960282E-01 ,  4.18250440E-01 ,             NaN ,             NaN
      36 ,       25 , -2.83540976E-01 ,  4.98690907E-01 ,             NaN ,             NaN
      37 ,       25 , -2.07449349E-01 ,  5.66369765E-01 ,             NaN ,             NaN
      38 ,       25 , -1.27518014E-01 ,  6.22095964E-01 ,             NaN ,             NaN
      39 ,       25 , -4.57987506E-02 ,  6.67136746E-01 ,             NaN ,             NaN
      40 ,       25 ,  3.63657740E-02 ,  7.02887541E-01 ,             NaN ,             NaN
      41 ,       25 ,  1.18194219E-01 ,  7.30663574E-01 ,             NaN ,             NaN
      42 ,       25 ,  1.99307827E-01 ,  7.51592581E-01 ,             NaN ,             NaN
      43 ,       25 ,  2.79593533E-01 ,  7.66575567E-01 ,             NaN ,             NaN
      44 ,       25 ,  3.59099582E-01 ,  7.76285983E-01 ,             NaN ,             NaN
      45 ,       25 ,  4.37962474E-01 ,  7.81186159E-01 ,             NaN ,             NaN
      46 ,       25 ,  5.16359204E-01 ,  7.81547674E-01 ,             NaN ,             NaN
      47 ,       25 ,  5.94477327E-01 ,  7.77468029E-01 ,             NaN ,             NaN
      48 ,       25 ,  6.72495154E-01 ,  7.68879602E-01 ,             NaN ,             NaN
      49 ,       25 ,  7.50564257E-01 ,  7.55549170E-01 ,             NaN ,             NaN
      50 ,       25 ,  8.28785994E-01 ,  7.37068266E-01 ,             NaN ,             NaN
      51 ,       25 ,  9.07172993E-01 ,  7.12837062E-01 ,             NaN ,             NaN
      52 ,       25 ,  9.85585904E-01 ,  6.82048432E-01 ,             NaN ,             NaN
      53 ,       25 ,  1.06363624E+00 ,  6.43685240E-01 ,             NaN ,             NaN
      54 ,       25 ,  1.14055013E+00 ,  5.96553527E-01 ,             NaN ,             NaN
      55 ,       25 ,  1.21499952E+00 ,  5.39386098E-01 ,             NaN ,             NaN
      56 ,       25 ,  1.28493218E+00 ,  4.71059830E-01 ,             NaN ,             NaN
      57 ,       25 ,  1.34747286E+00 ,  3.90962452E-01 ,             NaN ,             NaN
      58 ,       25 ,  1.39901567E+00 ,  2.99498858E-01 ,             NaN ,             NaN
      59 ,       25 ,  1.43564460E+00 ,  1.98625104E-01 ,             NaN ,             NaN
      60 ,       25 ,  1.45393865E+00 ,  9.21632972E-02 ,             NaN ,             NaN
      61 ,       25 ,  1.45199743E+00 , -1.44084321E-02 ,             NaN ,             NaN
       1 ,       26 ,  1.52541381E+00 , -1.57991858E-02 ,             NaN ,             NaN
       2 ,       26 ,  1.52140781E+00 , -1.31214592E-01 ,             NaN ,             NaN
       3 ,       26 ,  1.49687826E+00 , -2.44925262E-01 ,             NaN ,             NaN
       4 ,       26 ,  1.45419269E+00 , -3.51710403E-01 ,             NaN ,             NaN
       5 ,       26 ,  1.39700493E+00 , -4.48052737E-01 ,             NaN ,             NaN
       6 ,       26 ,  1.32929947E+00 , -5.32251526E-01 ,             NaN ,             NaN
       7 ,       26 ,  1.25466506E+00 , -6.04085851E-01 ,             NaN ,             NaN
       8 ,       26 ,  1.17592234E+00 , -6.64297546E-01 ,             NaN ,             NaN
       9 ,       26 ,  1.09504907E+00 , -7.14106403E-01 ,             NaN ,             NaN
      10 ,       26 ,  1.01328071E+00 , -7.54854778E-01 ,             NaN ,             NaN
      11 ,       26 ,  9.31279560E-01 , -7.87791262E-01 ,             NaN ,             NaN
      12 ,       26 ,  8.49306595E-01 , -8.13962560E-01 ,             NaN ,             NaN
      13 ,       26 ,  7.67366171E-01 , -8.34175066E-01 ,             NaN ,             NaN
      14 ,       26 ,  6.85316289E-01 , -8.48994708E-01 ,             NaN ,             NaN
      15 ,       26 ,  6.02947527E-01 , -8.58764039E-01 ,             NaN ,             NaN
      16 ,       26 ,  5.20037299E-01 , -8.63624080E-01 ,             NaN ,             NaN
      17 ,       26 ,  4.36386350E-01 , -8.63534168E-01 ,             NaN ,             NaN
      18 ,       26 ,  3.51843838E-01 , -8.58286285E-01 ,             NaN ,             NaN
      19 ,       26 ,  2.66327192E-01 , -8.47512173E-01 ,             NaN ,             NaN
      20 ,       26 ,  1.79843475E-01 , -8.30683030E-01 ,             NaN ,             NaN
      21 ,       26 ,  9.25199190E-02 , -8.07103522E-01 ,             NaN ,             NaN
      22 ,       26 ,  4.65200716E-03 , -7.75905222E-01 ,             NaN ,             NaN
      23 ,       26 , -8.32233422E-02 , -7.36049645E-01 ,             NaN ,             NaN
      24 ,       26 , -1.70225796E-01 , -6.86357907E-01 ,             NaN ,             NaN
      25 ,       26 , -2.55006392E-01 , -6.25591222E-01 ,             NaN ,             NaN
      26 ,       26 , -3.35621489E-01 , -5.52610466E-01 ,             NaN ,             NaN
      27 ,       26 , -4.09452999E-01 , -4.66636524E-01 ,             NaN ,             NaN
      28 ,       26 , -4.73248599E-01 , -3.67605908E-01 ,             NaN ,             NaN
      29 ,       26 , -5.23365826E-01 , -2.56560539E-01 ,             NaN ,             NaN
      30 ,       26 , -5.56267816E-01 , -1.35936448E-01 ,             NaN ,             NaN
      31 ,       26 , -5.69212134E-01 , -9.56808699E-03 ,             NaN ,             NaN
      32 ,       26 , -5.60924609E-01 ,  1.17723829E-01 ,             NaN ,             NaN
      33 ,       26 , -5.31966132E-01 ,  2.40907901E-01 ,             NaN ,             NaN
      34 ,       26 , -4.84602431E-01 ,  3.55609525E-01 ,             NaN ,             NaN
      35 ,       26 , -4.22239719E-01 ,  4.58735155E-01 ,             NaN ,             NaN
      36 ,       26 , -3.48691036E-01 ,  5.48674076E-01 ,             NaN ,             NaN
      37 ,       26 , -2.67546584E-01 ,  6.25124110E-01 ,             NaN ,             NaN
      38 ,       26 , -1.81789535E-01 ,  6.88715749E-01 ,             NaN ,             NaN
      39 ,       26 , -9.36583903E-02 ,  7.40606973E-01 ,             NaN ,             NaN
      40 ,       26 , -4.68193271E-03 ,  7.82151953E-01 ,             NaN ,             NaN
      41 ,       26 ,  8.41981881E-02 ,  8.14676622E-01 ,             NaN ,             NaN
      42 ,       26 ,  1.72480725E-01 ,  8.39350948E-01 ,             NaN ,             NaN
      43 ,       26 ,  2.59969828E-01 ,  8.57131294E-01 ,             NaN ,             NaN
      44 ,       26 ,  3.46666385E-01 ,  8.68745761E-01 ,             NaN ,             NaN
      45 ,       26 ,  4.32687610E-01 ,  8.74701381E-01 ,             NaN ,             NaN
      46 ,       26 ,  5.18210608E-01 ,  8.75298927E-01 ,             NaN ,             NaN
      47 ,       26 ,  6.03433209E-01 ,  8.70646638E-01 ,             NaN ,             NaN
      48 ,       26 ,  6.88544578E-01 ,  8.60668133E-01 ,             NaN ,             NaN
      49 ,       26 ,  7.73697781E-01 ,  8.45102591E-01 ,             NaN ,             NaN
      50 ,       26 ,  8.58976042E-01 ,  8.23497813E-01 ,             NaN ,             NaN
      51 ,       26 ,  9.44344010E-01 ,  7.95199764E-01 ,             NaN ,             NaN
      52 ,       26 ,  1.02957529E+00 ,  7.59346590E-01 ,             NaN ,             NaN
      53 ,       26 ,  1.11414919E+00 ,  7.14881559E-01 ,             NaN ,             NaN
      54 ,       26 ,  1.19711528E+00 ,  6.60608095E-01 ,             NaN ,             NaN
      55 ,       26 ,  1.27693754E+00 ,  5.95319171E-01 ,             NaN ,             NaN
      56 ,       26 ,  1.35135458E+00 ,  5.18036971E-01 ,             NaN ,             NaN
      57 ,       26 ,  1.41732827E+00 ,  4.28384771E-01 ,             NaN ,             NaN
      58 ,       26 ,  1.47118815E+00 ,  3.27064696E-01 ,             NaN ,             NaN
      59 ,       26 ,  1.50907935E+00 ,  2.16323811E-01 ,             NaN ,             NaN
      60 ,       26 ,  1.52773625E+00 ,  1.00185977E-01 ,             NaN ,             NaN
      61 ,       26 ,  1.52541381E+00 , -1.57991858E-02 ,             NaN ,             NaN
       1 ,       27 ,  1.60988242E+00 , -1.72665293E-02 ,             NaN ,             NaN
       2 ,       27 ,  1.60612908E+00 , -1.43011674E-01 ,             NaN ,             NaN
       3 ,       27 ,  1.58100148E+00 , -2.67298493E-01 ,             NaN ,             NaN
       4 ,       27 ,  1.53671180E+00 , -3.84812519E-01 ,             NaN ,             NaN
       5 ,       27 ,  1.47676927E+00 , -4.91823967E-01 ,             NaN ,             NaN
       6 ,       27 ,  1.40510562E+00 , -5.86341918E-01 ,             NaN ,             NaN
       7 ,       27 ,  1.32537467E+00 , -6.67852224E-01 ,             NaN ,             NaN
       8 ,       27 ,  1.24055543E+00 , -7.36861242E-01 ,             NaN ,             NaN
       9 ,       27 ,  1.15283083E+00 , -7.94437604E-01 ,             NaN ,             NaN
      10 ,       27 ,  1.06364531E+00 , -8.41853471E-01 ,             NaN ,             NaN
      11 ,       27 ,  9.73845353E-01 , -8.80348668E-01 ,             NaN ,             NaN
      12 ,       27 ,  8.83838057E-01 , -9.10999033E-01 ,             NaN ,             NaN
      13 ,       27 ,  7.93733603E-01 , -9.34657420E-01 ,             NaN ,             NaN
      14 ,       27 ,  7.03459594E-01 , -9.51938417E-01 ,             NaN ,             NaN
      15 ,       27 ,  6.12846936E-01 , -9.63225520E-01 ,             NaN ,             NaN
      16 ,       27 ,  5.21692059E-01 , -9.68687077E-01 ,             NaN ,             NaN
      17 ,       27 ,  4.29801721E-01 , -9.68292974E-01 ,             NaN ,             NaN
      18 ,       27 ,  3.37026768E-01 , -9.61827693E-01 ,             NaN ,             NaN
      19 ,       27 ,  2.43291250E-01 , -9.48897794E-01 ,             NaN ,             NaN
      20 ,       27 ,  1.48623599E-01 , -9.28933891E-01 ,             NaN ,             NaN
      21 ,       27 ,  5.31970960E-02 , -9.01189656E-01 ,             NaN ,             NaN
      22 ,       27 , -4.26131705E-02 , -8.64743873E-01 ,             NaN ,             NaN
      23 ,       27 , -1.38151240E-01 , -8.18516526E-01 ,             NaN ,             NaN
      24 ,       27 , -2.32378292E-01 , -7.61315819E-01 ,             NaN ,             NaN
      25 ,       27 , -3.23756688E-01 , -6.91938361E-01 ,             NaN ,             NaN
      26 ,       27 , -4.10145223E-01 , -6.09345755E-01 ,             NaN ,             NaN
      27 ,       27 , -4.88752314E-01 , -5.12931000E-01 ,             NaN ,             NaN
      28 ,       27 , -5.56213672E-01 , -4.02859638E-01 ,             NaN ,             NaN
      29 ,       27 , -6.08862579E-01 , -2.80420091E-01 ,             NaN ,             NaN
      30 ,       27 , -6.43220536E-01 , -1.48257601E-01 ,             NaN ,             NaN
      31 ,       27 , -6.56640388E-01 , -1.03363076E-02 ,             NaN ,             NaN
      32 ,       27 , -6.47912687E-01 ,  1.28470220E-01 ,             NaN ,             NaN
      33 ,       27 , -6.17587813E-01 ,  2.63100817E-01 ,             NaN ,             NaN
      34 ,       27 , -5.67858006E-01 ,  3.89105364E-01 ,             NaN ,             NaN
      35 ,       27 , -5.02051391E-01 ,  5.03234768E-01 ,             NaN ,             NaN
      36 ,       27 , -4.23959040E-01 ,  6.03660878E-01 ,             NaN ,             NaN
      37 ,       27 , -3.37233318E-01 ,  6.89851652E-01 ,             NaN ,             NaN
      38 ,       27 , -2.44994032E-01 ,  7.62243376E-01 ,             NaN ,             NaN
      39 ,       27 , -1.49659366E-01 ,  8.21862533E-01 ,             NaN ,             NaN
      40 ,       27 , -5.29463878E-02 ,  8.69998304E-01 ,             NaN ,             NaN
      41 ,       27 ,  4.40324424E-02 ,  9.07966312E-01 ,             NaN ,             NaN
      42 ,       27 ,  1.40636936E-01 ,  9.36962689E-01 ,             NaN ,             NaN
      43 ,       27 ,  2.36568529E-01 ,  9.57988381E-01 ,             NaN ,             NaN
      44 ,       27 ,  3.31759173E-01 ,  9.71819804E-01 ,             NaN ,             NaN
      45 ,       27 ,  4.26284580E-01 ,  9.79005539E-01 ,             NaN ,             NaN
      46 ,       27 ,  5.20299513E-01 ,  9.79874398E-01 ,             NaN ,             NaN
      47 ,       27 ,  6.13989433E-01 ,  9.74545418E-01 ,             NaN ,             NaN
      48 ,       27 ,  7.07531450E-01 ,  9.62934481E-01 ,             NaN ,             NaN
      49 ,       27 ,  8.01056910E-01 ,  9.44755484E-01 ,             NaN ,             NaN
      50 ,       27 ,  8.94607581E-01 ,  9.19517011E-01 ,             NaN ,             NaN
      51 ,       27 ,  9.88077282E-01 ,  8.86518884E-01 ,             NaN ,             NaN
      52 ,       27 ,  1.08113150E+00 ,  8.44857656E-01 ,             NaN ,             NaN
      53 ,       27 ,  1.17310023E+00 ,  7.93456302E-01 ,             NaN ,             NaN
      54 ,       27 ,  1.26284646E+00 ,  7.31140851E-01 ,             NaN ,             NaN
      55 ,       27 ,  1.34862635E+00 ,  6.56792924E-01 ,             NaN ,             NaN
      56 ,       27 ,  1.42798106E+00 ,  5.69606261E-01 ,             NaN ,             NaN
      57 ,       27 ,  1.49772985E+00 ,  4.69456754E-01 ,             NaN ,             NaN
      58 ,       27 ,  1.55415834E+00 ,  3.57347265E-01 ,             NaN ,             NaN
      59 ,       27 ,  1.59348339E+00 ,  2.35809033E-01 ,             NaN ,             NaN
      60 ,       27 ,  1.61259116E+00 ,  1.09061990E-01 ,             NaN ,             NaN
      61 ,       27 ,  1.60988242E+00 , -1.72665293E-02 ,             NaN ,             NaN
       1 ,       28 ,  1.70691642E+00 , -1.88148730E-02 ,             NaN ,             NaN
       2 ,       28 ,  1.70341401E+00 , -1.55955385E-01 ,             NaN ,             NaN
       3 ,       28 ,  1.67757373E+00 , -2.91887876E-01 ,             NaN ,             NaN
       4 ,       28 ,  1.63146027E+00 , -4.21196440E-01 ,             NaN ,             NaN
       5 ,       28 ,  1.56844146E+00 , -5.39940933E-01 ,             NaN ,             NaN
       6 ,       28 ,  1.49238808E+00 , -6.45843141E-01 ,             NaN ,             NaN
       7 ,       28 ,  1.40700286E+00 , -7.38089719E-01 ,             NaN ,             NaN
       8 ,       28 ,  1.31540761E+00 , -8.16933875E-01 ,             NaN ,             NaN
       9 ,       28 ,  1.21998250E+00 , -8.83267267E-01 ,             NaN ,             NaN
      10 ,       28 ,  1.12238305E+00 , -9.38263854E-01 ,             NaN ,             NaN
      11 ,       28 ,  1.02365115E+00 , -9.83129465E-01 ,             NaN ,             NaN
      12 ,       28 ,  9.24357499E-01 , -1.01894924E+00 ,             NaN ,             NaN
      13 ,       28 ,  8.24739076E-01 , -1.04660854E+00 ,             NaN ,             NaN
      14 ,       28 ,  7.24815536E-01 , -1.06676169E+00 ,             NaN ,             NaN
      15 ,       28 ,  6.24481048E-01 , -1.07982786E+00 ,             NaN ,             NaN
      16 ,       28 ,  5.23574187E-01 , -1.08599986E+00 ,             NaN ,             NaN
      17 ,       28 ,  4.21931182E-01 , -1.08525682E+00 ,             NaN ,             NaN
      18 ,       28 ,  3.19428542E-01 , -1.07737572E+00 ,             NaN ,             NaN
      19 ,       28 ,  2.16021428E-01 , -1.06193946E+00 ,             NaN ,             NaN
      20 ,       28 ,  1.11784296E-01 , -1.03834197E+00 ,             NaN ,             NaN
      21 ,       28 ,  6.96048168E-03 , -1.00579318E+00 ,             NaN ,             NaN
      22 ,       28 , -9.79733089E-02 , -9.63330757E-01 ,             NaN ,             NaN
      23 ,       28 , -2.02223953E-01 , -9.09849939E-01 ,             NaN ,             NaN
      24 ,       28 , -3.04582165E-01 , -8.44167490E-01 ,             NaN ,             NaN
      25 ,       28 , -4.03317867E-01 , -7.65139697E-01 ,             NaN ,             NaN
      26 ,       28 , -4.96097586E-01 , -6.71852346E-01 ,             NaN ,             NaN
      27 ,       28 , -5.79968891E-01 , -5.63888593E-01 ,             NaN ,             NaN
      28 ,       28 , -6.51470640E-01 , -4.41652220E-01 ,             NaN ,             NaN
      29 ,       28 , -7.06922677E-01 , -3.06678989E-01 ,             NaN ,             NaN
      30 ,       28 , -7.42906638E-01 , -1.61821325E-01 ,             NaN ,             NaN
      31 ,       28 , -7.56864822E-01 , -1.11756340E-02 ,             NaN ,             NaN
      32 ,       28 , -7.47646354E-01 ,  1.40321506E-01 ,             NaN ,             NaN
      33 ,       28 , -7.15790748E-01 ,  2.87566223E-01 ,             NaN ,             NaN
      34 ,       28 , -6.63420667E-01 ,  4.26024525E-01 ,             NaN ,             NaN
      35 ,       28 , -5.93787355E-01 ,  5.52289660E-01 ,             NaN ,             NaN
      36 ,       28 , -5.10653753E-01 ,  6.64314952E-01 ,             NaN ,             NaN
      37 ,       28 , -4.17722525E-01 ,  7.61331795E-01 ,             NaN ,             NaN
      38 ,       28 , -3.18238348E-01 ,  8.43567140E-01 ,             NaN ,             NaN
      39 ,       28 , -2.14793000E-01 ,  9.11894185E-01 ,             NaN ,             NaN
      40 ,       28 , -1.09294169E-01 ,  9.67512851E-01 ,             NaN ,             NaN
      41 ,       28 , -3.03574448E-03 ,  1.01170577E+00 ,             NaN ,             NaN
      42 ,       28 ,  1.03186117E-01 ,  1.04567669E+00 ,             NaN ,             NaN
      43 ,       28 ,  2.08949001E-01 ,  1.07045760E+00 ,             NaN ,             NaN
      44 ,       28 ,  3.14092580E-01 ,  1.08686435E+00 ,             NaN ,             NaN
      45 ,       28 ,  4.18626742E-01 ,  1.09548194E+00 ,             NaN ,             NaN
      46 ,       28 ,  5.22659201E-01 ,  1.09666481E+00 ,             NaN ,             NaN
      47 ,       28 ,  6.26338138E-01 ,  1.09054251E+00 ,             NaN ,             NaN
      48 ,       28 ,  7.29803486E-01 ,  1.07702472E+00 ,             NaN ,             NaN
      49 ,       28 ,  8.33139578E-01 ,  1.05580381E+00 ,             NaN ,             NaN
      50 ,       28 ,  9.36321546E-01 ,  1.02635592E+00 ,             NaN ,             NaN
      51 ,       28 ,  1.03914811E+00 ,  9.87945660E-01 ,             NaN ,             NaN
      52 ,       28 ,  1.14115478E+00 ,  9.39644259E-01 ,             NaN ,             NaN
      53 ,       28 ,  1.24150516E+00 ,  8.80376467E-01 ,             NaN ,             NaN
      54 ,       28 ,  1.33886611E+00 ,  8.09017854E-01 ,             NaN ,             NaN
      55 ,       28 ,  1.43128655E+00 ,  7.24567340E-01 ,             NaN ,             NaN
      56 ,       28 ,  1.51612111E+00 ,  6.26415277E-01 ,             NaN ,             NaN
      57 ,       28 ,  1.59006417E+00 ,  5.14705818E-01 ,             NaN ,             NaN
      58 ,       28 ,  1.64937407E+00 ,  3.90746074E-01 ,             NaN ,             NaN
      59 ,       28 ,  1.69034653E+00 ,  2.57346921E-01 ,             NaN ,             NaN
      60 ,       28 ,  1.71001467E+00 ,  1.18922066E-01 ,             NaN ,             NaN
      61 ,       28 ,  1.70691642E+00 , -1.88148730E-02 ,             NaN ,             NaN
       1 ,       29 ,  1.81821291E+00 , -2.04500846E-02 ,             NaN ,             NaN
       2 ,       29 ,  1.81495376E+00 , -1.70210581E-01 ,             NaN ,             NaN
       3 ,       29 ,  1.78825839E+00 , -3.19017235E-01 ,             NaN ,             NaN
       4 ,       29 ,  1.74005186E+00 , -4.61342199E-01 ,             NaN ,             NaN
       5 ,       29 ,  1.67356529E+00 , -5.93033686E-01 ,             NaN ,             NaN
       6 ,       29 ,  1.59260369E+00 , -7.11526635E-01 ,             NaN ,             NaN
       7 ,       29 ,  1.50090633E+00 , -8.15702046E-01 ,             NaN ,             NaN
       8 ,       29 ,  1.40172477E+00 , -9.05543122E-01 ,             NaN ,             NaN
       9 ,       29 ,  1.29762934E+00 , -9.81739474E-01 ,             NaN ,             NaN
      10 ,       29 ,  1.19048868E+00 , -1.04533852E+00 ,             NaN ,             NaN
      11 ,       29 ,  1.08155094E+00 , -1.09748523E+00 ,             NaN ,             NaN
      12 ,       29 ,  9.71568051E-01 , -1.13925160E+00 ,             NaN ,             NaN
      13 ,       29 ,  8.60925669E-01 , -1.17153858E+00 ,             NaN ,             NaN
      14 ,       29 ,  7.49759614E-01 , -1.19502850E+00 ,             NaN ,             NaN
      15 ,       29 ,  6.38052388E-01 , -1.21016877E+00 ,             NaN ,             NaN
      16 ,       29 ,  5.25710228E-01 , -1.21717241E+00 ,             NaN ,             NaN
      17 ,       29 ,  4.12624694E-01 , -1.21602605E+00 ,             NaN ,             NaN
      18 ,       29 ,  2.98724233E-01 , -1.20649958E+00 ,             NaN ,             NaN
      19 ,       29 ,  1.84021733E-01 , -1.18815513E+00 ,             NaN ,             NaN
      20 ,       29 ,  6.86642381E-02 , -1.16035579E+00 ,             NaN ,             NaN
      21 ,       29 , -4.70092438E-02 , -1.12227749E+00 ,             NaN ,             NaN
      22 ,       29 , -1.62397146E-01 , -1.07293121E+00 ,             NaN ,             NaN
      23 ,       29 , -2.76550240E-01 , -1.01120661E+00 ,             NaN ,             NaN
      24 ,       29 , -3.88076265E-01 , -9.35952267E-01 ,             NaN ,             NaN
      25 ,       29 , -4.95048343E-01 , -8.46109205E-01 ,             NaN ,             NaN
      26 ,       29 , -5.94944808E-01 , -7.40910684E-01 ,             NaN ,             NaN
      27 ,       29 , -6.84662783E-01 , -6.20147570E-01 ,             NaN ,             NaN
      28 ,       29 , -7.60656231E-01 , -4.84471235E-01 ,             NaN ,             NaN
      29 ,       29 , -8.19239195E-01 , -3.35667084E-01 ,             NaN ,             NaN
      30 ,       29 , -8.57053182E-01 , -1.76795263E-01 ,             NaN ,             NaN
      31 ,       29 , -8.71623648E-01 , -1.20896010E-02 ,             NaN ,             NaN
      32 ,       29 , -8.61852437E-01 ,  1.53438356E-01 ,             NaN ,             NaN
      33 ,       29 , -8.28267992E-01 ,  3.14627578E-01 ,             NaN ,             NaN
      34 ,       29 , -7.72927645E-01 ,  4.66849662E-01 ,             NaN ,             NaN
      35 ,       29 , -6.99008461E-01 ,  6.06535409E-01 ,             NaN ,             NaN
      36 ,       29 , -6.10241927E-01 ,  7.31416401E-01 ,             NaN ,             NaN
      37 ,       29 , -5.10372421E-01 ,  8.40479925E-01 ,             NaN ,             NaN
      38 ,       29 , -4.02760336E-01 ,  9.33728599E-01 ,             NaN ,             NaN
      39 ,       29 , -2.90166427E-01 ,  1.01186076E+00 ,             NaN ,             NaN
      40 ,       29 , -1.74691943E-01 ,  1.07596232E+00 ,             NaN ,             NaN
      41 ,       29 , -5.78231492E-02 ,  1.12725875E+00 ,             NaN ,             NaN
      42 ,       29 ,  5.94702182E-02 ,  1.16694063E+00 ,             NaN ,             NaN
      43 ,       29 ,  1.76619629E-01 ,  1.19605480E+00 ,             NaN ,             NaN
      44 ,       29 ,  2.93347435E-01 ,  1.21544518E+00 ,             NaN ,             NaN
      45 ,       29 ,  4.09571241E-01 ,  1.22572600E+00 ,             NaN ,             NaN
      46 ,       29 ,  5.25324604E-01 ,  1.22727374E+00 ,             NaN ,             NaN
      47 ,       29 ,  6.40691018E-01 ,  1.22022773E+00 ,             NaN ,             NaN
      48 ,       29 ,  7.55745667E-01 ,  1.20449363E+00 ,             NaN ,             NaN
      49 ,       29 ,  8.70498309E-01 ,  1.17974752E+00 ,             NaN ,             NaN
      50 ,       29 ,  9.84830352E-01 ,  1.14544215E+00 ,             NaN ,             NaN
      51 ,       29 ,  1.09841977E+00 ,  1.10082071E+00 ,             NaN ,             NaN
      52 ,       29 ,  1.21064953E+00 ,  1.04494826E+00 ,             NaN ,             NaN
      53 ,       29 ,  1.32049965E+00 ,  9.76775863E-01 ,             NaN ,             NaN
      54 ,       29 ,  1.42643160E+00 ,  8.95256950E-01 ,             NaN ,             NaN
      55 ,       29 ,  1.52628743E+00 ,  7.99536460E-01 ,             NaN ,             NaN
      56 ,       29 ,  1.61724476E+00 ,  6.89225517E-01 ,             NaN ,             NaN
      57 ,       29 ,  1.69588772E+00 ,  5.64751434E-01 ,             NaN ,             NaN
      58 ,       29 ,  1.75846001E+00 ,  4.27729850E-01 ,             NaN ,             NaN
      59 ,       29 ,  1.80134008E+00 ,  2.81249481E-01 ,             NaN ,             NaN
      60 ,       29 ,  1.82170207E+00 ,  1.29919113E-01 ,             NaN ,             NaN
      61 ,       29 ,  1.81821291E+00 , -2.04500846E-02 ,             NaN ,             NaN
       1 ,       30 ,  1.94567651E+00 , -2.21794741E-02 ,             NaN ,             NaN
       2 ,       30 ,  1.94264728E+00 , -1.85969867E-01 ,             NaN ,             NaN
       3 ,       30 ,  1.91492446E+00 , -3.49064385E-01 ,             NaN ,             NaN
       4 ,       30 ,  1.86430130E+00 , -5.05809589E-01 ,             NaN ,             NaN
       5 ,       30 ,  1.79387845E+00 , -6.51837057E-01 ,             NaN ,             NaN
       6 ,       30 ,  1.70739349E+00 , -7.84292437E-01 ,             NaN ,             NaN
       7 ,       30 ,  1.60861350E+00 , -9.01743459E-01 ,             NaN ,             NaN
       8 ,       30 ,  1.50090970E+00 , -1.00388665E+00 ,             NaN ,             NaN
       9 ,       30 ,  1.38703697E+00 , -1.09118494E+00 ,             NaN ,             NaN
      10 ,       30 ,  1.26907945E+00 , -1.16453058E+00 ,             NaN ,             NaN
      11 ,       30 ,  1.14850244E+00 , -1.22497941E+00 ,             NaN ,             NaN
      12 ,       30 ,  1.02625710E+00 , -1.27356556E+00 ,             NaN ,             NaN
      13 ,       30 ,  9.02900599E-01 , -1.31118589E+00 ,             NaN ,             NaN
      14 ,       30 ,  7.78710746E-01 , -1.33853634E+00 ,             NaN ,             NaN
      15 ,       30 ,  6.53785719E-01 , -1.35608287E+00 ,             NaN ,             NaN
      16 ,       30 ,  5.28127528E-01 , -1.36405310E+00 ,             NaN ,             NaN
      17 ,       30 ,  4.01711632E-01 , -1.36243885E+00 ,             NaN ,             NaN
      18 ,       30 ,  2.74547301E-01 , -1.35100377E+00 ,             NaN ,             NaN
      19 ,       30 ,  1.46734149E-01 , -1.32929331E+00 ,             NaN ,             NaN
      20 ,       30 ,  1.85204187E-02 , -1.29664758E+00 ,             NaN ,             NaN
      21 ,       30 , -1.09631951E-01 , -1.25222069E+00 ,             NaN ,             NaN
      22 ,       30 , -2.36972086E-01 , -1.19501381E+00 ,             NaN ,             NaN
      23 ,       30 , -3.62374883E-01 , -1.12393251E+00 ,             NaN ,             NaN
      24 ,       30 , -4.84251917E-01 , -1.03788200E+00 ,             NaN ,             NaN
      25 ,       30 , -6.00474199E-01 , -9.35913828E-01 ,             NaN ,             NaN
      26 ,       30 , -7.08334272E-01 , -8.17432067E-01 ,             NaN ,             NaN
      27 ,       30 , -8.04586527E-01 , -6.82452833E-01 ,             NaN ,             NaN
      28 ,       30 , -8.85608588E-01 , -5.31885163E-01 ,             NaN ,             NaN
      29 ,       30 , -9.47713089E-01 , -3.67768391E-01 ,             NaN ,             NaN
      30 ,       30 , -9.87599068E-01 , -1.93373840E-01 ,             NaN ,             NaN
      31 ,       30 , -1.00286825E+00 , -1.30807956E-02 ,             NaN ,             NaN
      32 ,       30 , -9.92469553E-01 ,  1.68010054E-01 ,             NaN ,             NaN
      33 ,       30 , -9.56920391E-01 ,  3.44664103E-01 ,             NaN ,             NaN
      34 ,       30 , -8.98217533E-01 ,  5.12145518E-01 ,             NaN ,             NaN
      35 ,       30 , -8.19468154E-01 ,  6.66714925E-01 ,             NaN ,             NaN
      36 ,       30 , -7.24371810E-01 ,  8.05876448E-01 ,             NaN ,             NaN
      37 ,       30 , -6.16709388E-01 ,  9.28364364E-01 ,             NaN ,             NaN
      38 ,       30 , -4.99950760E-01 ,  1.03394160E+00 ,             NaN ,             NaN
      39 ,       30 , -3.77022955E-01 ,  1.12310998E+00 ,             NaN ,             NaN
      40 ,       30 , -2.50224745E-01 ,  1.19681615E+00 ,             NaN ,             NaN
      41 ,       30 , -1.21246323E-01 ,  1.25620298E+00 ,             NaN ,             NaN
      42 ,       30 ,  8.75066259E-03 ,  1.30242499E+00 ,             NaN ,             NaN
      43 ,       30 ,  1.39028129E-01 ,  1.33652531E+00 ,             NaN ,             NaN
      44 ,       30 ,  2.69164331E-01 ,  1.35936216E+00 ,             NaN ,             NaN
      45 ,       30 ,  3.98955883E-01 ,  1.37156991E+00 ,             NaN ,             NaN
      46 ,       30 ,  5.28332485E-01 ,  1.37354219E+00 ,             NaN ,             NaN
      47 ,       30 ,  6.57282787E-01 ,  1.36542713E+00 ,             NaN ,             NaN
      48 ,       30 ,  7.85786946E-01 ,  1.34712910E+00 ,             NaN ,             NaN
      49 ,       30 ,  9.13750117E-01 ,  1.31831465E+00 ,             NaN ,             NaN
      50 ,       30 ,  1.04093086E+00 ,  1.27842445E+00 ,             NaN ,             NaN
      51 ,       30 ,  1.16685931E+00 ,  1.22669671E+00 ,             NaN ,             NaN
      52 ,       30 ,  1.29074254E+00 ,  1.16221219E+00 ,             NaN ,             NaN
      53 ,       30 ,  1.41135956E+00 ,  1.08397488E+00 ,             NaN ,             NaN
      54 ,       30 ,  1.52695701E+00 ,  9.91045561E-01 ,             NaN ,             NaN
      55 ,       30 ,  1.63516968E+00 ,  8.82743986E-01 ,             NaN ,             NaN
      56 ,       30 ,  1.73300575E+00 ,  7.58925702E-01 ,             NaN ,             NaN
      57 ,       30 ,  1.81695039E+00 ,  6.20316023E-01 ,             NaN ,             NaN
      58 ,       30 ,  1.88324138E+00 ,  4.68844851E-01 ,             NaN ,             NaN
      59 ,       30 ,  1.92834062E+00 ,  3.07880172E-01 ,             NaN ,             NaN
      60 ,       30 ,  1.94955627E+00 ,  1.42231024E-01 ,             NaN ,             NaN
      61 ,       30 ,  1.94567651E+00 , -2.21794741E-02 ,             NaN ,             NaN
       1 ,       31 ,  2.09144726E+00 , -2.40117123E-02 ,             NaN ,             NaN
       2 ,       31 ,  2.08862931E+00 , -2.03456371E-01 ,             NaN ,             NaN
       3 ,       31 ,  2.05967445E+00 , -3.82466778E-01 ,             NaN ,             NaN
       4 ,       31 ,  2.00625200E+00 , -5.55246661E-01 ,             NaN ,             NaN
       5 ,       31 ,  1.93133974E+00 , -7.17201917E-01 ,             NaN ,             NaN
       6 ,       31 ,  1.83860911E+00 , -8.65183102E-01 ,             NaN ,             NaN
       7 ,       31 ,  1.73184995E+00 , -9.97435249E-01 ,             NaN ,             NaN
       8 ,       31 ,  1.61454610E+00 , -1.11335110E+00 ,             NaN ,             NaN
       9 ,       31 ,  1.48963336E+00 , -1.21314228E+00 ,             NaN ,             NaN
      10 ,       31 ,  1.35941470E+00 , -1.29751692E+00 ,             NaN ,             NaN
      11 ,       31 ,  1.22558394E+00 , -1.36741224E+00 ,             NaN ,             NaN
      12 ,       31 ,  1.08931003E+00 , -1.42379773E+00 ,             NaN ,             NaN
      13 ,       31 ,  9.51345744E-01 , -1.46754397E+00 ,             NaN ,             NaN
      14 ,       31 ,  8.12138477E-01 , -1.49934360E+00 ,             NaN ,             NaN
      15 ,       31 ,  6.71931869E-01 , -1.51966937E+00 ,             NaN ,             NaN
      16 ,       31 ,  5.30854649E-01 , -1.52875639E+00 ,             NaN ,             NaN
      17 ,       31 ,  3.88997726E-01 , -1.52659884E+00 ,             NaN ,             NaN
      18 ,       31 ,  2.46483000E-01 , -1.51295534E+00 ,             NaN ,             NaN
      19 ,       31 ,  1.03528476E-01 , -1.48735994E+00 ,             NaN ,             NaN
      20 ,       31 , -3.94855318E-02 , -1.44913946E+00 ,             NaN ,             NaN
      21 ,       31 , -1.81945103E-01 , -1.39744065E+00 ,             NaN ,             NaN
      22 ,       31 , -3.22924295E-01 , -1.33127410E+00 ,             NaN ,             NaN
      23 ,       31 , -4.61101374E-01 , -1.24958482E+00 ,             NaN ,             NaN
      24 ,       31 , -5.94677632E-01 , -1.15136093E+00 ,             NaN ,             NaN
      25 ,       31 , -7.21315356E-01 , -1.03579102E+00 ,             NaN ,             NaN
      26 ,       31 , -8.38121620E-01 , -9.02473650E-01 ,             NaN ,             NaN
      27 ,       31 , -9.41712822E-01 , -7.51668207E-01 ,             NaN ,             NaN
      28 ,       31 , -1.02839527E+00 , -5.84552793E-01 ,             NaN ,             NaN
      29 ,       31 , -1.09448134E+00 , -4.03427456E-01 ,             NaN ,             NaN
      30 ,       31 , -1.13672324E+00 , -2.11781449E-01 ,             NaN ,             NaN
      31 ,       31 , -1.15279141E+00 , -1.41508083E-02 ,             NaN ,             NaN
      32 ,       31 , -1.14167630E+00 ,  1.84257778E-01 ,             NaN ,             NaN
      33 ,       31 , -1.10388467E+00 ,  3.78117251E-01 ,             NaN ,             NaN
      34 ,       31 , -1.04135814E+00 ,  5.62568459E-01 ,             NaN ,             NaN
      35 ,       31 , -9.57139892E-01 ,  7.33690882E-01 ,             NaN ,             NaN
      36 ,       31 , -8.54899866E-01 ,  8.88752587E-01 ,             NaN ,             NaN
      37 ,       31 , -7.38453650E-01 ,  1.02622406E+00 ,             NaN ,             NaN
      38 ,       31 , -6.11377481E-01 ,  1.14561231E+00 ,             NaN ,             NaN
      39 ,       31 , -4.76764250E-01 ,  1.24720063E+00 ,             NaN ,             NaN
      40 ,       31 , -3.37115656E-01 ,  1.33177052E+00 ,             NaN ,             NaN
      41 ,       31 , -1.94338344E-01 ,  1.40035559E+00 ,             NaN ,             NaN
      42 ,       31 , -4.98051787E-02 ,  1.45404961E+00 ,             NaN ,             NaN
      43 ,       31 ,  9.55514232E-02 ,  1.49387127E+00 ,             NaN ,             NaN
      44 ,       31 ,  2.41136959E-01 ,  1.52067706E+00 ,             NaN ,             NaN
      45 ,       31 ,  3.86595931E-01 ,  1.53511063E+00 ,             NaN ,             NaN
      46 ,       31 ,  5.31721679E-01 ,  1.53757671E+00 ,             NaN ,             NaN
      47 ,       31 ,  6.76374850E-01 ,  1.52823093E+00 ,             NaN ,             NaN
      48 ,       31 ,  8.20407339E-01 ,  1.50697972E+00 ,             NaN ,             NaN
      49 ,       31 ,  9.63586987E-01 ,  1.47348835E+00 ,             NaN ,             NaN
      50 ,       31 ,  1.10551816E+00 ,  1.42719883E+00 ,             NaN ,             NaN
      51 ,       31 ,  1.24555447E+00 ,  1.36736331E+00 ,             NaN ,             NaN
      52 ,       31 ,  1.38270279E+00 ,  1.29310246E+00 ,             NaN ,             NaN
      53 ,       31 ,  1.51552307E+00 ,  1.20350168E+00 ,             NaN ,             NaN
      54 ,       31 ,  1.64203708E+00 ,  1.09775959E+00 ,             NaN ,             NaN
      55 ,       31 ,  1.75967073E+00 ,  9.75399743E-01 ,             NaN ,             NaN
      56 ,       31 ,  1.86526789E+00 ,  8.36545711E-01 ,             NaN ,             NaN
      57 ,       31 ,  1.95522256E+00 ,  6.82236271E-01 ,             NaN ,             NaN
      58 ,       31 ,  2.02577142E+00 ,  5.14723476E-01 ,             NaN ,             NaN
      59 ,       31 ,  2.07345774E+00 ,  3.37659693E-01 ,             NaN ,             NaN
      60 ,       31 ,  2.09571568E+00 ,  1.56063607E-01 ,             NaN ,             NaN
      61 ,       31 ,  2.09144726E+00 , -2.40117123E-02 ,             NaN ,             NaN
       1 ,       32 ,  2.25793319E+00 , -2.59567110E-02 ,             NaN ,             NaN
       2 ,       32 ,  2.25530301E+00 , -2.22926663E-01 ,             NaN ,             NaN
       3 ,       32 ,  2.22487677E+00 , -4.19727496E-01 ,             NaN ,             NaN
       4 ,       32 ,  2.16820790E+00 , -6.10398789E-01 ,             NaN ,             NaN
       5 ,       32 ,  2.08816009E+00 , -7.90107274E-01 ,             NaN ,             NaN
       6 ,       32 ,  1.98834271E+00 , -9.55398760E-01 ,             NaN ,             NaN
       7 ,       32 ,  1.87256681E+00 , -1.10418369E+00 ,             NaN ,             NaN
       8 ,       32 ,  1.74442510E+00 , -1.23553282E+00 ,             NaN ,             NaN
       9 ,       32 ,  1.60703306E+00 , -1.34938144E+00 ,             NaN ,             NaN
      10 ,       32 ,  1.46291732E+00 , -1.44622402E+00 ,             NaN ,             NaN
      11 ,       32 ,  1.31401258E+00 , -1.52684855E+00 ,             NaN ,             NaN
      12 ,       32 ,  1.16172519E+00 , -1.59213131E+00 ,             NaN ,             NaN
      13 ,       32 ,  1.00702899E+00 , -1.64289212E+00 ,             NaN ,             NaN
      14 ,       32 ,  8.50570677E-01 , -1.67980107E+00 ,             NaN ,             NaN
      15 ,       32 ,  6.92771764E-01 , -1.70332394E+00 ,             NaN ,             NaN
      16 ,       32 ,  5.33921705E-01 , -1.71369485E+00 ,             NaN ,             NaN
      17 ,       32 ,  3.74261677E-01 , -1.71090697E+00 ,             NaN ,             NaN
      18 ,       32 ,  2.14061230E-01 , -1.69471533E+00 ,             NaN ,             NaN
      19 ,       32 ,  5.36913842E-02 , -1.66464899E+00 ,             NaN ,             NaN
      20 ,       32 , -1.06302062E-01 , -1.62003292E+00 ,             NaN ,             NaN
      21 ,       32 , -2.65122121E-01 , -1.56002305E+00 ,             NaN ,             NaN
      22 ,       32 , -4.21640447E-01 , -1.48366079E+00 ,             NaN ,             NaN
      23 ,       32 , -5.74316652E-01 , -1.38995593E+00 ,             NaN ,             NaN
      24 ,       32 , -7.21126329E-01 , -1.27800716E+00 ,             NaN ,             NaN
      25 ,       32 , -8.59514738E-01 , -1.14716751E+00 ,             NaN ,             NaN
      26 ,       32 , -9.86401372E-01 , -9.97254361E-01 ,             NaN ,             NaN
      27 ,       32 , -1.09826617E+00 , -8.28789385E-01 ,             NaN ,             NaN
      28 ,       32 , -1.19134557E+00 , -6.43233064E-01 ,             NaN ,             NaN
      29 ,       32 , -1.26194978E+00 , -4.43155968E-01 ,             NaN ,             NaN
      30 ,       32 , -1.30687773E+00 , -2.32275762E-01 ,             NaN ,             NaN
      31 ,       32 , -1.32386037E+00 , -1.53001905E-02 ,             NaN ,             NaN
      32 ,       32 , -1.31192424E+00 ,  2.02438003E-01 ,             NaN ,             NaN
      33 ,       32 , -1.27156617E+00 ,  4.15497440E-01 ,             NaN ,             NaN
      34 ,       32 , -1.20467871E+00 ,  6.18876470E-01 ,             NaN ,             NaN
      35 ,       32 , -1.11424854E+00 ,  8.08458854E-01 ,             NaN ,             NaN
      36 ,       32 , -1.00392102E+00 ,  9.81264712E-01 ,             NaN ,             NaN
      37 ,       32 , -8.77548002E-01 ,  1.13548758E+00 ,             NaN ,             NaN
      38 ,       32 , -7.38812227E-01 ,  1.27036096E+00 ,             NaN ,             NaN
      39 ,       32 , -5.90974669E-01 ,  1.38592678E+00 ,             NaN ,             NaN
      40 ,       32 , -4.36747246E-01 ,  1.48277477E+00 ,             NaN ,             NaN
      41 ,       32 , -2.78266983E-01 ,  1.56180145E+00 ,             NaN ,             NaN
      42 ,       32 , -1.17138613E-01 ,  1.62401358E+00 ,             NaN ,             NaN
      43 ,       32 ,  4.54847032E-02 ,  1.67038256E+00 ,             NaN ,             NaN
      44 ,       32 ,  2.08804921E-01 ,  1.70174529E+00 ,             NaN ,             NaN
      45 ,       32 ,  3.72280674E-01 ,  1.71874205E+00 ,             NaN ,             NaN
      46 ,       32 ,  5.35533388E-01 ,  1.72178164E+00 ,             NaN ,             NaN
      47 ,       32 ,  6.98259316E-01 ,  1.71102561E+00 ,             NaN ,             NaN
      48 ,       32 ,  8.60145648E-01 ,  1.68638642E+00 ,             NaN ,             NaN
      49 ,       32 ,  1.02078727E+00 ,  1.64753764E+00 ,             NaN ,             NaN
      50 ,       32 ,  1.17960059E+00 ,  1.59393805E+00 ,             NaN ,             NaN
      51 ,       32 ,  1.33573216E+00 ,  1.52487489E+00 ,             NaN ,             NaN
      52 ,       32 ,  1.48796299E+00 ,  1.43953505E+00 ,             NaN ,             NaN
      53 ,       32 ,  1.63461499E+00 ,  1.33711548E+00 ,             NaN ,             NaN
      54 ,       32 ,  1.77347387E+00 ,  1.21698404E+00 ,             NaN ,             NaN
      55 ,       32 ,  1.90175320E+00 ,  1.07889754E+00 ,             NaN ,             NaN
      56 ,       32 ,  2.01613492E+00 ,  9.23271619E-01 ,             NaN ,             NaN
      57 ,       32 ,  2.11292598E+00 ,  7.51475294E-01 ,             NaN ,             NaN
      58 ,       32 ,  2.18836317E+00 ,  5.66093466E-01 ,             NaN ,             NaN
      59 ,       32 ,  2.23906641E+00 ,  3.71072167E-01 ,             NaN ,             NaN
      60 ,       32 ,  2.26258683E+00 ,  1.71653738E-01 ,             NaN ,             NaN
      61 ,       32 ,  2.25793319E+00 , -2.59567110E-02 ,             NaN ,             NaN
       1 ,       33 ,  2.44784820E+00 , -2.80254857E-02 ,             NaN ,             NaN
       2 ,       33 ,  2.44537766E+00 , -2.44673990E-01 ,             NaN ,             NaN
       3 ,       33 ,  2.41320307E+00 , -4.61421886E-01 ,             NaN ,             NaN
       4 ,       33 ,  2.35276996E+00 , -6.72118718E-01 ,             NaN ,             NaN
       5 ,       33 ,  2.26683791E+00 , -8.71673697E-01 ,             NaN ,             NaN
       6 ,       33 ,  2.15896075E+00 , -1.05631387E+00 ,             NaN ,             NaN
       7 ,       33 ,  2.03297263E+00 , -1.22360009E+00 ,             NaN ,             NaN
       8 ,       33 ,  1.89257483E+00 , -1.37226111E+00 ,             NaN ,             NaN
       9 ,       33 ,  1.74106409E+00 , -1.50192996E+00 ,             NaN ,             NaN
      10 ,       33 ,  1.58119751E+00 , -1.61285703E+00 ,             NaN ,             NaN
      11 ,       33 ,  1.41516464E+00 , -1.70564935E+00 ,             NaN ,             NaN
      12 ,       33 ,  1.24463031E+00 , -1.78105963E+00 ,             NaN ,             NaN
      13 ,       33 ,  1.07081676E+00 , -1.83983047E+00 ,             NaN ,             NaN
      14 ,       33 ,  8.94602034E-01 , -1.88258801E+00 ,             NaN ,             NaN
      15 ,       33 ,  7.16620829E-01 , -1.90977542E+00 ,             NaN ,             NaN
      16 ,       33 ,  5.37360661E-01 , -1.92161608E+00 ,             NaN ,             NaN
      17 ,       33 ,  3.57251326E-01 , -1.91809814E+00 ,             NaN ,             NaN
      18 ,       33 ,  1.76748564E-01 , -1.89897480E+00 ,             NaN ,             NaN
      19 ,       33 , -3.58570339E-03 , -1.86377751E+00 ,             NaN ,             NaN
      20 ,       33 , -1.83003920E-01 , -1.81184241E+00 ,             NaN ,             NaN
      21 ,       33 , -3.60492572E-01 , -1.74235305E+00 ,             NaN ,             NaN
      22 ,       33 , -5.34691638E-01 , -1.65440506E+00 ,             NaN ,             NaN
      23 ,       33 , -7.03818370E-01 , -1.54710012E+00 ,             NaN ,             NaN
      24 ,       33 , -8.65605520E-01 , -1.41967645E+00 ,             NaN ,             NaN
      25 ,       33 , -1.01727087E+00 , -1.27168000E+00 ,             NaN ,             NaN
      26 ,       33 , -1.15554146E+00 , -1.10317234E+00 ,             NaN ,             NaN
      27 ,       33 , -1.27675892E+00 , -9.14958022E-01 ,             NaN ,             NaN
      28 ,       33 , -1.37708775E+00 , -7.08795728E-01 ,             NaN ,             NaN
      29 ,       33 , -1.45283094E+00 , -4.87539907E-01 ,             NaN ,             NaN
      30 ,       33 , -1.50082598E+00 , -2.55151286E-01 ,             NaN ,             NaN
      31 ,       33 , -1.51885531E+00 , -1.65284084E-02 ,             NaN ,             NaN
      32 ,       33 , -1.50597621E+00 ,  2.22846156E-01 ,             NaN ,             NaN
      33 ,       33 , -1.46267662E+00 ,  4.57391321E-01 ,             NaN ,             NaN
      34 ,       33 , -1.39080685E+00 ,  6.81939987E-01 ,             NaN ,             NaN
      35 ,       33 , -1.29330615E+00 ,  8.92161630E-01 ,             NaN ,             NaN
      36 ,       33 , -1.17380290E+00 ,  1.08481281E+00 ,             NaN ,             NaN
      37 ,       33 , -1.03619004E+00 ,  1.25779406E+00 ,             NaN ,             NaN
      38 ,       33 , -8.84260406E-01 ,  1.41004588E+00 ,             NaN ,             NaN
      39 ,       33 , -7.21448219E-01 ,  1.54134477E+00 ,             NaN ,             NaN
      40 ,       33 , -5.50685253E-01 ,  1.65206106E+00 ,             NaN ,             NaN
      41 ,       33 , -3.74354758E-01 ,  1.74292519E+00 ,             NaN ,             NaN
      42 ,       33 , -1.94315781E-01 ,  1.81482902E+00 ,             NaN ,             NaN
      43 ,       33 , -1.19706647E-02 ,  1.86867219E+00 ,             NaN ,             NaN
      44 ,       33 ,  1.71645770E-01 ,  1.90525222E+00 ,             NaN ,             NaN
      45 ,       33 ,  3.55769612E-01 ,  1.92519197E+00 ,             NaN ,             NaN
      46 ,       33 ,  5.39811526E-01 ,  1.92889626E+00 ,             NaN ,             NaN
      47 ,       33 ,  7.23263472E-01 ,  1.91653080E+00 ,             NaN ,             NaN
      48 ,       33 ,  9.05608045E-01 ,  1.88801858E+00 ,             NaN ,             NaN
      49 ,       33 ,  1.08622836E+00 ,  1.84305241E+00 ,             NaN ,             NaN
      50 ,       33 ,  1.26431635E+00 ,  1.78112502E+00 ,             NaN ,             NaN
      51 ,       33 ,  1.43877878E+00 ,  1.70158189E+00 ,             NaN ,             NaN
      52 ,       33 ,  1.60814348E+00 ,  1.60370438E+00 ,             NaN ,             NaN
      53 ,       33 ,  1.77047379E+00 ,  1.48683260E+00 ,             NaN ,             NaN
      54 ,       33 ,  1.92330640E+00 ,  1.35053611E+00 ,             NaN ,             NaN
      55 ,       33 ,  2.06363686E+00 ,  1.19483513E+00 ,             NaN ,             NaN
      56 ,       33 ,  2.18798435E+00 ,  1.02046243E+00 ,             NaN ,             NaN
      57 ,       33 ,  2.29256924E+00 ,  8.29136128E-01 ,             NaN ,             NaN
      58 ,       33 ,  2.37362603E+00 ,  6.23788094E-01 ,             NaN ,             NaN
      59 ,       33 ,  2.42784422E+00 ,  4.08671987E-01 ,             NaN ,             NaN
      60 ,       33 ,  2.45288208E+00 ,  1.89272847E-01 ,             NaN ,             NaN
      61 ,       33 ,  2.44784820E+00 , -2.80254857E-02 ,             NaN ,             NaN
       1 ,       34 ,  2.66425564E+00 , -3.02300239E-02 ,             NaN ,             NaN
       2 ,       34 ,  2.66191215E+00 , -2.69031989E-01 ,             NaN ,             NaN
       3 ,       34 ,  2.62767103E+00 , -5.08205132E-01 ,             NaN ,             NaN
       4 ,       34 ,  2.56287795E+00 , -7.41377998E-01 ,             NaN ,             NaN
       5 ,       34 ,  2.47019929E+00 , -9.63178593E-01 ,             NaN ,             NaN
       6 ,       34 ,  2.35314227E+00 , -1.16949628E+00 ,             NaN ,             NaN
       7 ,       34 ,  2.21556935E+00 , -1.35752352E+00 ,             NaN ,             NaN
       8 ,       34 ,  2.06129370E+00 , -1.52562461E+00 ,             NaN ,             NaN
       9 ,       34 ,  1.89379800E+00 , -1.67310275E+00 ,             NaN ,             NaN
      10 ,       34 ,  1.71607934E+00 , -1.79993278E+00 ,             NaN ,             NaN
      11 ,       34 ,  1.53059817E+00 , -1.90650755E+00 ,             NaN ,             NaN
      12 ,       34 ,  1.33930102E+00 , -1.99342435E+00 ,             NaN ,             NaN
      13 ,       34 ,  1.14368808E+00 , -2.06132007E+00 ,             NaN ,             NaN
      14 ,       34 ,  9.44903563E-01 , -2.11075355E+00 ,             NaN ,             NaN
      15 ,       34 ,  7.43833892E-01 , -2.14212800E+00 ,             NaN ,             NaN
      16 ,       34 ,  5.41205591E-01 , -2.15564505E+00 ,             NaN ,             NaN
      17 ,       34 ,  3.37679266E-01 , -2.15128334E+00 ,             NaN ,             NaN
      18 ,       34 ,  1.33939209E-01 , -2.12879616E+00 ,             NaN ,             NaN
      19 ,       34 , -6.92202571E-02 , -2.08772564E+00 ,             NaN ,             NaN
      20 ,       34 , -2.70810321E-01 , -2.02743355E+00 ,             NaN ,             NaN
      21 ,       34 , -4.69564696E-01 , -1.94715131E+00 ,             NaN ,             NaN
      22 ,       34 , -6.63860022E-01 , -1.84605394E+00 ,             NaN ,             NaN
      23 ,       34 , -8.51645299E-01 , -1.72336377E+00 ,             NaN ,             NaN
      24 ,       34 , -1.03039104E+00 , -1.57848906E+00 ,             NaN ,             NaN
      25 ,       34 , -1.19707451E+00 , -1.41119842E+00 ,             NaN ,             NaN
      26 ,       34 , -1.34822226E+00 , -1.22182453E+00 ,             NaN ,             NaN
      27 ,       34 , -1.48003225E+00 , -1.01147752E+00 ,             NaN ,             NaN
      28 ,       34 , -1.58859142E+00 , -7.82233255E-01 ,             NaN ,             NaN
      29 ,       34 , -1.67018768E+00 , -5.37247495E-01 ,             NaN ,             NaN
      30 ,       34 , -1.72168698E+00 , -2.80743327E-01 ,             NaN ,             NaN
      31 ,       34 , -1.74091368E+00 , -1.78337892E-02 ,             NaN ,             NaN
      32 ,       34 , -1.72695042E+00 ,  2.45820704E-01 ,             NaN ,             NaN
      33 ,       34 , -1.68027763E+00 ,  5.04469879E-01 ,             NaN ,             NaN
      34 ,       34 , -1.60271096E+00 ,  7.52753993E-01 ,             NaN ,             NaN
      35 ,       34 , -1.49715276E+00 ,  9.86105234E-01 ,             NaN ,             NaN
      36 ,       34 , -1.36722453E+00 ,  1.20099681E+00 ,             NaN ,             NaN
      37 ,       34 , -1.21686846E+00 ,  1.39501675E+00 ,             NaN ,             NaN
      38 ,       34 , -1.04999454E+00 ,  1.56679059E+00 ,             NaN ,             NaN
      39 ,       34 , -8.70218690E-01 ,  1.71580365E+00 ,             NaN ,             NaN
      40 ,       34 , -6.80705029E-01 ,  1.84217791E+00 ,             NaN ,             NaN
      41 ,       34 , -4.84101328E-01 ,  1.94644738E+00 ,             NaN ,             NaN
      42 ,       34 , -2.82545740E-01 ,  2.02935973E+00 ,             NaN ,             NaN
      43 ,       34 , -7.77207252E-02 ,  2.09171660E+00 ,             NaN ,             NaN
      44 ,       34 ,  1.29066040E-01 ,  2.13425481E+00 ,             NaN ,             NaN
      45 ,       34 ,  3.36788163E-01 ,  2.15756438E+00 ,             NaN ,             NaN
      46 ,       34 ,  5.44603095E-01 ,  2.16203731E+00 ,             NaN ,             NaN
      47 ,       34 ,  7.51754841E-01 ,  2.14784147E+00 ,             NaN ,             NaN
      48 ,       34 ,  9.57477761E-01 ,  2.11491549E+00 ,             NaN ,             NaN
      49 ,       34 ,  1.16090090E+00 ,  2.06298345E+00 ,             NaN ,             NaN
      50 ,       34 ,  1.36095216E+00 ,  1.99159088E+00 ,             NaN ,             NaN
      51 ,       34 ,  1.55626317E+00 ,  1.90016650E+00 ,             NaN ,             NaN
      52 ,       34 ,  1.74507902E+00 ,  1.78811614E+00 ,             NaN ,             NaN
      53 ,       34 ,  1.92518182E+00 ,  1.65495613E+00 ,             NaN ,             NaN
      54 ,       34 ,  2.09384409E+00 ,  1.50049136E+00 ,             NaN ,             NaN
      55 ,       34 ,  2.24783472E+00 ,  1.32503678E+00 ,             NaN ,             NaN
      56 ,       34 ,  2.38350588E+00 ,  1.12966910E+00 ,             NaN ,             NaN
      57 ,       34 ,  2.49698800E+00 ,  9.16477032E-01 ,             NaN ,             NaN
      58 ,       34 ,  2.58450758E+00 ,  6.88757713E-01 ,             NaN ,             NaN
      59 ,       34 ,  2.64281436E+00 ,  4.51091569E-01 ,             NaN ,             NaN
      60 ,       34 ,  2.66966313E+00 ,  2.09230869E-01 ,             NaN ,             NaN
      61 ,       34 ,  2.66425564E+00 , -3.02300239E-02 ,             NaN ,             NaN
       1 ,       35 ,  2.91061820E+00 , -3.25831791E-02 ,             NaN ,             NaN
       2 ,       35 ,  2.90836462E+00 , -2.96379029E-01 ,             NaN ,             NaN
       3 ,       35 ,  2.87169329E+00 , -5.60821050E-01 ,             NaN ,             NaN
       4 ,       35 ,  2.80185799E+00 , -8.19280227E-01 ,             NaN ,             NaN
       5 ,       35 ,  2.70144376E+00 , -1.06607383E+00 ,             NaN ,             NaN
       6 ,       35 ,  2.57392233E+00 , -1.29672912E+00 ,             NaN ,             NaN
       7 ,       35 ,  2.42319304E+00 , -1.50804695E+00 ,             NaN ,             NaN
       8 ,       35 ,  2.25318789E+00 , -1.69800144E+00 ,             NaN ,             NaN
       9 ,       35 ,  2.06758391E+00 , -1.86553623E+00 ,             NaN ,             NaN
      10 ,       35 ,  1.86963075E+00 , -2.01031737E+00 ,             NaN ,             NaN
      11 ,       35 ,  1.66207865E+00 , -2.13248891E+00 ,             NaN ,             NaN
      12 ,       35 ,  1.44718167E+00 , -2.23245902E+00 ,             NaN ,             NaN
      13 ,       35 ,  1.22675047E+00 , -2.31072858E+00 ,             NaN ,             NaN
      14 ,       35 ,  1.00223338E+00 , -2.36776398E+00 ,             NaN ,             NaN
      15 ,       35 ,  7.74810716E-01 , -2.40390944E+00 ,             NaN ,             NaN
      16 ,       35 ,  5.45492929E-01 , -2.41933275E+00 ,             NaN ,             NaN
      17 ,       35 ,  3.15217800E-01 , -2.41399797E+00 ,             NaN ,             NaN
      18 ,       35 ,  8.49447157E-02 , -2.38766058E+00 ,             NaN ,             NaN
      19 ,       35 , -1.44254117E-01 , -2.33988250E+00 ,             NaN ,             NaN
      20 ,       35 , -3.71105474E-01 , -2.27006695E+00 ,             NaN ,             NaN
      21 ,       35 , -5.94050782E-01 , -2.17751506E+00 ,             NaN ,             NaN
      22 ,       35 , -8.11168745E-01 , -2.06150819E+00 ,             NaN ,             NaN
      23 ,       35 , -1.02011146E+00 , -1.92141986E+00 ,             NaN ,             NaN
      24 ,       35 , -1.21806497E+00 , -1.75686039E+00 ,             NaN ,             NaN
      25 ,       35 , -1.40174986E+00 , -1.56785253E+00 ,             NaN ,             NaN
      26 ,       35 , -1.56748071E+00 , -1.35502901E+00 ,             NaN ,             NaN
      27 ,       35 , -1.71130267E+00 , -1.11983106E+00 ,             NaN ,             NaN
      28 ,       35 , -1.82921600E+00 , -8.64674419E-01 ,             NaN ,             NaN
      29 ,       35 , -1.91748287E+00 , -5.93038275E-01 ,             NaN ,             NaN
      30 ,       35 , -1.97298588E+00 , -3.09432510E-01 ,             NaN ,             NaN
      31 ,       35 , -1.99358104E+00 , -1.92134538E-02 ,             NaN ,             NaN
      32 ,       35 , -1.97837096E+00 ,  2.71747800E-01 ,             NaN ,             NaN
      33 ,       35 , -1.92783031E+00 ,  5.57497677E-01 ,             NaN ,             NaN
      34 ,       35 , -1.84374839E+00 ,  8.32451811E-01 ,             NaN ,             NaN
      35 ,       35 , -1.72900265E+00 ,  1.09177720E+00 ,             NaN ,             NaN
      36 ,       35 , -1.58722026E+00 ,  1.33163919E+00 ,             NaN ,             NaN
      37 ,       35 , -1.42240405E+00 ,  1.54928987E+00 ,             NaN ,             NaN
      38 ,       35 , -1.23859190E+00 ,  1.74301472E+00 ,             NaN ,             NaN
      39 ,       35 , -1.03959357E+00 ,  1.91197992E+00 ,             NaN ,             NaN
      40 ,       35 , -8.28821295E-01 ,  2.05602839E+00 ,             NaN ,             NaN
      41 ,       35 , -6.09208740E-01 ,  2.17546590E+00 ,             NaN ,             NaN
      42 ,       35 , -3.83200893E-01 ,  2.27086503E+00 ,             NaN ,             NaN
      43 ,       35 , -1.52794314E-01 ,  2.34290169E+00 ,             NaN ,             NaN
      44 ,       35 ,  8.03910620E-02 ,  2.39222916E+00 ,             NaN ,             NaN
      45 ,       35 ,  3.15022760E-01 ,  2.41938796E+00 ,             NaN ,             NaN
      46 ,       35 ,  5.49958620E-01 ,  2.42474769E+00 ,             NaN ,             NaN
      47 ,       35 ,  7.84146913E-01 ,  2.40847629E+00 ,             NaN ,             NaN
      48 ,       35 ,  1.01652608E+00 ,  2.37053359E+00 ,             NaN ,             NaN
      49 ,       35 ,  1.24592494E+00 ,  2.31068807E+00 ,             NaN ,             NaN
      50 ,       35 ,  1.47096433E+00 ,  2.22855843E+00 ,             NaN ,             NaN
      51 ,       35 ,  1.68996233E+00 ,  2.12368332E+00 ,             NaN ,             NaN
      52 ,       35 ,  1.90084887E+00 ,  1.99562468E+00 ,             NaN ,             NaN
      53 ,       35 ,  2.10109953E+00 ,  1.84410970E+00 ,             NaN ,             NaN
      54 ,       35 ,  2.28770444E+00 ,  1.66921368E+00 ,             NaN ,             NaN
      55 ,       35 ,  2.45719389E+00 ,  1.47157932E+00 ,             NaN ,             NaN
      56 ,       35 ,  2.60574498E+00 ,  1.25265635E+00 ,             NaN ,             NaN
      57 ,       35 ,  2.72939096E+00 ,  1.01492913E+00 ,             NaN ,             NaN
      58 ,       35 ,  2.82434130E+00 ,  7.62083084E-01 ,             NaN ,             NaN
      59 ,       35 ,  2.88739455E+00 ,  4.99050299E-01 ,             NaN ,             NaN
      60 ,       35 ,  2.91639070E+00 ,  2.31880776E-01 ,             NaN ,             NaN
      61 ,       35 ,  2.91061820E+00 , -3.25831791E-02 ,             NaN ,             NaN
       1 ,       36 ,  3.19085464E+00 , -3.50986031E-02 ,             NaN ,             NaN
       2 ,       36 ,  3.18864898E+00 , -3.27143331E-01 ,             NaN ,             NaN
       3 ,       36 ,  3.14913307E+00 , -6.20112388E-01 ,             NaN ,             NaN
       4 ,       36 ,  3.07347668E+00 , -9.07076467E-01 ,             NaN ,             NaN
       5 ,       36 ,  2.96419623E+00 , -1.18200618E+00 ,             NaN ,             NaN
       6 ,       36 ,  2.82474133E+00 , -1.44003623E+00 ,             NaN ,             NaN
       7 ,       36 ,  2.65905996E+00 , -1.67754737E+00 ,             NaN ,             NaN
       8 ,       36 ,  2.47121394E+00 , -1.89209391E+00 ,             NaN ,             NaN
       9 ,       36 ,  2.26508690E+00 , -2.08222728E+00 ,             NaN ,             NaN
      10 ,       36 ,  2.04419741E+00 , -2.24726932E+00 ,             NaN ,             NaN
      11 ,       36 ,  1.81160785E+00 , -2.38707865E+00 ,             NaN ,             NaN
      12 ,       36 ,  1.56990905E+00 , -2.50183881E+00 ,             NaN ,             NaN
      13 ,       36 ,  1.32125803E+00 , -2.59188255E+00 ,             NaN ,             NaN
      14 ,       36 ,  1.06744895E+00 , -2.65755676E+00 ,             NaN ,             NaN
      15 ,       36 ,  8.10002278E-01 , -2.69912622E+00 ,             NaN ,             NaN
      16 ,       36 ,  5.50261721E-01 , -2.71671162E+00 ,             NaN ,             NaN
      17 ,       36 ,  2.89493164E-01 , -2.71025692E+00 ,             NaN ,             NaN
      18 ,       36 ,  2.89822201E-02 , -2.67952204E+00 ,             NaN ,             NaN
      19 ,       36 , -2.29871105E-01 , -2.62409854E+00 ,             NaN ,             NaN
      20 ,       36 , -4.85461869E-01 , -2.54344809E+00 ,             NaN ,             NaN
      21 ,       36 , -7.35895880E-01 , -2.43696506E+00 ,             NaN ,             NaN
      22 ,       36 , -9.78915767E-01 , -2.30406580E+00 ,             NaN ,             NaN
      23 ,       36 , -1.21184466E+00 , -2.14430736E+00 ,             NaN ,             NaN
      24 ,       36 , -1.43155846E+00 , -1.95753607E+00 ,             NaN ,             NaN
      25 ,       36 , -1.63450125E+00 , -1.74406241E+00 ,             NaN ,             NaN
      26 ,       36 , -1.81676024E+00 , -1.50485073E+00 ,             NaN ,             NaN
      27 ,       36 , -1.97421477E+00 , -1.24170236E+00 ,             NaN ,             NaN
      28 ,       36 , -2.10276570E+00 , -9.57399980E-01 ,             NaN ,             NaN
      29 ,       36 , -2.19863601E+00 , -6.55773591E-01 ,             NaN ,             NaN
      30 ,       36 , -2.25871153E+00 , -3.41649987E-01 ,             NaN ,             NaN
      31 ,       36 , -2.28086891E+00 , -2.06632350E-02 ,             NaN ,             NaN
      32 ,       36 , -2.26422535E+00 ,  3.01066683E-01 ,             NaN ,             NaN
      33 ,       36 , -2.20925184E+00 ,  6.17343529E-01 ,             NaN ,             NaN
      34 ,       36 , -2.11772037E+00 ,  9.22321016E-01 ,             NaN ,             NaN
      35 ,       36 , -1.99249699E+00 ,  1.21086759E+00 ,             NaN ,             NaN
      36 ,       36 , -1.83722949E+00 ,  1.47881105E+00 ,             NaN ,             NaN
      37 ,       36 , -1.65599609E+00 ,  1.72303940E+00 ,             NaN ,             NaN
      38 ,       36 , -1.45297716E+00 ,  1.94146937E+00 ,             NaN ,             NaN
      39 ,       36 , -1.23219236E+00 ,  2.13291715E+00 ,             NaN ,             NaN
      40 ,       36 , -9.97321779E-01 ,  2.29691376E+00 ,             NaN ,             NaN
      41 ,       36 , -7.51609989E-01 ,  2.43350306E+00 ,             NaN ,             NaN
      42 ,       36 , -4.97840139E-01 ,  2.54304996E+00 ,             NaN ,             NaN
      43 ,       36 , -2.38360527E-01 ,  2.62607535E+00 ,             NaN ,             NaN
      44 ,       36 ,  2.48533771E-02 ,  2.68312469E+00 ,             NaN ,             NaN
      45 ,       36 ,  2.90115276E-01 ,  2.71467127E+00 ,             NaN ,             NaN
      46 ,       36 ,  5.55932617E-01 ,  2.72105202E+00 ,             NaN ,             NaN
      47 ,       36 ,  8.20905676E-01 ,  2.70243271E+00 ,             NaN ,             NaN
      48 ,       36 ,  1.08362482E+00 ,  2.65880041E+00 ,             NaN ,             NaN
      49 ,       36 ,  1.34256825E+00 ,  2.58998222E+00 ,             NaN ,             NaN
      50 ,       36 ,  1.59600269E+00 ,  2.49569170E+00 ,             NaN ,             NaN
      51 ,       36 ,  1.84189061E+00 ,  2.37560576E+00 ,             NaN ,             NaN
      52 ,       36 ,  2.07781097E+00 ,  2.22947584E+00 ,             NaN ,             NaN
      53 ,       36 ,  2.30090400E+00 ,  2.05727634E+00 ,             NaN ,             NaN
      54 ,       36 ,  2.50785573E+00 ,  1.85938986E+00 ,             NaN ,             NaN
      55 ,       36 ,  2.69494193E+00 ,  1.63682211E+00 ,             NaN ,             NaN
      56 ,       36 ,  2.85815239E+00 ,  1.39142800E+00 ,             NaN ,             NaN
      57 ,       36 ,  2.99341195E+00 ,  1.12611682E+00 ,             NaN ,             NaN
      58 ,       36 ,  3.09690081E+00 ,  8.44990816E-01 ,             NaN ,             NaN
      59 ,       36 ,  3.16545284E+00 ,  5.53364900E-01 ,             NaN ,             NaN
      60 ,       36 ,  3.19698114E+00 ,  2.57623808E-01 ,             NaN ,             NaN
      61 ,       36 ,  3.19085464E+00 , -3.50986031E-02 ,             NaN ,             NaN
       1 ,       37 ,  3.52180779E+00 , -3.82224469E-02 ,             NaN ,             NaN
       2 ,       37 ,  3.52190148E+00 , -3.63004022E-01 ,             NaN ,             NaN
       3 ,       37 ,  3.47985589E+00 , -6.90062090E-01 ,             NaN ,             NaN
       4 ,       37 ,  3.39733122E+00 , -1.01139166E+00 ,             NaN ,             NaN
       5 ,       37 ,  3.27714239E+00 , -1.32021158E+00 ,             NaN ,             NaN
       6 ,       37 ,  3.12296081E+00 , -1.61104985E+00 ,             NaN ,             NaN
       7 ,       37 ,  2.93895367E+00 , -1.87975485E+00 ,             NaN ,             NaN
       8 ,       37 ,  2.72943733E+00 , -2.12340466E+00 ,             NaN ,             NaN
       9 ,       37 ,  2.49859651E+00 , -2.34013312E+00 ,             NaN ,             NaN
      10 ,       37 ,  2.25029199E+00 , -2.52890932E+00 ,             NaN ,             NaN
      11 ,       37 ,  1.98795646E+00 , -2.68930647E+00 ,             NaN ,             NaN
      12 ,       37 ,  1.71456476E+00 , -2.82128722E+00 ,             NaN ,             NaN
      13 ,       37 ,  1.43265992E+00 , -2.92502080E+00 ,             NaN ,             NaN
      14 ,       37 ,  1.14441646E+00 , -3.00073875E+00 ,             NaN ,             NaN
      15 ,       37 ,  8.51726221E-01 , -3.04862923E+00 ,             NaN ,             NaN
      16 ,       37 ,  5.56295837E-01 , -3.06876716E+00 ,             NaN ,             NaN
      17 ,       37 ,  2.59748582E-01 , -3.06107610E+00 ,             NaN ,             NaN
      18 ,       37 , -3.62737057E-02 , -3.02531865E+00 ,             NaN ,             NaN
      19 ,       37 , -3.30011528E-01 , -2.96111305E+00 ,             NaN ,             NaN
      20 ,       37 , -6.19493896E-01 , -2.86797545E+00 ,             NaN ,             NaN
      21 ,       37 , -9.02453023E-01 , -2.74538889E+00 ,             NaN ,             NaN
      22 ,       37 , -1.17625269E+00 , -2.59290030E+00 ,             NaN ,             NaN
      23 ,       37 , -1.43783820E+00 , -2.41024689E+00 ,             NaN ,             NaN
      24 ,       37 , -1.68371902E+00 , -2.19751051E+00 ,             NaN ,             NaN
      25 ,       37 , -1.90999784E+00 , -1.95529429E+00 ,             NaN ,             NaN
      26 ,       37 , -2.11246066E+00 , -1.68490825E+00 ,             NaN ,             NaN
      27 ,       37 , -2.28673917E+00 , -1.38854176E+00 ,             NaN ,             NaN
      28 ,       37 , -2.42854849E+00 , -1.06939152E+00 ,             NaN ,             NaN
      29 ,       37 , -2.53398781E+00 , -7.31708755E-01 ,             NaN ,             NaN
      30 ,       37 , -2.59987247E+00 , -3.80732792E-01 ,             NaN ,             NaN
      31 ,       37 , -2.62404710E+00 , -2.24934321E-02 ,             NaN ,             NaN
      32 ,       37 , -2.60562077E+00 ,  3.36507913E-01 ,             NaN ,             NaN
      33 ,       37 , -2.54507240E+00 ,  6.89697052E-01 ,             NaN ,             NaN
      34 ,       37 , -2.44420081E+00 ,  1.03084040E+00 ,             NaN ,             NaN
      35 ,       37 , -2.30593005E+00 ,  1.35440248E+00 ,             NaN ,             NaN
      36 ,       37 , -2.13401290E+00 ,  1.65579329E+00 ,             NaN ,             NaN
      37 ,       37 , -1.93269204E+00 ,  1.93148181E+00 ,             NaN ,             NaN
      38 ,       37 , -1.70637629E+00 ,  2.17898264E+00 ,             NaN ,             NaN
      39 ,       37 , -1.45937322E+00 ,  2.39674503E+00 ,             NaN ,             NaN
      40 ,       37 , -1.19569882E+00 ,  2.58398204E+00 ,             NaN ,             NaN
      41 ,       37 , -9.18966888E-01 ,  2.74047601E+00 ,             NaN ,             NaN
      42 ,       37 , -6.32348413E-01 ,  2.86638774E+00 ,             NaN ,             NaN
      43 ,       37 , -3.38586244E-01 ,  2.96208757E+00 ,             NaN ,             NaN
      44 ,       37 , -4.00490514E-02 ,  3.02801729E+00 ,             NaN ,             NaN
      45 ,       37 ,  2.61188915E-01 ,  3.06458602E+00 ,             NaN ,             NaN
      46 ,       37 ,  5.63252706E-01 ,  3.07209969E+00 ,             NaN ,             NaN
      47 ,       37 ,  8.64363478E-01 ,  3.05072215E+00 ,             NaN ,             NaN
      48 ,       37 ,  1.16273214E+00 ,  3.00046641E+00 ,             NaN ,             NaN
      49 ,       37 ,  1.45645354E+00 ,  2.92121556E+00 ,             NaN ,             NaN
      50 ,       37 ,  1.74340490E+00 ,  2.81277438E+00 ,             NaN ,             NaN
      51 ,       37 ,  2.02115374E+00 ,  2.67495382E+00 ,             NaN ,             NaN
      52 ,       37 ,  2.28688290E+00 ,  2.50769099E+00 ,             NaN ,             NaN
      53 ,       37 ,  2.53734413E+00 ,  2.31120576E+00 ,             NaN ,             NaN
      54 ,       37 ,  2.76885536E+00 ,  2.08619152E+00 ,             NaN ,             NaN
      55 ,       37 ,  2.97735926E+00 ,  1.83403072E+00 ,             NaN ,             NaN
      56 ,       37 ,  3.15855994E+00 ,  1.55701608E+00 ,             NaN ,             NaN
      57 ,       37 ,  3.30814755E+00 ,  1.25854785E+00 ,             NaN ,             NaN
      58 ,       37 ,  3.42210474E+00 ,  9.43269415E-01 ,             NaN ,             NaN
      59 ,       37 ,  3.49706497E+00 ,  6.17107118E-01 ,             NaN ,             NaN
      60 ,       37 ,  3.53066418E+00 ,  2.87202676E-01 ,             NaN ,             NaN
      61 ,       37 ,  3.52180779E+00 , -3.82224469E-02 ,             NaN ,             NaN
       1 ,       38 ,  3.90124375E+00 , -4.16667007E-02 ,             NaN ,             NaN
       2 ,       38 ,  3.90324932E+00 , -4.03771486E-01 ,             NaN ,             NaN
       3 ,       38 ,  3.85823854E+00 , -7.69583784E-01 ,             NaN ,             NaN
       4 ,       38 ,  3.76792953E+00 , -1.13001958E+00 ,             NaN ,             NaN
       5 ,       38 ,  3.63531388E+00 , -1.47742899E+00 ,             NaN ,             NaN
       6 ,       38 ,  3.46429176E+00 , -1.80561939E+00 ,             NaN ,             NaN
       7 ,       38 ,  3.25929986E+00 , -2.10982055E+00 ,             NaN ,             NaN
       8 ,       38 ,  3.02496761E+00 , -2.38657206E+00 ,             NaN ,             NaN
       9 ,       38 ,  2.76583628E+00 , -2.63354323E+00 ,             NaN ,             NaN
      10 ,       38 ,  2.48616003E+00 , -2.84931199E+00 ,             NaN ,             NaN
      11 ,       38 ,  2.18979068E+00 , -3.03313274E+00 ,             NaN ,             NaN
      12 ,       38 ,  1.88013592E+00 , -3.18471754E+00 ,             NaN ,             NaN
      13 ,       38 ,  1.56017495E+00 , -3.30404629E+00 ,             NaN ,             NaN
      14 ,       38 ,  1.23251489E+00 , -3.39121362E+00 ,             NaN ,             NaN
      15 ,       38 ,  8.99473306E-01 , -3.44631461E+00 ,             NaN ,             NaN
      16 ,       38 ,  5.63175661E-01 , -3.46936741E+00 ,             NaN ,             NaN
      17 ,       38 ,  2.25659483E-01 , -3.46027021E+00 ,             NaN ,             NaN
      18 ,       38 , -1.11020131E-01 , -3.41878935E+00 ,             NaN ,             NaN
      19 ,       38 , -4.44687803E-01 , -3.34457689E+00 ,             NaN ,             NaN
      20 ,       38 , -7.72951559E-01 , -3.23721659E+00 ,             NaN ,             NaN
      21 ,       38 , -1.09311728E+00 , -3.09629877E+00 ,             NaN ,             NaN
      22 ,       38 , -1.40211995E+00 , -2.92152456E+00 ,             NaN ,             NaN
      23 ,       38 , -1.69648032E+00 , -2.71283917E+00 ,             NaN ,             NaN
      24 ,       38 , -1.97229784E+00 , -2.47059130E+00 ,             NaN ,             NaN
      25 ,       38 , -2.22529315E+00 , -2.19571092E+00 ,             NaN ,             NaN
      26 ,       38 , -2.45091245E+00 , -1.88989069E+00 ,             NaN ,             NaN
      27 ,       38 , -2.64450290E+00 , -1.55574831E+00 ,             NaN ,             NaN
      28 ,       38 , -2.80155836E+00 , -1.19693940E+00 ,             NaN ,             NaN
      29 ,       38 , -2.91802125E+00 , -8.18187650E-01 ,             NaN ,             NaN
      30 ,       38 , -2.99060817E+00 , -4.25203531E-01 ,             NaN ,             NaN
      31 ,       38 , -3.01711167E+00 , -2.44785089E-02 ,             NaN ,             NaN
      32 ,       38 , -2.99662396E+00 ,  3.77033627E-01 ,             NaN ,             NaN
      33 ,       38 , -2.92963612E+00 ,  7.72308649E-01 ,             NaN ,             NaN
      34 ,       38 , -2.81799059E+00 ,  1.15465681E+00 ,             NaN ,             NaN
      35 ,       38 , -2.66469607E+00 ,  1.51807627E+00 ,             NaN ,             NaN
      36 ,       38 , -2.47364343E+00 ,  1.85750460E+00 ,             NaN ,             NaN
      37 ,       38 , -2.24927641E+00 ,  2.16894432E+00 ,             NaN ,             NaN
      38 ,       38 , -1.99627060E+00 ,  2.44946619E+00 ,             NaN ,             NaN
      39 ,       38 , -1.71926114E+00 ,  2.69711486E+00 ,             NaN ,             NaN
      40 ,       38 , -1.42264145E+00 ,  2.91075100E+00 ,             NaN ,             NaN
      41 ,       38 , -1.11043851E+00 ,  3.08986382E+00 ,             NaN ,             NaN
      42 ,       38 , -7.86258259E-01 ,  3.23438178E+00 ,             NaN ,             NaN
      43 ,       38 , -4.53288451E-01 ,  3.34450035E+00 ,             NaN ,             NaN
      44 ,       38 , -1.14344386E-01 ,  3.42053814E+00 ,             NaN ,             NaN
      45 ,       38 ,  2.28055775E-01 ,  3.46282616E+00 ,             NaN ,             NaN
      46 ,       38 ,  5.71596965E-01 ,  3.47163138E+00 ,             NaN ,             NaN
      47 ,       38 ,  9.14062616E-01 ,  3.44711412E+00 ,             NaN ,             NaN
      48 ,       38 ,  1.25322563E+00 ,  3.38931822E+00 ,             NaN ,             NaN
      49 ,       38 ,  1.58673988E+00 ,  3.29819397E+00 ,             NaN ,             NaN
      50 ,       38 ,  1.91203729E+00 ,  3.17365454E+00 ,             NaN ,             NaN
      51 ,       38 ,  2.22623675E+00 ,  3.01566752E+00 ,             NaN ,             NaN
      52 ,       38 ,  2.52607371E+00 ,  2.82438291E+00 ,             NaN ,             NaN
      53 ,       38 ,  2.80786180E+00 ,  2.60029733E+00 ,             NaN ,             NaN
      54 ,       38 ,  3.06750125E+00 ,  2.34445020E+00 ,             NaN ,             NaN
      55 ,       38 ,  3.30054985E+00 ,  2.05864125E+00 ,             NaN ,             NaN
      56 ,       38 ,  3.50237009E+00 ,  1.74565068E+00 ,             NaN ,             NaN
      57 ,       38 ,  3.66835878E+00 ,  1.40943510E+00 ,             NaN ,             NaN
      58 ,       38 ,  3.79425148E+00 ,  1.05526878E+00 ,             NaN ,             NaN
      59 ,       38 ,  3.87647613E+00 ,  6.89806039E-01 ,             NaN ,             NaN
      60 ,       38 ,  3.91251574E+00 ,  3.21060970E-01 ,             NaN ,             NaN
      61 ,       38 ,  3.90124375E+00 , -4.16667007E-02 ,             NaN ,             NaN
       1 ,       39 ,  4.33490747E+00 , -4.54412787E-02 ,             NaN ,             NaN
       2 ,       39 ,  4.33855701E+00 , -4.50089470E-01 ,             NaN ,             NaN
       3 ,       39 ,  4.28995422E+00 , -8.59885290E-01 ,             NaN ,             NaN
       4 ,       39 ,  4.19072526E+00 , -1.26467376E+00 ,             NaN ,             NaN
       5 ,       39 ,  4.04396273E+00 , -1.65586756E+00 ,             NaN ,             NaN
       6 ,       39 ,  3.85378020E+00 , -2.02646341E+00 ,             NaN ,             NaN
       7 ,       39 ,  3.62490389E+00 , -2.37098666E+00 ,             NaN ,             NaN
       8 ,       39 ,  3.36231361E+00 , -2.68536392E+00 ,             NaN ,             NaN
       9 ,       39 ,  3.07095231E+00 , -2.96673608E+00 ,             NaN ,             NaN
      10 ,       39 ,  2.75551679E+00 , -3.21323445E+00 ,             NaN ,             NaN
      11 ,       39 ,  2.42033063E+00 , -3.42374595E+00 ,             NaN ,             NaN
      12 ,       39 ,  2.06929042E+00 , -3.59768962E+00 ,             NaN ,             NaN
      13 ,       39 ,  1.70587117E+00 , -3.73481988E+00 ,             NaN ,             NaN
      14 ,       39 ,  1.33317560E+00 , -3.83506535E+00 ,             NaN ,             NaN
      15 ,       39 ,  9.54012742E-01 , -3.89840624E+00 ,             NaN ,             NaN
      16 ,       39 ,  5.70994526E-01 , -3.92479011E+00 ,             NaN ,             NaN
      17 ,       39 ,  1.86641403E-01 , -3.91408392E+00 ,             NaN ,             NaN
      18 ,       39 , -1.96509630E-01 , -3.86606013E+00 ,             NaN ,             NaN
      19 ,       39 , -5.75799725E-01 , -3.78041499E+00 ,             NaN ,             NaN
      20 ,       39 , -9.48350421E-01 , -3.65681796E+00 ,             NaN ,             NaN
      21 ,       39 , -1.31097885E+00 , -3.49499205E+00 ,             NaN ,             NaN
      22 ,       39 , -1.66013283E+00 , -3.29482438E+00 ,             NaN ,             NaN
      23 ,       39 , -1.99185481E+00 , -3.05650557E+00 ,             NaN ,             NaN
      24 ,       39 , -2.30178565E+00 , -2.78069297E+00 ,             NaN ,             NaN
      25 ,       39 , -2.58522029E+00 , -2.46868860E+00 ,             NaN ,             NaN
      26 ,       39 , -2.83722627E+00 , -2.12261564E+00 ,             NaN ,             NaN
      27 ,       39 , -3.05283128E+00 , -1.74557035E+00 ,             NaN ,             NaN
      28 ,       39 , -3.22727678E+00 , -1.34172027E+00 ,             NaN ,             NaN
      29 ,       39 , -3.35632113E+00 , -9.16318143E-01 ,             NaN ,             NaN
      30 ,       39 , -3.43656002E+00 , -4.75606527E-01 ,             NaN ,             NaN
      31 ,       39 , -3.46571867E+00 , -2.66037378E-02 ,             NaN ,             NaN
      32 ,       39 , -3.44286593E+00 ,  4.23215846E-01 ,             NaN ,             NaN
      33 ,       39 , -3.36850852E+00 ,  8.66309030E-01 ,             NaN ,             NaN
      34 ,       39 , -3.24454542E+00 ,  1.29546283E+00 ,             NaN ,             NaN
      35 ,       39 , -3.07409098E+00 ,  1.70414573E+00 ,             NaN ,             NaN
      36 ,       39 , -2.86120120E+00 ,  2.08676404E+00 ,             NaN ,             NaN
      37 ,       39 , -2.61055241E+00 ,  2.43879907E+00 ,             NaN ,             NaN
      38 ,       39 , -2.32712236E+00 ,  2.75682631E+00 ,             NaN ,             NaN
      39 ,       39 , -2.01591310E+00 ,  3.03843716E+00 ,             NaN ,             NaN
      40 ,       39 , -1.68173926E+00 ,  3.28209385E+00 ,             NaN ,             NaN
      41 ,       39 , -1.32908984E+00 ,  3.48694975E+00 ,             NaN ,             NaN
      42 ,       39 , -9.62059782E-01 ,  3.65266248E+00 ,             NaN ,             NaN
      43 ,       39 , -5.84340829E-01 ,  3.77921965E+00 ,             NaN ,             NaN
      44 ,       39 , -1.99258372E-01 ,  3.86679025E+00 ,             NaN ,             NaN
      45 ,       39 ,  1.90158573E-01 ,  3.91560815E+00 ,             NaN ,             NaN
      46 ,       39 ,  5.81085478E-01 ,  3.92589049E+00 ,             NaN ,             NaN
      47 ,       39 ,  9.70797500E-01 ,  3.89779168E+00 ,             NaN ,             NaN
      48 ,       39 ,  1.35655896E+00 ,  3.83139265E+00 ,             NaN ,             NaN
      49 ,       39 ,  1.73551332E+00 ,  3.72672574E+00 ,             NaN ,             NaN
      50 ,       39 ,  2.10457997E+00 ,  3.58383559E+00 ,             NaN ,             NaN
      51 ,       39 ,  2.46036514E+00 ,  3.40287719E+00 ,             NaN ,             NaN
      52 ,       39 ,  2.79909652E+00 ,  3.18425123E+00 ,             NaN ,             NaN
      53 ,       39 ,  3.11659319E+00 ,  2.92877531E+00 ,             NaN ,             NaN
      54 ,       39 ,  3.40828505E+00 ,  2.63788524E+00 ,             NaN ,             NaN
      55 ,       39 ,  3.66929585E+00 ,  2.31385512E+00 ,             NaN ,             NaN
      56 ,       39 ,  3.89460165E+00 ,  1.96001814E+00 ,             NaN ,             NaN
      57 ,       39 ,  4.07926927E+00 ,  1.58096350E+00 ,             NaN ,             NaN
      58 ,       39 ,  4.21876839E+00 ,  1.18268366E+00 ,             NaN ,             NaN
      59 ,       39 ,  4.30933871E+00 ,  7.72651542E-01 ,             NaN ,             NaN
      60 ,       39 ,  4.34838799E+00 ,  3.59821068E-01 ,             NaN ,             NaN
      61 ,       39 ,  4.33490747E+00 , -4.54412787E-02 ,             NaN ,             NaN
       1 ,       40 ,  4.83003954E+00 , -4.95754875E-02 ,             NaN ,             NaN
       2 ,       40 ,  4.83524113E+00 , -5.02717807E-01 ,             NaN ,             NaN
       3 ,       40 ,  4.78237274E+00 , -9.62487526E-01 ,             NaN ,             NaN
       4 ,       40 ,  4.67291581E+00 , -1.41762346E+00 ,             NaN ,             NaN
       5 ,       40 ,  4.51003015E+00 , -1.85852388E+00 ,             NaN ,             NaN
       6 ,       40 ,  4.29803914E+00 , -2.27728207E+00 ,             NaN ,             NaN
       7 ,       40 ,  4.04197979E+00 , -2.66762716E+00 ,             NaN ,             NaN
       8 ,       40 ,  3.74721987E+00 , -3.02478918E+00 ,             NaN ,             NaN
       9 ,       40 ,  3.41915167E+00 , -3.34530668E+00 ,             NaN ,             NaN
      10 ,       40 ,  3.06296899E+00 , -3.62679946E+00 ,             NaN ,             NaN
      11 ,       40 ,  2.68352670E+00 , -3.86773020E+00 ,             NaN ,             NaN
      12 ,       40 ,  2.28527440E+00 , -4.06717592E+00 ,             NaN ,             NaN
      13 ,       40 ,  1.87225134E+00 , -4.22462444E+00 ,             NaN ,             NaN
      14 ,       40 ,  1.44812786E+00 , -4.33980535E+00 ,             NaN ,             NaN
      15 ,       40 ,  1.01627947E+00 , -4.41255962E+00 ,             NaN ,             NaN
      16 ,       40 ,  5.79881637E-01 , -4.44274864E+00 ,             NaN ,             NaN
      17 ,       40 ,  1.42015789E-01 , -4.43020175E+00 ,             NaN ,             NaN
      18 ,       40 , -2.94221186E-01 , -4.37470018E+00 ,             NaN ,             NaN
      19 ,       40 , -7.25610167E-01 , -4.27599604E+00 ,             NaN ,             NaN
      20 ,       40 , -1.14871171E+00 , -4.13386485E+00 ,             NaN ,             NaN
      21 ,       40 , -1.55978310E+00 , -3.94819072E+00 ,             NaN ,             NaN
      22 ,       40 , -1.95471825E+00 , -3.71908272E+00 ,             NaN ,             NaN
      23 ,       40 , -2.32901972E+00 , -3.44701913E+00 ,             NaN ,             NaN
      24 ,       40 , -2.67781379E+00 , -3.13301366E+00 ,             NaN ,             NaN
      25 ,       40 , -2.99591952E+00 , -2.77879234E+00 ,             NaN ,             NaN
      26 ,       40 , -3.27798101E+00 , -2.38696429E+00 ,             NaN ,             NaN
      27 ,       40 , -3.51866692E+00 , -1.96116290E+00 ,             NaN ,             NaN
      28 ,       40 , -3.71293157E+00 , -1.50612944E+00 ,             NaN ,             NaN
      29 ,       40 , -3.85631981E+00 , -1.02771121E+00 ,             NaN ,             NaN
      30 ,       40 , -3.94528305E+00 , -5.32752466E-01 ,             NaN ,             NaN
      31 ,       40 , -3.97746357E+00 , -2.88718118E-02 ,             NaN ,             NaN
      32 ,       40 , -3.95190044E+00 ,  4.75859694E-01 ,             NaN ,             NaN
      33 ,       40 , -3.86911963E+00 ,  9.73303195E-01 ,             NaN ,             NaN
      34 ,       40 , -3.73109014E+00 ,  1.45564740E+00 ,             NaN ,             NaN
      35 ,       40 , -3.54105397E+00 ,  1.91575940E+00 ,             NaN ,             NaN
      36 ,       40 , -3.30326129E+00 ,  2.34744663E+00 ,             NaN ,             NaN
      37 ,       40 , -3.02265584E+00 ,  2.74560564E+00 ,             NaN ,             NaN
      38 ,       40 , -2.70455737E+00 ,  3.10625678E+00 ,             NaN ,             NaN
      39 ,       40 , -2.35437983E+00 ,  3.42648161E+00 ,             NaN ,             NaN
      40 ,       40 , -1.97740956E+00 ,  3.70429091E+00 ,             NaN ,             NaN
      41 ,       40 , -1.57865384E+00 ,  3.93845346E+00 ,             NaN ,             NaN
      42 ,       40 , -1.16275871E+00 ,  4.12831245E+00 ,             NaN ,             NaN
      43 ,       40 , -7.33987456E-01 ,  4.27361054E+00 ,             NaN ,             NaN
      44 ,       40 , -2.96247899E-01 ,  4.37433748E+00 ,             NaN ,             NaN
      45 ,       40 ,  1.46843998E-01 ,  4.43060877E+00 ,             NaN ,             NaN
      46 ,       40 ,  5.91875555E-01 ,  4.44257962E+00 ,             NaN ,             NaN
      47 ,       40 ,  1.03553361E+00 ,  4.41039584E+00 ,             NaN ,             NaN
      48 ,       40 ,  1.47449381E+00 ,  4.33418248E+00 ,             NaN ,             NaN
      49 ,       40 ,  1.90531027E+00 ,  4.21407045E+00 ,             NaN ,             NaN
      50 ,       40 ,  2.32431326E+00 ,  4.05026176E+00 ,             NaN ,             NaN
      51 ,       40 ,  2.72752310E+00 ,  3.84313351E+00 ,             NaN ,             NaN
      52 ,       40 ,  3.11059061E+00 ,  3.59338021E+00 ,             NaN ,             NaN
      53 ,       40 ,  3.46877585E+00 ,  3.30219133E+00 ,             NaN ,             NaN
      54 ,       40 ,  3.79697886E+00 ,  2.97145769E+00 ,             NaN ,             NaN
      55 ,       40 ,  4.08983536E+00 ,  2.60399448E+00 ,             NaN ,             NaN
      56 ,       40 ,  4.34188789E+00 ,  2.20376347E+00 ,             NaN ,             NaN
      57 ,       40 ,  4.54783665E+00 ,  1.77607166E+00 ,             NaN ,             NaN
      58 ,       40 ,  4.70286554E+00 ,  1.32772282E+00 ,             NaN ,             NaN
      59 ,       40 ,  4.80303129E+00 ,  8.67102039E-01 ,             NaN ,             NaN
      60 ,       40 ,  4.84570181E+00 ,  4.04179902E-01 ,             NaN ,             NaN
      61 ,       40 ,  4.83003954E+00 , -4.95754875E-02 ,             NaN ,             NaN
       1 ,       41 ,  5.39503304E+00 , -5.41036892E-02 ,             NaN ,             NaN
       2 ,       41 ,  5.40181170E+00 , -5.62517270E-01 ,             NaN ,             NaN
       3 ,       41 ,  5.34395246E+00 , -1.07911993E+00 ,             NaN ,             NaN
       4 ,       41 ,  5.22277879E+00 , -1.59146499E+00 ,             NaN ,             NaN
       5 ,       41 ,  5.04150811E+00 , -2.08884045E+00 ,             NaN ,             NaN
       6 ,       41 ,  4.80468190E+00 , -2.56233296E+00 ,             NaN ,             NaN
       7 ,       41 ,  4.51767523E+00 , -3.00477451E+00 ,             NaN ,             NaN
       8 ,       41 ,  4.18628617E+00 , -3.41060542E+00 ,             NaN ,             NaN
       9 ,       41 ,  3.81640956E+00 , -3.77567838E+00 ,             NaN ,             NaN
      10 ,       41 ,  3.41379741E+00 , -4.09702784E+00 ,             NaN ,             NaN
      11 ,       41 ,  2.98390349E+00 , -4.37262764E+00 ,             NaN ,             NaN
      12 ,       41 ,  2.53180352E+00 , -4.60115715E+00 ,             NaN ,             NaN
      13 ,       41 ,  2.06217889E+00 , -4.78179107E+00 ,             NaN ,             NaN
      14 ,       41 ,  1.57934957E+00 , -4.91402281E+00 ,             NaN ,             NaN
      15 ,       41 ,  1.08734275E+00 , -4.99752663E+00 ,             NaN ,             NaN
      16 ,       41 ,  5.89984885E-01 , -5.03206041E+00 ,             NaN ,             NaN
      17 ,       41 ,  9.10068827E-02 , -5.01740860E+00 ,             NaN ,             NaN
      18 ,       41 , -4.05846084E-01 , -4.95336421E+00 ,             NaN ,             NaN
      19 ,       41 , -8.96707562E-01 , -4.83974827E+00 ,             NaN ,             NaN
      20 ,       41 , -1.37749263E+00 , -4.67646509E+00 ,             NaN ,             NaN
      21 ,       41 , -1.84381796E+00 , -4.46359179E+00 ,             NaN ,             NaN
      22 ,       41 , -2.29094753E+00 , -4.20149955E+00 ,             NaN ,             NaN
      23 ,       41 , -2.71377363E+00 , -3.89100190E+00 ,             NaN ,             NaN
      24 ,       41 , -3.10684370E+00 , -3.53352269E+00 ,             NaN ,             NaN
      25 ,       41 , -3.46444295E+00 , -3.13127099E+00 ,             NaN ,             NaN
      26 ,       41 , -3.78074037E+00 , -2.68740533E+00 ,             NaN ,             NaN
      27 ,       41 , -4.04999993E+00 , -2.20616362E+00 ,             NaN ,             NaN
      28 ,       41 , -4.26684924E+00 , -1.69293233E+00 ,             NaN ,             NaN
      29 ,       41 , -4.42658637E+00 , -1.15422893E+00 ,             NaN ,             NaN
      30 ,       41 , -4.52549273E+00 , -5.97579352E-01 ,             NaN ,             NaN
      31 ,       41 , -4.56111063E+00 , -3.12863334E-02 ,             NaN ,             NaN
      32 ,       41 , -4.53244259E+00 ,  5.35896007E-01 ,             NaN ,             NaN
      33 ,       41 , -4.44003791E+00 ,  1.09514620E+00 ,             NaN ,             NaN
      34 ,       41 , -4.28595032E+00 ,  1.63796931E+00 ,             NaN ,             NaN
      35 ,       41 , -4.07357386E+00 ,  2.15654905E+00 ,             NaN ,             NaN
      36 ,       41 , -3.80738543E+00 ,  2.64401620E+00 ,             NaN ,             NaN
      37 ,       41 , -3.49263564E+00 ,  3.09460935E+00 ,             NaN ,             NaN
      38 ,       41 , -3.13503209E+00 ,  3.50372467E+00 ,             NaN ,             NaN
      39 ,       41 , -2.74045257E+00 ,  3.86786915E+00 ,             NaN ,             NaN
      40 ,       41 , -2.31471335E+00 ,  4.18454186E+00 ,             NaN ,             NaN
      41 ,       41 , -1.86340470E+00 ,  4.45207184E+00 ,             NaN ,             NaN
      42 ,       41 , -1.39179481E+00 ,  4.66943906E+00 ,             NaN ,             NaN
      43 ,       41 , -9.04795516E-01 ,  4.83609965E+00 ,             NaN ,             NaN
      44 ,       41 , -4.06979208E-01 ,  4.95183111E+00 ,             NaN ,             NaN
      45 ,       41 ,  9.73649624E-02 ,  5.01660699E+00 ,             NaN ,             NaN
      46 ,       41 ,  6.04147092E-01 ,  5.03050703E+00 ,             NaN ,             NaN
      47 ,       41 ,  1.10937515E+00 ,  4.99366556E+00 ,             NaN ,             NaN
      48 ,       41 ,  1.60904542E+00 ,  4.90625950E+00 ,             NaN ,             NaN
      49 ,       41 ,  2.09903329E+00 ,  4.76853693E+00 ,             NaN ,             NaN
      50 ,       41 ,  2.57499299E+00 ,  4.58088615E+00 ,             NaN ,             NaN
      51 ,       41 ,  3.03227568E+00 ,  4.34394544E+00 ,             NaN ,             NaN
      52 ,       41 ,  3.46587655E+00 ,  4.05875163E+00 ,             NaN ,             NaN
      53 ,       41 ,  3.87042321E+00 ,  3.72692382E+00 ,             NaN ,             NaN
      54 ,       41 ,  4.24021822E+00 ,  3.35087447E+00 ,             NaN ,             NaN
      55 ,       41 ,  4.56934841E+00 ,  2.93403571E+00 ,             NaN ,             NaN
      56 ,       41 ,  4.85187030E+00 ,  2.48108327E+00 ,             NaN ,             NaN
      57 ,       41 ,  5.08207617E+00 ,  1.99813683E+00 ,             NaN ,             NaN
      58 ,       41 ,  5.25483834E+00 ,  1.49291390E+00 ,             NaN ,             NaN
      59 ,       41 ,  5.36602407E+00 ,  9.74815994E-01 ,             NaN ,             NaN
      60 ,       41 ,  5.41297282E+00 ,  4.54926904E-01 ,             NaN ,             NaN
      61 ,       41 ,  5.39503304E+00 , -5.41036892E-02 ,             NaN ,             NaN
       1 ,       42 ,  6.03952084E+00 , -5.90644445E-02 ,             NaN ,             NaN
       2 ,       42 ,  6.04798095E+00 , -6.30467533E-01 ,             NaN ,             NaN
       3 ,       42 ,  5.98433669E+00 , -1.21174597E+00 ,             NaN ,             NaN
       4 ,       42 ,  5.84975549E+00 , -1.78914863E+00 ,             NaN ,             NaN
       5 ,       42 ,  5.64751711E+00 , -2.35073460E+00 ,             NaN ,             NaN
       6 ,       42 ,  5.38239956E+00 , -2.88646587E+00 ,             NaN ,             NaN
       7 ,       42 ,  5.06015040E+00 , -3.38816439E+00 ,             NaN ,             NaN
       8 ,       42 ,  4.68704688E+00 , -3.84937637E+00 ,             NaN ,             NaN
       9 ,       42 ,  4.26954673E+00 , -4.26517451E+00 ,             NaN ,             NaN
      10 ,       42 ,  3.81402964E+00 , -4.63192420E+00 ,             NaN ,             NaN
      11 ,       42 ,  3.32662514E+00 , -4.94703715E+00 ,             NaN ,             NaN
      12 ,       42 ,  2.81311839E+00 , -5.20873208E+00 ,             NaN ,             NaN
      13 ,       42 ,  2.27892162E+00 , -5.41581796E+00 ,             NaN ,             NaN
      14 ,       42 ,  1.72909772E+00 , -5.56751011E+00 ,             NaN ,             NaN
      15 ,       42 ,  1.16842245E+00 , -5.66328521E+00 ,             NaN ,             NaN
      16 ,       42 ,  6.01472469E-01 , -5.70277801E+00 ,             NaN ,             NaN
      17 ,       42 ,  3.27286021E-02 , -5.68571997E+00 ,             NaN ,             NaN
      18 ,       42 , -5.33315435E-01 , -5.61191924E+00 ,             NaN ,             NaN
      19 ,       42 , -1.09204710E+00 , -5.48128036E+00 ,             NaN ,             NaN
      20 ,       42 , -1.63864007E+00 , -5.29386195E+00 ,             NaN ,             NaN
      21 ,       42 , -2.16797858E+00 , -5.04996991E+00 ,             NaN ,             NaN
      22 ,       42 , -2.67461007E+00 , -4.75028267E+00 ,             NaN ,             NaN
      23 ,       42 , -3.15273612E+00 , -4.39600260E+00 ,             NaN ,             NaN
      24 ,       42 , -3.59625154E+00 , -3.98902453E+00 ,             NaN ,             NaN
      25 ,       42 , -3.99884104E+00 , -3.53210771E+00 ,             NaN ,             NaN
      26 ,       42 , -4.35413894E+00 , -3.02903260E+00 ,             NaN ,             NaN
      27 ,       42 , -4.65595203E+00 , -2.48471916E+00 ,             NaN ,             NaN
      28 ,       42 , -4.89853591E+00 , -1.90528128E+00 ,             NaN ,             NaN
      29 ,       42 , -5.07690440E+00 , -1.29799375E+00 ,             NaN ,             NaN
      30 ,       42 , -5.18714014E+00 , -6.71155921E-01 ,             NaN ,             NaN
      31 ,       42 , -5.22666683E+00 , -3.38503609E-02 ,             NaN ,             NaN
      32 ,       42 , -5.19444307E+00 ,  6.04387477E-01 ,             NaN ,             NaN
      33 ,       42 , -5.09104610E+00 ,  1.23395473E+00 ,             NaN ,             NaN
      34 ,       42 , -4.91863080E+00 ,  1.84557564E+00 ,             NaN ,             NaN
      35 ,       42 , -4.68077041E+00 ,  2.43065684E+00 ,             NaN ,             NaN
      36 ,       42 , -4.38220524E+00 ,  2.98156328E+00 ,             NaN ,             NaN
      37 ,       42 , -4.02853778E+00 ,  3.49179128E+00 ,             NaN ,             NaN
      38 ,       42 , -3.62591603E+00 ,  3.95603368E+00 ,             NaN ,             NaN
      39 ,       42 , -3.18074145E+00 ,  4.37014879E+00 ,             NaN ,             NaN
      40 ,       42 , -2.69942728E+00 ,  4.73105541E+00 ,             NaN ,             NaN
      41 ,       42 , -2.18822105E+00 ,  5.03658056E+00 ,             NaN ,             NaN
      42 ,       42 , -1.65309439E+00 ,  5.28528595E+00 ,             NaN ,             NaN
      43 ,       42 , -1.09969544E+00 ,  5.47629469E+00 ,             NaN ,             NaN
      44 ,       42 , -5.33354515E-01 ,  5.60913508E+00 ,             NaN ,             NaN
      45 ,       42 ,  4.08682384E-02 ,  5.68361235E+00 ,             NaN ,             NaN
      46 ,       42 ,  6.18104771E-01 ,  5.69971576E+00 ,             NaN ,             NaN
      47 ,       42 ,  1.19358162E+00 ,  5.65756488E+00 ,             NaN ,             NaN
      48 ,       42 ,  1.76251304E+00 ,  5.55739734E+00 ,             NaN ,             NaN
      49 ,       42 ,  2.31999431E+00 ,  5.39959911E+00 ,             NaN ,             NaN
      50 ,       42 ,  2.86090503E+00 ,  5.18477736E+00 ,             NaN ,             NaN
      51 ,       42 ,  3.37983251E+00 ,  4.91387540E+00 ,             NaN ,             NaN
      52 ,       42 ,  3.87102672E+00 ,  4.58832718E+00 ,             NaN ,             NaN
      53 ,       42 ,  4.32839906E+00 ,  4.21024667E+00 ,             NaN ,             NaN
      54 ,       42 ,  4.74557775E+00 ,  3.78264356E+00 ,             NaN ,             NaN
      55 ,       42 ,  5.11603164E+00 ,  3.30965272E+00 ,             NaN ,             NaN
      56 ,       42 ,  5.43327167E+00 ,  2.79676014E+00 ,             NaN ,             NaN
      57 ,       42 ,  5.69113453E+00 ,  2.25100446E+00 ,             NaN ,             NaN
      58 ,       42 ,  5.88414803E+00 ,  1.68113159E+00 ,             NaN ,             NaN
      59 ,       42 ,  6.00797354E+00 ,  1.09767891E+00 ,             NaN ,             NaN
      60 ,       42 ,  6.05991951E+00 ,  5.12963142E-01 ,             NaN ,             NaN
      61 ,       42 ,  6.03952084E+00 , -5.90644445E-02 ,             NaN ,             NaN
       1 ,       43 ,  6.77452481E+00 , -6.45006704E-02 ,             NaN ,             NaN
       2 ,       43 ,  6.78483061E+00 , -7.07686013E-01 ,             NaN ,             NaN
       3 ,       43 ,  6.71452057E+00 , -1.36259922E+00 ,             NaN ,             NaN
       4 ,       43 ,  6.56461196E+00 , -2.01402977E+00 ,             NaN ,             NaN
       5 ,       43 ,  6.33846052E+00 , -2.64866405E+00 ,             NaN ,             NaN
       6 ,       43 ,  6.04110783E+00 , -3.25520299E+00 ,             NaN ,             NaN
       7 ,       43 ,  5.67871640E+00 , -3.82433058E+00 ,             NaN ,             NaN
       8 ,       43 ,  5.25809934E+00 , -4.34858122E+00 ,             NaN ,             NaN
       9 ,       43 ,  4.78634623E+00 , -4.82214117E+00 ,             NaN ,             NaN
      10 ,       43 ,  4.27054351E+00 , -5.24061202E+00 ,             NaN ,             NaN
      11 ,       43 ,  3.71758416E+00 , -5.60076024E+00 ,             NaN ,             NaN
      12 ,       43 ,  3.13405760E+00 , -5.90027252E+00 ,             NaN ,             NaN
      13 ,       43 ,  2.52620798E+00 , -6.13753261E+00 ,             NaN ,             NaN
      14 ,       43 ,  1.89994731E+00 , -6.31143041E+00 ,             NaN ,             NaN
      15 ,       43 ,  1.26090998E+00 , -6.42121019E+00 ,             NaN ,             NaN
      16 ,       43 ,  6.14535655E-01 , -6.46636146E+00 ,             NaN ,             NaN
      17 ,       43 , -3.38309489E-02 , -6.44655355E+00 ,             NaN ,             NaN
      18 ,       43 , -6.78833745E-01 , -6.36161347E+00 ,             NaN ,             NaN
      19 ,       43 , -1.31500197E+00 , -6.21154572E+00 ,             NaN ,             NaN
      20 ,       43 , -1.93665891E+00 , -5.99659184E+00 ,             NaN ,             NaN
      21 ,       43 , -2.53785188E+00 , -5.71732673E+00 ,             NaN ,             NaN
      22 ,       43 , -3.11231310E+00 , -5.37478695E+00 ,             NaN ,             NaN
      23 ,       43 , -3.65346137E+00 , -4.97062420E+00 ,             NaN ,             NaN
      24 ,       43 , -4.15445446E+00 , -4.50727329E+00 ,             NaN ,             NaN
      25 ,       43 , -4.60829991E+00 , -3.98812005E+00 ,             NaN ,             NaN
      26 ,       43 , -5.00802889E+00 , -3.41764984E+00 ,             NaN ,             NaN
      27 ,       43 , -5.34693077E+00 , -2.80155362E+00 ,             NaN ,             NaN
      28 ,       43 , -5.61883750E+00 , -2.14676733E+00 ,             NaN ,             NaN
      29 ,       43 , -5.81843624E+00 , -1.46142310E+00 ,             NaN ,             NaN
      30 ,       43 , -5.94157866E+00 , -7.54698810E-01 ,             NaN ,             NaN
      31 ,       43 , -5.98554921E+00 , -3.65661237E-02 ,             NaN ,             NaN
      32 ,       43 , -5.94925459E+00 ,  6.82546371E-01 ,             NaN ,             NaN
      33 ,       43 , -5.83330522E+00 ,  1.39214209E+00 ,             NaN ,             NaN
      34 ,       43 , -5.63997541E+00 ,  2.08205389E+00 ,             NaN ,             NaN
      35 ,       43 , -5.37304810E+00 ,  2.74280421E+00 ,             NaN ,             NaN
      36 ,       43 , -5.03756845E+00 ,  3.36589000E+00 ,             NaN ,             NaN
      37 ,       43 , -4.63954205E+00 ,  3.94396864E+00 ,             NaN ,             NaN
      38 ,       43 , -4.18561752E+00 ,  4.47093876E+00 ,             NaN ,             NaN
      39 ,       43 , -3.68278871E+00 ,  4.94192531E+00 ,             NaN ,             NaN
      40 ,       43 , -3.13814288E+00 ,  5.35318872E+00 ,             NaN ,             NaN
      41 ,       43 , -2.55867000E+00 ,  5.70198345E+00 ,             NaN ,             NaN
      42 ,       43 , -1.95113808E+00 ,  5.98639087E+00 ,             NaN ,             NaN
      43 ,       43 , -1.32203160E+00 ,  6.20514877E+00 ,             NaN ,             NaN
      44 ,       43 , -6.77544982E-01 ,  6.35749482E+00 ,             NaN ,             NaN
      45 ,       43 , -2.36204271E-02 ,  6.44303644E+00 ,             NaN ,             NaN
      46 ,       43 ,  6.33981434E-01 ,  6.46165561E+00 ,             NaN ,             NaN
      47 ,       43 ,  1.28958946E+00 ,  6.41345356E+00 ,             NaN ,             NaN
      48 ,       43 ,  1.93751944E+00 ,  6.29873853E+00 ,             NaN ,             NaN
      49 ,       43 ,  2.57197159E+00 ,  6.11805774E+00 ,             NaN ,             NaN
      50 ,       43 ,  3.18693888E+00 ,  5.87227380E+00 ,             NaN ,             NaN
      51 ,       43 ,  3.77613714E+00 ,  5.56268450E+00 ,             NaN ,             NaN
      52 ,       43 ,  4.33296906E+00 ,  5.19118277E+00 ,             NaN ,             NaN
      53 ,       43 ,  4.85053449E+00 ,  4.76045123E+00 ,             NaN ,             NaN
      54 ,       43 ,  5.32169963E+00 ,  4.27418236E+00 ,             NaN ,             NaN
      55 ,       43 ,  5.73923671E+00 ,  3.73731097E+00 ,             NaN ,             NaN
      56 ,       43 ,  6.09604297E+00 ,  3.15624200E+00 ,             NaN ,             NaN
      57 ,       43 ,  6.38544407E+00 ,  2.53905297E+00 ,             NaN ,             NaN
      58 ,       43 ,  6.60158270E+00 ,  1.89564807E+00 ,             NaN ,             NaN
      59 ,       43 ,  6.73988942E+00 ,  1.23783860E+00 ,             NaN ,             NaN
      60 ,       43 ,  6.79763062E+00 ,  5.79319357E-01 ,             NaN ,             NaN
      61 ,       43 ,  6.77452481E+00 , -6.45006704E-02 ,             NaN ,             NaN
       1 ,       44 ,  7.61263805E+00 , -7.04599961E-02 ,             NaN ,             NaN
       2 ,       44 ,  7.62500468E+00 , -7.95447625E-01 ,             NaN ,             NaN
       3 ,       44 ,  7.54704353E+00 , -1.53422328E+00 ,             NaN ,             NaN
       4 ,       44 ,  7.37962666E+00 , -2.26992784E+00 ,             NaN ,             NaN
       5 ,       44 ,  7.12620509E+00 , -2.98770396E+00 ,             NaN ,             NaN
       6 ,       44 ,  6.79211892E+00 , -3.67483359E+00 ,             NaN ,             NaN
       7 ,       44 ,  6.38399656E+00 , -4.32071678E+00 ,             NaN ,             NaN
       8 ,       44 ,  5.90925289E+00 , -4.91674264E+00 ,             NaN ,             NaN
       9 ,       44 ,  5.37568837E+00 , -5.45609039E+00 ,             NaN ,             NaN
      10 ,       44 ,  4.79118652E+00 , -5.93349039E+00 ,             NaN ,             NaN
      11 ,       44 ,  4.16350368E+00 , -6.34496962E+00 ,             NaN ,             NaN
      12 ,       44 ,  3.50014171E+00 , -6.68760191E+00 ,             NaN ,             NaN
      13 ,       44 ,  2.80829180E+00 , -6.95927840E+00 ,             NaN ,             NaN
      14 ,       44 ,  2.09483595E+00 , -7.15851006E+00 ,             NaN ,             NaN
      15 ,       44 ,  1.36639241E+00 , -7.28426939E+00 ,             NaN ,             NaN
      16 ,       44 ,  6.29391985E-01 , -7.33587577E+00 ,             NaN ,             NaN
      17 ,       44 , -1.09827166E-01 , -7.31292603E+00 ,             NaN ,             NaN
      18 ,       44 , -8.44917307E-01 , -7.21527022E+00 ,             NaN ,             NaN
      19 ,       44 , -1.56942204E+00 , -7.04303123E+00 ,             NaN ,             NaN
      20 ,       44 , -2.27669032E+00 , -6.79666580E+00 ,             NaN ,             NaN
      21 ,       44 , -2.95981362E+00 , -6.47706309E+00 ,             NaN ,             NaN
      22 ,       44 , -3.61159631E+00 , -6.08567528E+00 ,             NaN ,             NaN
      23 ,       44 , -4.22456936E+00 , -5.62467184E+00 ,             NaN ,             NaN
      24 ,       44 , -4.79105661E+00 , -5.09710591E+00 ,             NaN ,             NaN
      25 ,       44 , -5.30330060E+00 , -4.50707698E+00 ,             NaN ,             NaN
      26 ,       44 , -5.75365069E+00 , -3.85987021E+00 ,             NaN ,             NaN
      27 ,       44 , -6.13480988E+00 , -3.16204954E+00 ,             NaN ,             NaN
      28 ,       44 , -6.44012757E+00 , -2.42148157E+00 ,             NaN ,             NaN
      29 ,       44 , -6.66391622E+00 , -1.64727057E+00 ,             NaN ,             NaN
      30 ,       44 , -6.80176044E+00 , -8.49593183E-01 ,             NaN ,             NaN
      31 ,       44 , -6.85078249E+00 , -3.94347938E-02 ,             NaN ,             NaN
      32 ,       44 , -6.80982837E+00 ,  7.71755608E-01 ,             NaN ,             NaN
      33 ,       44 , -6.67954769E+00 ,  1.57245999E+00 ,             NaN ,             NaN
      34 ,       44 , -6.46235468E+00 ,  2.35149380E+00 ,             NaN ,             NaN
      35 ,       44 , -6.16227629E+00 ,  3.09837318E+00 ,             NaN ,             NaN
      36 ,       44 , -5.78470937E+00 ,  3.80361009E+00 ,             NaN ,             NaN
      37 ,       44 , -5.33612102E+00 ,  4.45891213E+00 ,             NaN ,             NaN
      38 ,       44 , -4.82372932E+00 ,  5.05727968E+00 ,             NaN ,             NaN
      39 ,       44 , -4.25519934E+00 ,  5.59300745E+00 ,             NaN ,             NaN
      40 ,       44 , -3.63838078E+00 ,  6.06160862E+00 ,             NaN ,             NaN
      41 ,       44 , -2.98110363E+00 ,  6.45968493E+00 ,             NaN ,             NaN
      42 ,       44 , -2.29103851E+00 ,  6.78476728E+00 ,             NaN ,             NaN
      43 ,       44 , -1.57562033E+00 ,  7.03514920E+00 ,             NaN ,             NaN
      44 ,       44 , -8.42028464E-01 ,  7.20973117E+00 ,             NaN ,             NaN
      45 ,       44 , -9.72133101E-02 ,  7.30788969E+00 ,             NaN ,             NaN
      46 ,       44 ,  6.52042012E-01 ,  7.32938063E+00 ,             NaN ,             NaN
      47 ,       44 ,  1.39903679E+00 ,  7.27428297E+00 ,             NaN ,             NaN
      48 ,       44 ,  2.13705628E+00 ,  7.14298668E+00 ,             NaN ,             NaN
      49 ,       44 ,  2.85927511E+00 ,  6.93622654E+00 ,             NaN ,             NaN
      50 ,       44 ,  3.55867237E+00 ,  6.65516184E+00 ,             NaN ,             NaN
      51 ,       44 ,  4.22796999E+00 ,  6.30150063E+00 ,             NaN ,             NaN
      52 ,       44 ,  4.85960718E+00 ,  5.87766464E+00 ,             NaN ,             NaN
      53 ,       44 ,  5.44576352E+00 ,  5.38698874E+00 ,             NaN ,             NaN
      54 ,       44 ,  5.97844324E+00 ,  4.83394506E+00 ,             NaN ,             NaN
      55 ,       44 ,  6.44963209E+00 ,  4.22437844E+00 ,             NaN ,             NaN
      56 ,       44 ,  6.85153553E+00 ,  3.56573595E+00 ,             NaN ,             NaN
      57 ,       44 ,  7.17690374E+00 ,  2.86726991E+00 ,             NaN ,             NaN
      58 ,       44 ,  7.41944527E+00 ,  2.14019092E+00 ,             NaN ,             NaN
      59 ,       44 ,  7.57432738E+00 ,  1.39774403E+00 ,             NaN ,             NaN
      60 ,       44 ,  7.63875805E+00 ,  6.55174730E-01 ,             NaN ,             NaN
      61 ,       44 ,  7.61263805E+00 , -7.04599961E-02 ,             NaN ,             NaN
       1 ,       45 ,  8.56823807E+00 , -7.69952333E-02 ,             NaN ,             NaN
       2 ,       45 ,  8.58292887E+00 , -8.95206621E-01 ,             NaN ,             NaN
       3 ,       45 ,  8.49620795E+00 , -1.72951623E+00 ,             NaN ,             NaN
       4 ,       45 ,  8.30880404E+00 , -2.56119286E+00 ,             NaN ,             NaN
       5 ,       45 ,  8.02428690E+00 , -3.37363485E+00 ,             NaN ,             NaN
       6 ,       45 ,  7.64833760E+00 , -4.15252242E+00 ,             NaN ,             NaN
       7 ,       45 ,  7.18811063E+00 , -4.88580465E+00 ,             NaN ,             NaN
       8 ,       45 ,  6.65169902E+00 , -5.56357337E+00 ,             NaN ,             NaN
       9 ,       45 ,  6.04770486E+00 , -6.17786378E+00 ,             NaN ,             NaN
      10 ,       45 ,  5.38491199E+00 , -6.72241302E+00 ,             NaN ,             NaN
      11 ,       45 ,  4.67205415E+00 , -7.19240174E+00 ,             NaN ,             NaN
      12 ,       45 ,  3.91766901E+00 , -7.58419911E+00 ,             NaN ,             NaN
      13 ,       45 ,  3.13002604E+00 , -7.89512742E+00 ,             NaN ,             NaN
      14 ,       45 ,  2.31711478E+00 , -8.12325811E+00 ,             NaN ,             NaN
      15 ,       45 ,  1.48667987E+00 , -8.26724743E+00 ,             NaN ,             NaN
      16 ,       45 ,  6.46288960E-01 , -8.32621643E+00 ,             NaN ,             NaN
      17 ,       45 , -1.96579105E-01 , -8.29967773E+00 ,             NaN ,             NaN
      18 ,       45 , -1.03443798E+00 , -8.18750909E+00 ,             NaN ,             NaN
      19 ,       45 , -1.85970075E+00 , -7.98997260E+00 ,             NaN ,             NaN
      20 ,       45 , -2.66460105E+00 , -7.70777653E+00 ,             NaN ,             NaN
      21 ,       45 , -3.44113902E+00 , -7.34217551E+00 ,             NaN ,             NaN
      22 ,       45 , -4.18106276E+00 , -6.89510228E+00 ,             NaN ,             NaN
      23 ,       45 , -4.87589527E+00 , -6.36932171E+00 ,             NaN ,             NaN
      24 ,       45 , -5.51701569E+00 , -5.76859434E+00 ,             NaN ,             NaN
      25 ,       45 , -6.09580077E+00 , -5.09783264E+00 ,             NaN ,             NaN
      26 ,       45 , -6.60382801E+00 , -4.36323007E+00 ,             NaN ,             NaN
      27 ,       45 , -7.03313510E+00 , -3.57234044E+00 ,             NaN ,             NaN
      28 ,       45 , -7.37652182E+00 , -2.73408552E+00 ,             NaN ,             NaN
      29 ,       45 , -7.62787146E+00 , -1.85867317E+00 ,             NaN ,             NaN
      30 ,       45 , -7.78246100E+00 , -9.57416340E-01 ,             NaN ,             NaN
      31 ,       45 , -7.83722483E+00 , -4.24562250E-02 ,             NaN ,             NaN
      32 ,       45 , -7.79093864E+00 ,  8.73592891E-01 ,             NaN ,             NaN
      33 ,       45 , -7.64429796E+00 ,  1.77804616E+00 ,             NaN ,             NaN
      34 ,       45 , -7.39988014E+00 ,  2.65855822E+00 ,             NaN ,             NaN
      35 ,       45 , -7.06199475E+00 ,  3.50349943E+00 ,             NaN ,             NaN
      36 ,       45 , -6.63644352E+00 ,  4.30226307E+00 ,             NaN ,             NaN
      37 ,       45 , -6.13022143E+00 ,  5.04548014E+00 ,             NaN ,             NaN
      38 ,       45 , -5.55119478E+00 ,  5.72513357E+00 ,             NaN ,             NaN
      39 ,       45 , -4.90779018E+00 ,  6.33457722E+00 ,             NaN ,             NaN
      40 ,       45 , -4.20872105E+00 ,  6.86847560E+00 ,             NaN ,             NaN
      41 ,       45 , -3.46276910E+00 ,  7.32268676E+00 ,             NaN ,             NaN
      42 ,       45 , -2.67862899E+00 ,  7.69411170E+00 ,             NaN ,             NaN
      43 ,       45 , -1.86481619E+00 ,  7.98053306E+00 ,             NaN ,             NaN
      44 ,       45 , -1.02963253E+00 ,  8.18046169E+00 ,             NaN ,             NaN
      45 ,       45 , -1.81180084E-01 ,  8.29300596E+00 ,             NaN ,             NaN
      46 ,       45 ,  6.72588016E-01 ,  8.31777452E+00 ,             NaN ,             NaN
      47 ,       45 ,  1.52379176E+00 ,  8.25481965E+00 ,             NaN ,             NaN
      48 ,       45 ,  2.36453586E+00 ,  8.10462573E+00 ,             NaN ,             NaN
      49 ,       45 ,  3.18682118E+00 ,  7.86814473E+00 ,             NaN ,             NaN
      50 ,       45 ,  3.98246826E+00 ,  7.54687917E+00 ,             NaN ,             NaN
      51 ,       45 ,  4.74306583E+00 ,  7.14301031E+00 ,             NaN ,             NaN
      52 ,       45 ,  5.45995725E+00 ,  6.65956777E+00 ,             NaN ,             NaN
      53 ,       45 ,  6.12427789E+00 ,  6.10063322E+00 ,             NaN ,             NaN
      54 ,       45 ,  6.72705592E+00 ,  5.47156832E+00 ,             NaN ,             NaN
      55 ,       45 ,  7.25938786E+00 ,  4.77925283E+00 ,             NaN ,             NaN
      56 ,       45 ,  7.71269772E+00 ,  4.03231576E+00 ,             NaN ,             NaN
      57 ,       45 ,  8.07908544E+00 ,  3.24133885E+00 ,             NaN ,             NaN
      58 ,       45 ,  8.35176739E+00 ,  2.41900864E+00 ,             NaN ,             NaN
      59 ,       45 ,  8.52560787E+00 ,  1.58018876E+00 ,             NaN ,             NaN
      60 ,       45 ,  8.59773642E+00 ,  7.41877613E-01 ,             NaN ,             NaN
      61 ,       45 ,  8.56823807E+00 , -7.69952333E-02 ,             NaN ,             NaN
       1 ,       46 ,  9.65773305E+00 , -8.41649450E-02 ,             NaN ,             NaN
       2 ,       46 ,  9.67506061E+00 , -1.00862126E+00 ,             NaN ,             NaN
       3 ,       46 ,  9.57832757E+00 , -1.95178087E+00 ,             NaN ,             NaN
       4 ,       46 ,  9.36811766E+00 , -2.89278098E+00 ,             NaN ,             NaN
       5 ,       46 ,  9.04814607E+00 , -3.81304259E+00 ,             NaN ,             NaN
       6 ,       46 ,  8.62448485E+00 , -4.69643338E+00 ,             NaN ,             NaN
       7 ,       46 ,  8.10488480E+00 , -5.52925997E+00 ,             NaN ,             NaN
       8 ,       46 ,  7.49820537E+00 , -6.30014351E+00 ,             NaN ,             NaN
       9 ,       46 ,  6.81395444E+00 , -6.99981929E+00 ,             NaN ,             NaN
      10 ,       46 ,  6.06193430E+00 , -7.62089261E+00 ,             NaN ,             NaN
      11 ,       46 ,  5.25198636E+00 , -8.15757636E+00 ,             NaN ,             NaN
      12 ,       46 ,  4.39382481E+00 , -8.60543096E+00 ,             NaN ,             NaN
      13 ,       46 ,  3.49694693E+00 , -8.96112332E+00 ,             NaN ,             NaN
      14 ,       46 ,  2.57060658E+00 , -9.22221676E+00 ,             NaN ,             NaN
      15 ,       46 ,  1.62383692E+00 , -9.38700085E+00 ,             NaN ,             NaN
      16 ,       46 ,  6.65508243E-01 , -9.45436647E+00 ,             NaN ,             NaN
      17 ,       46 , -2.95592457E-01 , -9.42372872E+00 ,             NaN ,             NaN
      18 ,       46 , -1.25067309E+00 , -9.29499833E+00 ,             NaN ,             NaN
      19 ,       46 , -2.19085142E+00 , -9.06860003E+00 ,             NaN ,             NaN
      20 ,       46 , -3.10708526E+00 , -8.74553471E+00 ,             NaN ,             NaN
      21 ,       46 , -3.99012904E+00 , -8.32748035E+00 ,             NaN ,             NaN
      22 ,       46 , -4.83052807E+00 , -7.81692386E+00 ,             NaN ,             NaN
      23 ,       46 , -5.61866014E+00 , -7.21731369E+00 ,             NaN ,             NaN
      24 ,       46 , -6.34483291E+00 , -6.53321911E+00 ,             NaN ,             NaN
      25 ,       46 , -6.99944202E+00 , -5.77047887E+00 ,             NaN ,             NaN
      26 ,       46 , -7.57318998E+00 , -4.93631882E+00 ,             NaN ,             NaN
      27 ,       46 , -8.05735896E+00 , -4.03941641E+00 ,             NaN ,             NaN
      28 ,       46 , -8.44412267E+00 , -3.08989124E+00 ,             NaN ,             NaN
      29 ,       46 , -8.72687358E+00 , -2.09920522E+00 ,             NaN ,             NaN
      30 ,       46 , -8.90053517E+00 , -1.07996465E+00 ,             NaN ,             NaN
      31 ,       46 , -8.96182526E+00 , -4.56286471E-02 ,             NaN ,             NaN
      32 ,       46 , -8.90943849E+00 ,  9.89858237E-01 ,             NaN ,             NaN
      33 ,       46 , -8.74412414E+00 ,  2.01247890E+00 ,             NaN ,             NaN
      34 ,       46 , -8.46864872E+00 ,  3.00856377E+00 ,             NaN ,             NaN
      35 ,       46 , -8.08764821E+00 ,  3.96517843E+00 ,             NaN ,             NaN
      36 ,       46 , -7.60738947E+00 ,  4.87044465E+00 ,             NaN ,             NaN
      37 ,       46 , -7.03547102E+00 ,  5.71377177E+00 ,             NaN ,             NaN
      38 ,       46 , -6.38049731E+00 ,  6.48598903E+00 ,             NaN ,             NaN
      39 ,       46 , -5.65175985E+00 ,  7.17938294E+00 ,             NaN ,             NaN
      40 ,       46 , -4.85895172E+00 ,  7.78765385E+00 ,             NaN ,             NaN
      41 ,       46 , -4.01193418E+00 ,  8.30581258E+00 ,             NaN ,             NaN
      42 ,       46 , -3.12056459E+00 ,  8.73004014E+00 ,             NaN ,             NaN
      43 ,       46 , -2.19458738E+00 ,  9.05753298E+00 ,             NaN ,             NaN
      44 ,       46 , -1.24358354E+00 ,  9.28635309E+00 ,             NaN ,             NaN
      45 ,       46 , -2.76969900E-01 ,  9.41529874E+00 ,             NaN ,             NaN
      46 ,       46 ,  6.95962673E-01 ,  9.44380760E+00 ,             NaN ,             NaN
      47 ,       46 ,  1.66598475E+00 ,  9.37190038E+00 ,             NaN ,             NaN
      48 ,       46 ,  2.62385019E+00 ,  9.20017009E+00 ,             NaN ,             NaN
      49 ,       46 ,  3.56021756E+00 ,  8.92981947E+00 ,             NaN ,             NaN
      50 ,       46 ,  4.46558439E+00 ,  8.56274679E+00 ,             NaN ,             NaN
      51 ,       46 ,  5.33024768E+00 ,  8.10167782E+00 ,             NaN ,             NaN
      52 ,       46 ,  6.14430414E+00 ,  7.55033947E+00 ,             NaN ,             NaN
      53 ,       46 ,  6.89770354E+00 ,  6.91366751E+00 ,             NaN ,             NaN
      54 ,       46 ,  7.58036769E+00 ,  6.19803775E+00 ,             NaN ,             NaN
      55 ,       46 ,  8.18238636E+00 ,  5.41150671E+00 ,             NaN ,             NaN
      56 ,       46 ,  8.69429910E+00 ,  4.56404437E+00 ,             NaN ,             NaN
      57 ,       46 ,  9.10746914E+00 ,  3.66773825E+00 ,             NaN ,             NaN
      58 ,       46 ,  9.41455292E+00 ,  2.73694494E+00 ,             NaN ,             NaN
      59 ,       46 ,  9.61006486E+00 ,  1.78835983E+00 ,             NaN ,             NaN
      60 ,       46 ,  9.69103308E+00 ,  8.40968978E-01 ,             NaN ,             NaN
      61 ,       46 ,  9.65773305E+00 , -8.41649450E-02 ,             NaN ,             NaN
       1 ,       47 ,  1.08998442E+01 , -9.20341066E-02 ,             NaN ,             NaN
       2 ,       47 ,  1.09201739E+01 , -1.13758197E+00 ,             NaN ,             NaN
       3 ,       47 ,  1.08120105E+01 , -2.20478167E+00 ,             NaN ,             NaN
       4 ,       47 ,  1.05757871E+01 , -3.27034015E+00 ,             NaN ,             NaN
       5 ,       47 ,  1.02153942E+01 , -4.31343229E+00 ,             NaN ,             NaN
       6 ,       47 ,  9.73735276E+00 , -5.31587046E+00 ,             NaN ,             NaN
       7 ,       47 ,  9.15009111E+00 , -6.26209937E+00 ,             NaN ,             NaN
       8 ,       47 ,  8.46333684E+00 , -7.13907143E+00 ,             NaN ,             NaN
       9 ,       47 ,  7.68762316E+00 , -7.93604439E+00 ,             NaN ,             NaN
      10 ,       47 ,  6.83390595E+00 , -8.64433394E+00 ,             NaN ,             NaN
      11 ,       47 ,  5.91328311E+00 , -9.25704714E+00 ,             NaN ,             NaN
      12 ,       47 ,  4.93680592E+00 , -9.76881750E+00 ,             NaN ,             NaN
      13 ,       47 ,  3.91536996E+00 , -1.01755583E+01 ,             NaN ,             NaN
      14 ,       47 ,  2.85967196E+00 , -1.04742470E+01 ,             NaN ,             NaN
      15 ,       47 ,  1.78021826E+00 , -1.06627493E+01 ,             NaN ,             NaN
      16 ,       47 ,  6.87370462E-01 , -1.07396898E+01 ,             NaN ,             NaN
      17 ,       47 , -4.08585750E-01 , -1.07043711E+01 ,             NaN ,             NaN
      18 ,       47 , -1.49736237E+00 , -1.05567426E+01 ,             NaN ,             NaN
      19 ,       47 , -2.56859428E+00 , -1.02974184E+01 ,             NaN ,             NaN
      20 ,       47 , -3.61178064E+00 , -9.92773840E+00 ,             NaN ,             NaN
      21 ,       47 , -4.61625429E+00 , -9.44986950E+00 ,             NaN ,             NaN
      22 ,       47 , -5.57119056E+00 , -8.86693636E+00 ,             NaN ,             NaN
      23 ,       47 , -6.46566523E+00 , -8.18317116E+00 ,             NaN ,             NaN
      24 ,       47 , -7.28876958E+00 , -7.40406735E+00 ,             NaN ,             NaN
      25 ,       47 , -8.02978618E+00 , -6.53651925E+00 ,             NaN ,             NaN
      26 ,       47 , -8.67842456E+00 , -5.58892690E+00 ,             NaN ,             NaN
      27 ,       47 , -9.22510840E+00 , -4.57124454E+00 ,             NaN ,             NaN
      28 ,       47 , -9.66129824E+00 , -3.49495279E+00 ,             NaN ,             NaN
      29 ,       47 , -9.97982568E+00 , -2.37293967E+00 ,             NaN ,             NaN
      30 ,       47 , -1.01752090E+01 , -1.21928423E+00 ,             NaN ,             NaN
      31 ,       47 , -1.02439171E+01 , -4.89483085E-02 ,             NaN ,             NaN
      32 ,       47 , -1.01845518E+01 ,  1.12260539E+00 ,             NaN ,             NaN
      33 ,       47 , -9.99792476E+00 ,  2.27983914E+00 ,             NaN ,             NaN
      34 ,       47 , -9.68702142E+00 ,  3.40757303E+00 ,             NaN ,             NaN
      35 ,       47 , -9.25685363E+00 ,  4.49138651E+00 ,             NaN ,             NaN
      36 ,       47 , -8.71422188E+00 ,  5.51795539E+00 ,             NaN ,             NaN
      37 ,       47 , -8.06741436E+00 ,  6.47530149E+00 ,             NaN ,             NaN
      38 ,       47 , -7.32587641E+00 ,  7.35294463E+00 ,             NaN ,             NaN
      39 ,       47 , -6.49988257E+00 ,  8.14195958E+00 ,             NaN ,             NaN
      40 ,       47 , -5.60023826E+00 ,  8.83495074E+00 ,             NaN ,             NaN
      41 ,       47 , -4.63803037E+00 ,  9.42596395E+00 ,             NaN ,             NaN
      42 ,       47 , -3.62443736E+00 ,  9.91035794E+00 ,             NaN ,             NaN
      43 ,       47 , -2.57060190E+00 ,  1.02846576E+01 ,             NaN ,             NaN
      44 ,       47 , -1.48756254E+00 ,  1.05464091E+01 ,             NaN ,             NaN
      45 ,       47 , -3.86236564E-01 ,  1.06940533E+01 ,             NaN ,             NaN
      46 ,       47 ,  7.22556779E-01 ,  1.07268301E+01 ,             NaN ,             NaN
      47 ,       47 ,  1.82804528E+00 ,  1.06447230E+01 ,             NaN ,             NaN
      48 ,       47 ,  2.91943826E+00 ,  1.04484500E+01 ,             NaN ,             NaN
      49 ,       47 ,  3.98586048E+00 ,  1.01395024E+01 ,             NaN ,             NaN
      50 ,       47 ,  5.01629934E+00 ,  9.72023371E+00 ,             NaN ,             NaN
      51 ,       47 ,  5.99957958E+00 ,  9.19399495E+00 ,             NaN ,             NaN
      52 ,       47 ,  6.92437942E+00 ,  8.56531169E+00 ,             NaN ,             NaN
      53 ,       47 ,  7.77930176E+00 ,  7.84009543E+00 ,             NaN ,             NaN
      54 ,       47 ,  8.55301323E+00 ,  7.02587772E+00 ,             NaN ,             NaN
      55 ,       47 ,  9.23446233E+00 ,  6.13205314E+00 ,             NaN ,             NaN
      56 ,       47 ,  9.81318594E+00 ,  5.17011370E+00 ,             NaN ,             NaN
      57 ,       47 ,  1.02797110E+01 ,  4.15385402E+00 ,             NaN ,             NaN
      58 ,       47 ,  1.06260552E+01 ,  3.09952314E+00 ,             NaN ,             NaN
      59 ,       47 ,  1.08463290E+01 ,  2.02589340E+00 ,             NaN ,             NaN
      60 ,       47 ,  1.09374333E+01 ,  9.54209187E-01 ,             NaN ,             NaN
      61 ,       47 ,  1.08998442E+01 , -9.20341066E-02 ,             NaN ,             NaN
       1 ,       48 ,  1.23159290E+01 , -1.00674862E-01 ,             NaN ,             NaN
       2 ,       48 ,  1.23396844E+01 , -1.28424345E+00 ,             NaN ,             NaN
       3 ,       48 ,  1.22184814E+01 , -2.49280953E+00 ,             NaN ,             NaN
       4 ,       48 ,  1.19525935E+01 , -3.70030774E+00 ,             NaN ,             NaN
       5 ,       48 ,  1.15461195E+01 , -4.88335791E+00 ,             NaN ,             NaN
       6 ,       48 ,  1.10060952E+01 , -6.02143837E+00 ,             NaN ,             NaN
       7 ,       48 ,  1.03417205E+01 , -7.09688049E+00 ,             NaN ,             NaN
       8 ,       48 ,  9.56370782E+00 , -8.09474158E+00 ,             NaN ,             NaN
       9 ,       48 ,  8.68375275E+00 , -9.00259920E+00 ,             NaN ,             NaN
      10 ,       48 ,  7.71411942E+00 , -9.81029976E+00 ,             NaN ,             NaN
      11 ,       48 ,  6.66733219E+00 , -1.05096875E+01 ,             NaN ,             NaN
      12 ,       48 ,  5.55596270E+00 , -1.10943345E+01 ,             NaN ,             NaN
      13 ,       48 ,  4.39249924E+00 , -1.15592891E+01 ,             NaN ,             NaN
      14 ,       48 ,  3.18928489E+00 , -1.19008543E+01 ,             NaN ,             NaN
      15 ,       48 ,  1.95850946E+00 , -1.21164074E+01 ,             NaN ,             NaN
      16 ,       48 ,  7.12240674E-01 , -1.22042657E+01 ,             NaN ,             NaN
      17 ,       48 , -5.37520230E-01 , -1.21636020E+01 ,             NaN ,             NaN
      18 ,       48 , -1.77877285E+00 , -1.19944113E+01 ,             NaN ,             NaN
      19 ,       48 , -2.99945562E+00 , -1.16975268E+01 ,             NaN ,             NaN
      20 ,       48 , -4.18740085E+00 , -1.12746803E+01 ,             NaN ,             NaN
      21 ,       48 , -5.33031920E+00 , -1.07286020E+01 ,             NaN ,             NaN
      22 ,       48 , -6.41582528E+00 , -1.00631491E+01 ,             NaN ,             NaN
      23 ,       48 , -7.43151388E+00 , -9.28345157E+00 ,             NaN ,             NaN
      24 ,       48 , -8.36509416E+00 , -8.39605853E+00 ,             NaN ,             NaN
      25 ,       48 , -9.20458481E+00 , -7.40906746E+00 ,             NaN ,             NaN
      26 ,       48 , -9.93856757E+00 , -6.33221466E+00 ,             NaN ,             NaN
      27 ,       48 , -1.05564900E+01 , -5.17690624E+00 ,             NaN ,             NaN
      28 ,       48 , -1.10490003E+01 , -3.95617051E+00 ,             NaN ,             NaN
      29 ,       48 , -1.14082896E+01 , -2.68451823E+00 ,             NaN ,             NaN
      30 ,       48 , -1.16284126E+01 , -1.37770600E+00 ,             NaN ,             NaN
      31 ,       48 , -1.17055529E+01 , -5.24090574E-02 ,             NaN ,             NaN
      32 ,       48 , -1.16382057E+01 ,  1.27417766E+00 ,             NaN ,             NaN
      33 ,       48 , -1.14272559E+01 ,  2.58478131E+00 ,             NaN ,             NaN
      34 ,       48 , -1.10759410E+01 ,  3.86249959E+00 ,             NaN ,             NaN
      35 ,       48 , -1.05897051E+01 ,  5.09121900E+00 ,             NaN ,             NaN
      36 ,       48 , -9.97596000E+00 ,  6.25597025E+00 ,             NaN ,             NaN
      37 ,       48 , -9.24378185E+00 ,  7.34319824E+00 ,             NaN ,             NaN
      38 ,       48 , -8.40357406E+00 ,  8.34093540E+00 ,             NaN ,             NaN
      39 ,       48 , -7.46672923E+00 ,  9.23887993E+00 ,             NaN ,             NaN
      40 ,       48 , -6.44531678E+00 ,  1.00283900E+01 ,             NaN ,             NaN
      41 ,       48 , -5.35181616E+00 ,  1.07024124E+01 ,             NaN ,             NaN
      42 ,       48 , -4.19890780E+00 ,  1.12553674E+01 ,             NaN ,             NaN
      43 ,       48 , -2.99932564E+00 ,  1.16830114E+01 ,             NaN ,             NaN
      44 ,       48 , -1.76576909E+00 ,  1.19822991E+01 ,             NaN ,             NaN
      45 ,       48 , -5.10867238E-01 ,  1.21512600E+01 ,             NaN ,             NaN
      46 ,       48 ,  7.52815384E-01 ,  1.21889063E+01 ,             NaN ,             NaN
      47 ,       48 ,  2.01274387E+00 ,  1.20951782E+01 ,             NaN ,             NaN
      48 ,       48 ,  3.25636282E+00 ,  1.18709367E+01 ,             NaN ,             NaN
      49 ,       48 ,  4.47104527E+00 ,  1.15180049E+01 ,             NaN ,             NaN
      50 ,       48 ,  5.64405556E+00 ,  1.10392589E+01 ,             NaN ,             NaN
      51 ,       48 ,  6.76254062E+00 ,  1.04387661E+01 ,             NaN ,             NaN
      52 ,       48 ,  7.81356428E+00 ,  9.72196602E+00 ,             NaN ,             NaN
      53 ,       48 ,  8.78419860E+00 ,  8.89588393E+00 ,             NaN ,             NaN
      54 ,       48 ,  9.66168500E+00 ,  7.96936804E+00 ,             NaN ,             NaN
      55 ,       48 ,  1.04336768E+01 ,  6.95333455E+00 ,             NaN ,             NaN
      56 ,       48 ,  1.10885727E+01 ,  5.86100392E+00 ,             NaN ,             NaN
      57 ,       48 ,  1.16159486E+01 ,  4.70810778E+00 ,             NaN ,             NaN
      58 ,       48 ,  1.20070933E+01 ,  3.51304224E+00 ,             NaN ,             NaN
      59 ,       48 ,  1.22556503E+01 ,  2.29693799E+00 ,             NaN ,             NaN
      60 ,       48 ,  1.23583650E+01 ,  1.08360859E+00 ,             NaN ,             NaN
      61 ,       48 ,  1.23159290E+01 , -1.00674862E-01 ,             NaN ,             NaN
       1 ,       49 ,  1.39303499E+01 , -1.10167382E-01 ,             NaN ,             NaN
       2 ,       49 ,  1.39580197E+01 , -1.45106144E+00 ,             NaN ,             NaN
       3 ,       49 ,  1.38219494E+01 , -2.82075568E+00 ,             NaN ,             NaN
       4 ,       49 ,  1.35222396E+01 , -4.19002163E+00 ,             NaN ,             NaN
       5 ,       49 ,  1.30632340E+01 , -5.53257003E+00 ,             NaN ,             NaN
       6 ,       49 ,  1.24525594E+01 , -6.82522572E+00 ,             NaN ,             NaN
       7 ,       49 ,  1.17002941E+01 , -8.04791880E+00 ,             NaN ,             NaN
       8 ,       49 ,  1.08182697E+01 , -9.18355277E+00 ,             NaN ,             NaN
       9 ,       49 ,  9.81950102E+00 , -1.02177938E+01 ,             NaN ,             NaN
      10 ,       49 ,  8.71773727E+00 , -1.11388141E+01 ,             NaN ,             NaN
      11 ,       49 ,  7.52712355E+00 , -1.19370164E+01 ,             NaN ,             NaN
      12 ,       49 ,  6.26196096E+00 , -1.26047586E+01 ,             NaN ,             NaN
      13 ,       49 ,  4.93655229E+00 , -1.31360971E+01 ,             NaN ,             NaN
      14 ,       49 ,  3.56511882E+00 , -1.35265604E+01 ,             NaN ,             NaN
      15 ,       49 ,  2.16177344E+00 , -1.37729636E+01 ,             NaN ,             NaN
      16 ,       49 ,  7.40534612E-01 , -1.38732702E+01 ,             NaN ,             NaN
      17 ,       49 , -6.84633931E-01 , -1.38265039E+01 ,             NaN ,             NaN
      18 ,       49 , -2.09977290E+00 , -1.36327128E+01 ,             NaN ,             NaN
      19 ,       49 , -3.49088103E+00 , -1.32929832E+01 ,             NaN ,             NaN
      20 ,       49 , -4.84388651E+00 , -1.28094985E+01 ,             NaN ,             NaN
      21 ,       49 , -6.14464921E+00 , -1.21856367E+01 ,             NaN ,             NaN
      22 ,       49 , -7.37900536E+00 , -1.14260955E+01 ,             NaN ,             NaN
      23 ,       49 , -8.53286433E+00 , -1.05370323E+01 ,             NaN ,             NaN
      24 ,       49 , -9.59236396E+00 , -9.52620205E+00 ,             NaN ,             NaN
      25 ,       49 , -1.05440866E+01 , -8.40307366E+00 ,             NaN ,             NaN
      26 ,       49 , -1.13753322E+01 , -7.17890488E+00 ,             NaN ,             NaN
      27 ,       49 , -1.20744380E+01 , -5.86675383E+00 ,             NaN ,             NaN
      28 ,       49 , -1.26311268E+01 , -4.48140987E+00 ,             NaN ,             NaN
      29 ,       49 , -1.30368593E+01 , -3.03923115E+00 ,             NaN ,             NaN
      30 ,       49 , -1.32851597E+01 , -1.55788551E+00 ,             NaN ,             NaN
      31 ,       49 , -1.33718854E+01 , -5.60018540E-02 ,             NaN ,             NaN
      32 ,       49 , -1.32954105E+01 ,  1.44724880E+00 ,             NaN ,             NaN
      33 ,       49 , -1.30567042E+01 ,  2.93261412E+00 ,             NaN ,             NaN
      34 ,       49 , -1.26592944E+01 ,  4.38122785E+00 ,             NaN ,             NaN
      35 ,       49 , -1.21091213E+01 ,  5.77504768E+00 ,             NaN ,             NaN
      36 ,       49 , -1.14142967E+01 ,  7.09723201E+00 ,             NaN ,             NaN
      37 ,       49 , -1.05847964E+01 ,  8.33243252E+00 ,             NaN ,             NaN
      38 ,       49 , -9.63211562E+00 ,  9.46699110E+00 ,             NaN ,             NaN
      39 ,       49 , -8.56891941E+00 ,  1.04890411E+01 ,             NaN ,             NaN
      40 ,       49 , -7.40871435E+00 ,  1.13885232E+01 ,             NaN ,             NaN
      41 ,       49 , -6.16556319E+00 ,  1.21571325E+01 ,             NaN ,             NaN
      42 ,       49 , -4.85385473E+00 ,  1.27882185E+01 ,             NaN ,             NaN
      43 ,       49 , -3.48813434E+00 ,  1.32766594E+01 ,             NaN ,             NaN
      44 ,       49 , -2.08299400E+00 ,  1.36187320E+01 ,             NaN ,             NaN
      45 ,       49 , -6.53015181E-01 ,  1.38119944E+01 ,             NaN ,             NaN
      46 ,       49 ,  7.87245402E-01 ,  1.38551962E+01 ,             NaN ,             NaN
      47 ,       49 ,  2.22323999E+00 ,  1.37482278E+01 ,             NaN ,             NaN
      48 ,       49 ,  3.64039788E+00 ,  1.34921140E+01 ,             NaN ,             NaN
      49 ,       49 ,  5.02409252E+00 ,  1.30890581E+01 ,             NaN ,             NaN
      50 ,       49 ,  6.35962275E+00 ,  1.25425353E+01 ,             NaN ,             NaN
      51 ,       49 ,  7.63222350E+00 ,  1.18574334E+01 ,             NaN ,             NaN
      52 ,       49 ,  8.82712098E+00 ,  1.10402359E+01 ,             NaN ,             NaN
      53 ,       49 ,  9.92964642E+00 ,  1.00992392E+01 ,             NaN ,             NaN
      54 ,       49 ,  1.09254218E+01 ,  9.04479098E+00 ,             NaN ,             NaN
      55 ,       49 ,  1.18006293E+01 ,  7.88953819E+00 ,             NaN ,             NaN
      56 ,       49 ,  1.25423742E+01 ,  6.64866512E+00 ,             NaN ,             NaN
      57 ,       49 ,  1.31391498E+01 ,  5.34010297E+00 ,             NaN ,             NaN
      58 ,       49 ,  1.35814119E+01 ,  3.98468634E+00 ,             NaN ,             NaN
      59 ,       49 ,  1.38622659E+01 ,  2.60622661E+00 ,             NaN ,             NaN
      60 ,       49 ,  1.39782700E+01 ,  1.23146252E+00 ,             NaN ,             NaN
      61 ,       49 ,  1.39303499E+01 , -1.10167382E-01 ,             NaN ,             NaN

# Derivatives with respect to the following function (f)
cd_jlow 

# df/dMach_inf
 1.06335683E-02

# df/dalpha_inf [rad]
 8.61748126E-02

# Nodal derivatives
# i, j, X, Y, df/dX, df/dY
       1 ,        1 ,  1.00000000E+00 ,  0.00000000E+00 ,  4.14391125E-02 , -3.00236036E+00
       2 ,        1 ,  9.97260948E-01 , -1.37834633E-04 , -7.51588906E-03 ,  1.06523099E-01
       3 ,        1 ,  9.89073800E-01 , -5.60422335E-04 , -7.72954060E-03 ,  1.36056067E-01
       4 ,        1 ,  9.75528258E-01 , -1.29495077E-03 , -3.91843201E-03 ,  6.72155320E-02
       5 ,        1 ,  9.56772729E-01 , -2.38605033E-03 , -2.21882929E-03 ,  3.63887119E-02
       6 ,        1 ,  9.33012702E-01 , -3.89330041E-03 , -1.37133997E-03 ,  2.07713358E-02
       7 ,        1 ,  9.04508497E-01 , -5.88537844E-03 , -1.03116682E-03 ,  1.42459964E-02
       8 ,        1 ,  8.71572413E-01 , -8.42968247E-03 , -8.54548348E-04 ,  1.07965277E-02
       9 ,        1 ,  8.34565303E-01 , -1.15772434E-02 , -7.51083956E-04 ,  8.78876116E-03
      10 ,        1 ,  7.93892626E-01 , -1.53441548E-02 , -6.99883207E-04 ,  7.82335261E-03
      11 ,        1 ,  7.50000000E-01 , -1.96922354E-02 , -6.20073603E-04 ,  6.98626097E-03
      12 ,        1 ,  7.03368322E-01 , -2.45127854E-02 , -1.89614749E-04 ,  2.58382671E-03
      13 ,        1 ,  6.54508497E-01 , -2.96177282E-02 , -8.38099982E-04 ,  9.15314011E-03
      14 ,        1 ,  6.03955845E-01 , -3.47418966E-02 , -4.40269272E-04 ,  6.17075134E-03
      15 ,        1 ,  5.52264232E-01 , -3.95587057E-02 , -3.42637140E-04 ,  5.07859704E-03
      16 ,        1 ,  5.00000000E-01 , -4.37091457E-02 , -3.13012446E-04 ,  2.79281725E-03
      17 ,        1 ,  4.47735768E-01 , -4.68413539E-02 , -2.57028513E-04 , -2.73857491E-03
      18 ,        1 ,  3.96044155E-01 , -4.86555148E-02 , -1.29275103E-03 ,  9.08013399E-03
      19 ,        1 ,  3.45491503E-01 , -4.89470708E-02 , -6.25030679E-04 , -7.13944460E-03
      20 ,        1 ,  2.96631678E-01 , -4.76406370E-02 , -4.60773941E-04 , -2.61845561E-04
      21 ,        1 ,  2.50000000E-01 , -4.48078728E-02 ,  1.03298666E-04 ,  4.47973299E-04
      22 ,        1 ,  2.06107374E-01 , -4.06647954E-02 ,  9.33303247E-04 ,  3.31590199E-03
      23 ,        1 ,  1.65434697E-01 , -3.55473326E-02 ,  1.44299563E-03 ,  4.39668084E-03
      24 ,        1 ,  1.28427587E-01 , -2.98676957E-02 ,  1.85206878E-03 ,  6.25707079E-03
      25 ,        1 ,  9.54915028E-02 , -2.40577327E-02 ,  2.07261860E-03 ,  7.50297805E-03
      26 ,        1 ,  6.69872981E-02 , -1.85080652E-02 ,  2.02322864E-03 ,  8.06053076E-03
      27 ,        1 ,  4.32272712E-02 , -1.35129915E-02 ,  2.17328392E-03 ,  9.02050882E-03
      28 ,        1 ,  2.44717419E-02 , -9.23053330E-03 ,  4.85739130E-03 ,  1.95426457E-02
      29 ,        1 ,  1.09261996E-02 , -5.66467862E-03 , -1.70742558E-02 , -5.81164670E-02
      30 ,        1 ,  2.73905232E-03 , -2.67319442E-03 , -7.54308305E-02 , -2.73164988E-01
      31 ,        1 ,  0.00000000E+00 ,  0.00000000E+00 ,  8.38217182E-02 , -4.49779791E-02
      32 ,        1 ,  2.73905232E-03 ,  7.46389919E-03 , -3.59732736E-01 ,  4.30293865E-01
      33 ,        1 ,  1.09261996E-02 ,  1.47425145E-02 ,  1.20833028E-02 , -1.26216921E-02
      34 ,        1 ,  2.44717419E-02 ,  2.16710958E-02 , -1.38199056E-02 ,  3.60210807E-02
      35 ,        1 ,  4.32272712E-02 ,  2.81216892E-02 ,  9.71906518E-03 , -6.10565466E-02
      36 ,        1 ,  6.69872981E-02 ,  3.40117868E-02 ,  1.17505309E-02 , -7.29920514E-02
      37 ,        1 ,  9.54915028E-02 ,  3.93036739E-02 ,  8.52827615E-03 , -6.44395643E-02
      38 ,        1 ,  1.28427587E-01 ,  4.39948150E-02 ,  3.41346691E-03 , -3.44345234E-02
      39 ,        1 ,  1.65434697E-01 ,  4.81015729E-02 ,  1.32755940E-03 , -1.75561929E-02
      40 ,        1 ,  2.06107374E-01 ,  5.16400289E-02 , -1.71327324E-03 ,  1.84479660E-02
      41 ,        1 ,  2.50000000E-01 ,  5.46083305E-02 , -1.63460524E-03 ,  2.44409766E-02
      42 ,        1 ,  2.96631678E-01 ,  5.69747020E-02 , -1.03330162E-03 ,  1.96794307E-02
      43 ,        1 ,  3.45491503E-01 ,  5.86740733E-02 , -8.58303861E-04 ,  2.42995882E-02
      44 ,        1 ,  3.96044155E-01 ,  5.96144552E-02 , -6.30447720E-04 ,  3.17675461E-02
      45 ,        1 ,  4.47735768E-01 ,  5.96921188E-02 , -3.43699726E-04 ,  2.06179127E-02
      46 ,        1 ,  5.00000000E-01 ,  5.88127446E-02 , -9.07346796E-04 , -7.92996708E-03
      47 ,        1 ,  5.52264232E-01 ,  5.69144107E-02 , -1.21475066E-03 , -1.48084651E-02
      48 ,        1 ,  6.03955845E-01 ,  5.39878467E-02 , -5.21715921E-05 ,  4.41363078E-03
      49 ,        1 ,  6.54508497E-01 ,  5.00898878E-02 ,  2.89440602E-04 ,  7.53680263E-03
      50 ,        1 ,  7.03368322E-01 ,  4.53474023E-02 ,  2.46162558E-04 ,  4.82673221E-03
      51 ,        1 ,  7.50000000E-01 ,  3.99508445E-02 ,  4.59529062E-04 ,  4.76829144E-03
      52 ,        1 ,  7.93892626E-01 ,  3.41386086E-02 ,  6.88011203E-04 ,  5.18041539E-03
      53 ,        1 ,  8.34565303E-01 ,  2.81750904E-02 ,  9.03657083E-04 ,  5.75267746E-03
      54 ,        1 ,  8.71572413E-01 ,  2.23264524E-02 ,  9.93626185E-04 ,  5.66188625E-03
      55 ,        1 ,  9.04508497E-01 ,  1.68383164E-02 ,  2.43198132E-03 ,  1.42312362E-02
      56 ,        1 ,  9.33012702E-01 ,  1.19189512E-02 ,  2.71508974E-03 ,  1.48517436E-02
      57 ,        1 ,  9.56772729E-01 ,  7.73015022E-03 ,  4.22033801E-03 ,  2.25551990E-02
      58 ,        1 ,  9.75528258E-01 ,  4.38621844E-03 ,  1.06096018E-02 ,  5.63476998E-02
      59 ,        1 ,  9.89073800E-01 ,  1.95972253E-03 ,  1.67853884E-02 ,  8.24894573E-02
      60 ,        1 ,  9.97260948E-01 ,  4.91282028E-04 ,  5.16267884E-02 ,  2.64614018E-01
      61 ,        1 ,  1.00000000E+00 ,  0.00000000E+00 , -8.71304264E-02 ,  2.11756377E+00
       1 ,        2 ,  1.00061997E+00 , -3.42869142E-05 ,  1.76458110E-02 , -1.63618706E-02
       2 ,        2 ,  9.97684288E-01 , -3.45119248E-03 ,  2.13122496E-03 , -4.44784296E-03
       3 ,        2 ,  9.88998155E-01 , -5.14812066E-03 ,  7.95629872E-04 , -1.50455693E-04
       4 ,        2 ,  9.75369113E-01 , -6.25419225E-03 ,  7.78267560E-05 ,  1.42284141E-04
       5 ,        2 ,  9.56696059E-01 , -7.41949235E-03 , -2.45660200E-06 ,  6.20590182E-05
       6 ,        2 ,  9.33041640E-01 , -8.93112405E-03 , -1.90658450E-05 ,  2.13241080E-05
       7 ,        2 ,  9.04633262E-01 , -1.09166901E-02 , -2.19592122E-05 , -1.28626024E-06
       8 ,        2 ,  8.71781673E-01 , -1.34536344E-02 , -2.91061073E-05 , -7.49017070E-06
       9 ,        2 ,  8.34849353E-01 , -1.65933309E-02 , -3.35369984E-05 , -7.20049642E-06
      10 ,        2 ,  7.94241305E-01 , -2.03513022E-02 , -3.47030175E-05 , -3.44766380E-06
      11 ,        2 ,  7.50400696E-01 , -2.46892483E-02 , -2.94980678E-05 ,  1.18810971E-06
      12 ,        2 ,  7.03804779E-01 , -2.94988456E-02 , -5.02876892E-06 , -3.82097486E-05
      13 ,        2 ,  6.54960400E-01 , -3.45927228E-02 ,  1.65312422E-05 , -1.14804423E-05
      14 ,        2 ,  6.04399114E-01 , -3.97065170E-02 ,  6.17195590E-05 , -5.34265560E-05
      15 ,        2 ,  5.52671982E-01 , -4.45142913E-02 ,  1.34142867E-04 , -9.53774039E-05
      16 ,        2 ,  5.00344117E-01 , -4.86573146E-02 ,  2.15278493E-04 , -1.64272997E-04
      17 ,        2 ,  4.47989004E-01 , -5.17835393E-02 ,  2.82440420E-04 , -2.72726714E-04
      18 ,        2 ,  3.96182596E-01 , -5.35925912E-02 ,  3.00971301E-04 , -4.54636711E-04
      19 ,        2 ,  3.45497141E-01 , -5.38792532E-02 ,  3.07473802E-05 , -3.71876815E-04
      20 ,        2 ,  2.96494705E-01 , -5.25677650E-02 , -2.27606000E-04 , -5.40357241E-04
      21 ,        2 ,  2.49720386E-01 , -4.97300283E-02 , -4.59432343E-04 , -4.78578530E-04
      22 ,        2 ,  2.05695383E-01 , -4.55830316E-02 , -4.61681895E-04 ,  4.74801469E-04
      23 ,        2 ,  1.64910160E-01 , -4.04641628E-02 , -5.20178821E-04 , -2.23474942E-04
      24 ,        2 ,  1.27817936E-01 , -3.47869323E-02 , -4.49258787E-04 , -1.26278162E-04
      25 ,        2 ,  9.48284031E-02 , -2.89829857E-02 , -3.71258116E-04 ,  1.76616905E-06
      26 ,        2 ,  6.63004008E-02 , -2.34374043E-02 , -3.04982816E-04 ,  3.57579219E-04
      27 ,        2 ,  4.25285632E-02 , -1.84193319E-02 , -8.88751483E-05 ,  3.72528019E-05
      28 ,        2 ,  2.37129128E-02 , -1.39931780E-02 , -3.12973064E-04 ,  1.41679487E-03
      29 ,        2 ,  9.92683777E-03 , -9.88173189E-03 ,  5.32125703E-03 , -9.01695304E-04
      30 ,        2 ,  1.30413945E-03 , -5.38524316E-03 ,  2.72960563E-02 ,  4.49712708E-02
      31 ,        2 , -1.94526007E-03 , -4.75688960E-04 ,  1.54245728E-01 ,  1.58526279E-02
      32 ,        2 ,  2.83445043E-04 ,  9.22457001E-03 ,  7.35179669E-02 , -3.31343971E-02
      33 ,        2 ,  8.89211033E-03 ,  1.81732442E-02 ,  5.33602204E-04 ,  2.40821283E-02
      34 ,        2 ,  2.30084563E-02 ,  2.59408780E-02 , -2.29546398E-02 ,  1.67607156E-02
      35 ,        2 ,  4.21857760E-02 ,  3.27552762E-02 , -5.43274261E-03 ,  4.06732091E-03
      36 ,        2 ,  6.62273600E-02 ,  3.88055114E-02 , -2.20060352E-03 ,  1.79708659E-03
      37 ,        2 ,  9.49232019E-02 ,  4.41755365E-02 , -5.42166472E-04 ,  4.95208298E-04
      38 ,        2 ,  1.27994801E-01 ,  4.89092443E-02 , -4.41088170E-05 ,  1.19371932E-04
      39 ,        2 ,  1.65101465E-01 ,  5.30408034E-02 ,  6.72161844E-05 , -1.58777078E-05
      40 ,        2 ,  2.05851043E-01 ,  5.65938639E-02 ,  1.96318904E-04 ,  9.42434920E-05
      41 ,        2 ,  2.49807712E-01 ,  5.95702797E-02 ,  1.21592135E-04 ,  1.92683449E-05
      42 ,        2 ,  2.96498110E-01 ,  6.19403679E-02 ,  1.19434301E-04 ,  8.22084884E-05
      43 ,        2 ,  3.45416972E-01 ,  6.36403954E-02 ,  1.25424309E-04 ,  1.21323271E-04
      44 ,        2 ,  3.96032772E-01 ,  6.45793036E-02 ,  1.73625433E-04 ,  2.37110219E-04
      45 ,        2 ,  4.47793569E-01 ,  6.46540415E-02 ,  2.21806034E-04 ,  2.05792131E-04
      46 ,        2 ,  5.00133123E-01 ,  6.37708068E-02 ,  2.95794506E-04 , -3.62187932E-05
      47 ,        2 ,  5.52477268E-01 ,  6.18681156E-02 ,  3.20870987E-04 ,  1.90443597E-04
      48 ,        2 ,  6.04250504E-01 ,  5.89371367E-02 ,  3.39886850E-04 ,  2.13262589E-04
      49 ,        2 ,  6.54882705E-01 ,  5.50352066E-02 ,  3.38711554E-04 ,  1.73536830E-04
      50 ,        2 ,  7.03815814E-01 ,  5.02897770E-02 ,  3.12221898E-04 ,  1.78720889E-04
      51 ,        2 ,  7.50510389E-01 ,  4.48919422E-02 ,  2.65643455E-04 ,  1.80381047E-04
      52 ,        2 ,  7.94451813E-01 ,  3.90807420E-02 ,  2.10368844E-04 ,  1.74627077E-04
      53 ,        2 ,  8.35156035E-01 ,  3.31211938E-02 ,  1.54728220E-04 ,  1.64954017E-04
      54 ,        2 ,  8.72174692E-01 ,  2.72801035E-02 ,  1.00546940E-04 ,  1.57642564E-04
      55 ,        2 ,  9.05099513E-01 ,  2.18037907E-02 ,  4.40682684E-05 ,  1.25744848E-04
      56 ,        2 ,  9.33566497E-01 ,  1.69001493E-02 , -4.54865049E-06 ,  1.02717852E-04
      57 ,        2 ,  9.57263552E-01 ,  1.27207166E-02 , -9.73746225E-05 ,  2.22569799E-04
      58 ,        2 ,  9.75955973E-01 ,  9.31809735E-03 , -2.96377413E-04 ,  2.75026715E-04
      59 ,        2 ,  9.89551541E-01 ,  6.52228500E-03 , -1.28308470E-03 , -1.72157039E-03
      60 ,        2 ,  9.98077538E-01 ,  3.73606605E-03 , -1.68047567E-02 , -1.06938731E-02
      61 ,        2 ,  1.00061997E+00 , -3.42869142E-05 , -1.95128202E-02 , -2.96586094E-02
       1 ,        3 ,  1.00316548E+00 , -1.75978443E-04 ,  8.17577014E-03 ,  3.57646758E-03
       2 ,        3 ,  1.00007168E+00 , -6.43285803E-03 ,  1.38556668E-03 , -2.55732721E-03
       3 ,        3 ,  9.89625316E-01 , -9.68446722E-03 ,  8.22372265E-04 , -2.11925121E-04
       4 ,        3 ,  9.75295843E-01 , -1.16103226E-02 ,  2.54324497E-05 ,  4.67580483E-05
       5 ,        3 ,  9.56499654E-01 , -1.30844991E-02 , -1.21708908E-05 ,  6.85117575E-06
       6 ,        3 ,  9.32932436E-01 , -1.46779167E-02 , -9.71408565E-06 , -1.12032389E-05
       7 ,        3 ,  9.04651096E-01 , -1.66730949E-02 , -1.17490389E-05 , -9.35796421E-06
       8 ,        3 ,  8.71919197E-01 , -1.92026084E-02 , -9.62710861E-06 , -1.87517941E-06
       9 ,        3 ,  8.35091809E-01 , -2.23311189E-02 , -5.25190223E-06 ,  5.90707463E-06
      10 ,        3 ,  7.94573263E-01 , -2.60759654E-02 , -1.68248023E-08 ,  1.08751152E-05
      11 ,        3 ,  7.50805044E-01 , -3.03988434E-02 ,  2.87023422E-06 ,  1.35080610E-05
      12 ,        3 ,  7.04261150E-01 , -3.51917370E-02 ,  2.68740408E-06 ,  1.72436573E-05
      13 ,        3 ,  6.55444415E-01 , -4.02680923E-02 ,  1.78469161E-05 ,  9.24939592E-06
      14 ,        3 ,  6.04882544E-01 , -4.53646445E-02 ,  1.03894980E-05 , -4.24962074E-06
      15 ,        3 ,  5.53123745E-01 , -5.01565217E-02 ,  1.73825770E-05 , -1.33992072E-05
      16 ,        3 ,  5.00732022E-01 , -5.42857428E-02 ,  2.85576765E-05 , -2.43938859E-05
      17 ,        3 ,  4.48282113E-01 , -5.74005438E-02 ,  3.83417548E-05 , -4.09729398E-05
      18 ,        3 ,  3.96354027E-01 , -5.92004153E-02 ,  8.41085006E-05 , -1.11716150E-04
      19 ,        3 ,  3.45526993E-01 , -5.94798454E-02 ,  2.16461902E-07 ,  1.06433181E-05
      20 ,        3 ,  2.96372685E-01 , -5.81630058E-02 , -2.78375860E-06 , -1.26642035E-04
      21 ,        3 ,  2.49447664E-01 , -5.53223015E-02 ,  1.18702989E-05 , -7.10899762E-05
      22 ,        3 ,  2.05285286E-01 , -5.11758895E-02 , -6.14096856E-05 , -5.00966185E-05
      23 ,        3 ,  1.64387476E-01 , -4.60626196E-02 , -1.26849869E-04 , -5.71991656E-05
      24 ,        3 ,  1.27216529E-01 , -4.03965027E-02 , -7.41813985E-05 , -8.79320735E-05
      25 ,        3 ,  9.41855301E-02 , -3.46049734E-02 , -5.43468632E-05 , -1.25288861E-04
      26 ,        3 ,  6.56409967E-02 , -2.90526818E-02 , -3.65136256E-05 , -2.00693850E-04
      27 ,        3 ,  4.18205268E-02 , -2.39429143E-02 ,  7.53798104E-05 , -1.67386870E-04
      28 ,        3 ,  2.27696992E-02 , -1.91837973E-02 ,  3.71428005E-04 , -7.93194758E-04
      29 ,        3 ,  8.31212883E-03 , -1.42428024E-02 ,  5.15917886E-03 , -6.76066995E-03
      30 ,        3 , -1.52749034E-03 , -8.15791126E-03 , -8.32232686E-03 , -9.86431962E-03
      31 ,        3 , -5.74457283E-03 , -8.23172939E-04 ,  4.37481421E-03 , -8.65252509E-02
      32 ,        3 , -3.47379053E-03 ,  1.12406430E-02 ,  3.17506492E-04 ,  7.80488181E-02
      33 ,        3 ,  6.19040031E-03 ,  2.19166174E-02 ,  2.17750648E-02 ,  2.47943150E-02
      34 ,        3 ,  2.12173467E-02 ,  3.06451623E-02 ,  6.97528022E-03 ,  1.85943637E-03
      35 ,        3 ,  4.10051148E-02 ,  3.79415003E-02 ,  4.68123803E-03 ,  7.39947844E-05
      36 ,        3 ,  6.54213200E-02 ,  4.42221367E-02 ,  1.05450621E-04 ,  3.32467599E-04
      37 ,        3 ,  9.43497037E-02 ,  4.97041405E-02 , -2.73963395E-04 ,  2.93675700E-04
      38 ,        3 ,  1.27573419E-01 ,  5.44962263E-02 , -1.48869033E-04 ,  1.23241723E-04
      39 ,        3 ,  1.64785616E-01 ,  5.86604497E-02 , -7.77899189E-05 ,  4.04059876E-05
      40 ,        3 ,  2.05613444E-01 ,  6.22321245E-02 ,  9.58155573E-06 ,  4.87194032E-05
      41 ,        3 ,  2.49633604E-01 ,  6.52183880E-02 , -9.76554390E-06 , -8.57110010E-06
      42 ,        3 ,  2.96381688E-01 ,  6.75923917E-02 ,  1.50682572E-05 , -1.21256462E-05
      43 ,        3 ,  3.45358891E-01 ,  6.92922453E-02 ,  2.00303095E-05 , -7.74408261E-06
      44 ,        3 ,  3.96037930E-01 ,  7.02282696E-02 ,  6.91943557E-06 ,  4.27363637E-06
      45 ,        3 ,  4.47868944E-01 ,  7.02985181E-02 ,  3.75233687E-05 ,  9.16318100E-05
      46 ,        3 ,  5.00285681E-01 ,  6.94101005E-02 ,  4.68731486E-05 , -1.51230417E-04
      47 ,        3 ,  5.52712077E-01 ,  6.75023166E-02 ,  5.39127738E-05 , -5.77346736E-05
      48 ,        3 ,  6.04569194E-01 ,  6.45670562E-02 ,  3.61346155E-05 , -3.89988267E-05
      49 ,        3 ,  6.55282406E-01 ,  6.06623700E-02 ,  4.50119660E-05 , -5.09360092E-05
      50 ,        3 ,  7.04288636E-01 ,  5.59164422E-02 ,  5.07001275E-05 , -3.84445745E-05
      51 ,        3 ,  7.51043376E-01 ,  5.05211092E-02 ,  2.60861926E-05 , -2.73733132E-05
      52 ,        3 ,  7.95027230E-01 ,  4.47161437E-02 ,  6.05226050E-06 , -3.19512111E-05
      53 ,        3 ,  8.35751716E-01 ,  3.87672723E-02 ,  8.50587286E-06 , -3.55005319E-05
      54 ,        3 ,  8.72764222E-01 ,  3.29417494E-02 ,  1.95225004E-05 , -4.10545796E-05
      55 ,        3 ,  9.05652997E-01 ,  2.74841204E-02 ,  3.27020220E-05 , -2.89368630E-05
      56 ,        3 ,  9.34057488E-01 ,  2.25884888E-02 ,  7.06056318E-05 , -6.99365371E-05
      57 ,        3 ,  9.57703863E-01 ,  1.83472603E-02 ,  1.27350734E-04 , -2.08391647E-05
      58 ,        3 ,  9.76505643E-01 ,  1.46395475E-02 , -2.06495743E-05 ,  1.47716455E-04
      59 ,        3 ,  9.90702316E-01 ,  1.09645178E-02 , -8.76802463E-04 , -3.01885992E-04
      60 ,        3 ,  1.00078117E+00 ,  6.43434854E-03 , -2.42252283E-03 ,  5.65843133E-03
      61 ,        3 ,  1.00316548E+00 , -1.75978443E-04 , -6.54135112E-03 , -4.31626358E-02
       1 ,        4 ,  1.00568542E+00 , -3.12514179E-04 ,  4.00496459E-03 ,  3.92112925E-03
       2 ,        4 ,  1.00347438E+00 , -9.69919295E-03 ,  8.58159041E-04 ,  5.00166965E-04
       3 ,        4 ,  9.90989039E-01 , -1.46677000E-02 ,  4.22105505E-04 ,  2.42113699E-04
       4 ,        4 ,  9.75567233E-01 , -1.74868641E-02 ,  6.22712279E-05 ,  5.49395527E-05
       5 ,        4 ,  9.56347518E-01 , -1.94134924E-02 ,  1.53871349E-06 ,  1.27676724E-05
       6 ,        4 ,  9.32746965E-01 , -2.11919644E-02 ,  3.90787139E-06 , -6.08513589E-06
       7 ,        4 ,  9.04579910E-01 , -2.32400926E-02 ,  1.00837032E-05 , -1.43568038E-05
       8 ,        4 ,  8.71990824E-01 , -2.57731030E-02 ,  1.12425695E-05 , -2.07464680E-05
       9 ,        4 ,  8.35296736E-01 , -2.88898717E-02 ,  9.71840414E-06 , -2.86049784E-05
      10 ,        4 ,  7.94893008E-01 , -3.26176625E-02 ,  5.78569370E-06 , -3.44914285E-05
      11 ,        4 ,  7.51218100E-01 , -3.69202648E-02 , -3.50081664E-06 , -3.59578473E-05
      12 ,        4 ,  7.04742758E-01 , -4.16903599E-02 , -1.52616674E-05 , -2.78467346E-05
      13 ,        4 ,  6.55965829E-01 , -4.67423669E-02 , -1.53724616E-05 , -3.06606889E-06
      14 ,        4 ,  6.05411108E-01 , -5.18143834E-02 , -2.34599249E-05 ,  2.19154555E-05
      15 ,        4 ,  5.53623941E-01 , -5.65829960E-02 , -2.17202197E-05 ,  4.23935046E-05
      16 ,        4 ,  5.01167392E-01 , -6.06914521E-02 , -7.04184532E-06 ,  6.22220979E-05
      17 ,        4 ,  4.48617921E-01 , -6.37887841E-02 ,  2.52059352E-05 ,  7.62624994E-05
      18 ,        4 ,  3.96560401E-01 , -6.55748570E-02 ,  6.32327597E-05 ,  5.03120191E-05
      19 ,        4 ,  3.45582219E-01 , -6.58443432E-02 ,  7.78531034E-05 ,  2.17070183E-05
      20 ,        4 ,  2.96266157E-01 , -6.45217706E-02 ,  9.58202761E-05 ,  4.84431896E-05
      21 ,        4 ,  2.49181987E-01 , -6.16803756E-02 ,  5.67780358E-05 ,  1.41937689E-05
      22 ,        4 ,  2.04877045E-01 , -5.75395838E-02 ,  5.29188600E-05 ,  3.12269824E-06
      23 ,        4 ,  1.63866186E-01 , -5.24391131E-02 ,  5.40803841E-05 , -1.94774441E-05
      24 ,        4 ,  1.26620392E-01 , -4.67906332E-02 ,  1.95919456E-05 , -4.97498287E-05
      25 ,        4 ,  9.35492543E-02 , -4.10082426E-02 , -8.20625709E-05 , -7.80466154E-05
      26 ,        4 ,  6.49631169E-02 , -3.54149850E-02 , -5.43990844E-05 , -4.09923023E-05
      27 ,        4 ,  4.09939495E-02 , -3.01206060E-02 ,  2.39766611E-04 , -2.61568558E-05
      28 ,        4 ,  2.14977608E-02 , -2.48835317E-02 ,  6.77378368E-04 , -7.69829612E-04
      29 ,        4 ,  6.12154429E-03 , -1.89902927E-02 ,  3.14029757E-03 , -3.01152597E-03
      30 ,        4 , -4.99367560E-03 , -1.11977283E-02 , -6.50894664E-03 ,  2.79972324E-03
      31 ,        4 , -1.01822803E-02 , -1.13151937E-03 ,  1.52280063E-02 , -3.74806085E-02
      32 ,        4 , -7.68901988E-03 ,  1.33943665E-02 , -2.24345880E-03 ,  2.55712947E-02
      33 ,        4 ,  3.03123413E-03 ,  2.59628161E-02 ,  7.50853514E-03 ,  8.93500354E-03
      34 ,        4 ,  1.91057843E-02 ,  3.58123601E-02 ,  5.06287792E-03 ,  1.30750143E-03
      35 ,        4 ,  3.96460244E-02 ,  4.37255423E-02 ,  4.08831360E-03 ,  2.62415583E-04
      36 ,        4 ,  6.45367660E-02 ,  5.03263585E-02 ,  1.92691284E-04 , -6.87406681E-05
      37 ,        4 ,  9.37518052E-02 ,  5.59701052E-02 , -2.74875095E-04 ,  3.23449192E-05
      38 ,        4 ,  1.27152569E-01 ,  6.08454256E-02 , -1.26943269E-04 ,  2.95456706E-06
      39 ,        4 ,  1.64480650E-01 ,  6.50544162E-02 , -6.71552975E-05 ,  3.49691057E-06
      40 ,        4 ,  2.05390562E-01 ,  6.86505777E-02 , -1.46593096E-05 ,  2.81845140E-05
      41 ,        4 ,  2.49475364E-01 ,  7.16492491E-02 , -3.24292966E-05 , -1.40713815E-05
      42 ,        4 ,  2.96281458E-01 ,  7.40277309E-02 , -3.22061895E-05 , -1.23349022E-05
      43 ,        4 ,  3.45317479E-01 ,  7.57267129E-02 , -1.37842227E-05 , -1.88331631E-06
      44 ,        4 ,  3.96060899E-01 ,  7.66584478E-02 ,  1.02843052E-05 ,  6.99114627E-06
      45 ,        4 ,  4.47964116E-01 ,  7.67225837E-02 ,  9.98175295E-06 , -5.05252789E-06
      46 ,        4 ,  5.00460765E-01 ,  7.58275888E-02 ,  9.60781642E-06 ,  1.86461859E-05
      47 ,        4 ,  5.52972523E-01 ,  7.39139384E-02 ,  3.68723114E-05 ,  2.24481878E-05
      48 ,        4 ,  6.04916445E-01 ,  7.09745666E-02 ,  2.86057745E-06 ,  1.25516603E-05
      49 ,        4 ,  6.55712664E-01 ,  6.70684839E-02 , -2.04827261E-05 ,  3.20593869E-06
      50 ,        4 ,  7.04792200E-01 ,  6.23247774E-02 , -6.54256999E-06 ,  2.56736119E-06
      51 ,        4 ,  7.51604491E-01 ,  5.69361316E-02 ,  6.01449460E-06 , -8.01550596E-06
      52 ,        4 ,  7.95624271E-01 ,  5.11430651E-02 ,  1.64588132E-05 , -2.82665884E-05
      53 ,        4 ,  8.36357600E-01 ,  4.52116327E-02 ,  1.43069830E-05 , -4.29325477E-05
      54 ,        4 ,  8.73347807E-01 ,  3.94073185E-02 ,  6.62566753E-06 , -4.62319796E-05
      55 ,        4 ,  9.06185891E-01 ,  3.39641732E-02 , -1.23587258E-05 , -2.57470926E-05
      56 ,        4 ,  9.34541178E-01 ,  2.90385205E-02 , -3.66599533E-05 ,  1.10165867E-06
      57 ,        4 ,  9.58245358E-01 ,  2.46264199E-02 , -8.91866126E-05 ,  1.65532840E-04
      58 ,        4 ,  9.77438187E-01 ,  2.04392984E-02 , -2.59343865E-04 ,  2.78857680E-04
      59 ,        4 ,  9.92624319E-01 ,  1.57636040E-02 , -2.19217143E-04 ,  3.49804483E-04
      60 ,        4 ,  1.00451910E+00 ,  9.30056762E-03 , -1.58632246E-04 ,  1.25474821E-03
      61 ,        4 ,  1.00568542E+00 , -3.12514179E-04 , -7.06867153E-03 , -1.05155852E-02
       1 ,        5 ,  1.00918835E+00 , -5.02189704E-04 ,  1.45891994E-03 ,  3.19908115E-03
       2 ,        5 ,  1.00705874E+00 , -1.28277442E-02 ,  5.21419076E-04 , -6.23835636E-06
       3 ,        5 ,  9.92976567E-01 , -2.00604266E-02 ,  1.84320819E-04 , -1.27725687E-04
       4 ,        5 ,  9.76255630E-01 , -2.39471715E-02 ,  8.25288321E-05 , -2.63999066E-05
       5 ,        5 ,  9.56363413E-01 , -2.64663230E-02 ,  1.34691529E-05 , -7.99049178E-06
       6 ,        5 ,  9.32559669E-01 , -2.85411443E-02 , -2.35007099E-06 ,  6.82703870E-07
       7 ,        5 ,  9.04444242E-01 , -3.07080284E-02 , -1.40699766E-06 , -9.88124865E-08
       8 ,        5 ,  8.71998862E-01 , -3.32714643E-02 , -7.48797828E-08 , -1.26763426E-06
       9 ,        5 ,  8.35461201E-01 , -3.63825340E-02 ,  5.87786420E-07 , -2.78299858E-06
      10 ,        5 ,  7.95198375E-01 , -4.00908973E-02 ,  2.12193183E-07 , -4.70221678E-06
      11 ,        5 ,  7.51639679E-01 , -4.43677583E-02 , -2.34081813E-06 , -3.90362504E-06
      12 ,        5 ,  7.05251168E-01 , -4.91081939E-02 , -5.15514193E-06 , -2.36893410E-06
      13 ,        5 ,  6.56527428E-01 , -5.41281425E-02 , -2.23531729E-06 , -3.99391608E-06
      14 ,        5 ,  6.05988278E-01 , -5.91674287E-02 , -1.10212150E-05 ,  2.87870732E-06
      15 ,        5 ,  5.54176243E-01 , -6.39045352E-02 , -1.77169744E-05 ,  1.44471450E-05
      16 ,        5 ,  5.01653705E-01 , -6.79844616E-02 , -1.31548858E-05 ,  2.43320303E-05
      17 ,        5 ,  4.48999411E-01 , -7.10576070E-02 ,  2.70717875E-07 ,  3.28620389E-05
      18 ,        5 ,  3.96804056E-01 , -7.28247860E-02 ,  5.90520022E-05 ,  3.35715928E-05
      19 ,        5 ,  3.45664520E-01 , -7.30813999E-02 ,  3.65281997E-05 ,  1.46562098E-05
      20 ,        5 ,  2.96176368E-01 , -7.17528027E-02 ,  3.97767117E-05 ,  3.75813287E-05
      21 ,        5 ,  2.48924429E-01 , -6.89133415E-02 ,  4.48123684E-05 ,  1.83386950E-05
      22 ,        5 ,  2.04471670E-01 , -6.47834447E-02 ,  2.96649867E-05 ,  4.79314302E-06
      23 ,        5 ,  1.63346183E-01 , -5.97018329E-02 ,  6.66224671E-07 , -7.26721158E-06
      24 ,        5 ,  1.26023550E-01 , -5.40718690E-02 , -4.06405463E-05 , -1.20563429E-05
      25 ,        5 ,  9.28950492E-02 , -4.82805543E-02 , -1.19438243E-04 ,  4.77954659E-06
      26 ,        5 ,  6.42041260E-02 , -4.25881457E-02 , -3.89326014E-06 , -2.43838401E-05
      27 ,        5 ,  3.99476286E-02 , -3.69962914E-02 ,  7.17471874E-06 , -1.08812554E-04
      28 ,        5 ,  1.98172927E-02 , -3.11212827E-02 ,  3.70136330E-04 , -1.09852320E-03
      29 ,        5 ,  3.38832102E-03 , -2.40745623E-02 ,  2.06250341E-03 , -5.49604518E-04
      30 ,        5 , -9.01585030E-03 , -1.43833129E-02 , -5.15612335E-03 ,  4.23651909E-03
      31 ,        5 , -1.51124869E-02 , -1.39350731E-03 ,  7.48166672E-03 , -2.03827065E-02
      32 ,        5 , -1.23203971E-02 ,  1.56571349E-02 , -2.44458712E-03 ,  7.51527863E-03
      33 ,        5 , -6.01621716E-04 ,  3.02813820E-02 ,  6.51317829E-03 ,  4.39166118E-03
      34 ,        5 ,  1.65972462E-02 ,  4.14574002E-02 ,  2.21639551E-03 ,  4.47586555E-03
      35 ,        5 ,  3.80256692E-02 ,  5.01508177E-02 ,  3.55947283E-03 , -2.04286819E-04
      36 ,        5 ,  6.35122036E-02 ,  5.71845728E-02 ,  8.39824433E-04 , -5.91386581E-04
      37 ,        5 ,  9.30934451E-02 ,  6.30586156E-02 , -2.39915041E-04 , -9.43109788E-05
      38 ,        5 ,  1.26714004E-01 ,  6.80544954E-02 , -1.80032823E-04 , -1.99355249E-05
      39 ,        5 ,  1.64178204E-01 ,  7.23271419E-02 , -9.82759959E-05 , -8.18442612E-06
      40 ,        5 ,  2.05179069E-01 ,  7.59569122E-02 , -5.68719358E-05 ,  8.18072795E-06
      41 ,        5 ,  2.49332287E-01 ,  7.89720060E-02 , -3.65216835E-05 , -4.78483699E-06
      42 ,        5 ,  2.96198222E-01 ,  8.13561407E-02 , -7.68841812E-06 ,  2.92148633E-05
      43 ,        5 ,  3.45294523E-01 ,  8.30537662E-02 , -1.06055977E-06 ,  1.80676209E-05
      44 ,        5 ,  3.96104193E-01 ,  8.39798283E-02 ,  3.94224669E-06 ,  3.32481037E-06
      45 ,        5 ,  4.48082186E-01 ,  8.40361740E-02 ,  1.31327188E-08 ,  5.43840919E-06
      46 ,        5 ,  5.00661957E-01 ,  8.31331548E-02 , -1.73280798E-06 ,  6.49532095E-06
      47 ,        5 ,  5.53262564E-01 ,  8.12128760E-02 , -2.47548529E-05 , -2.67263364E-05
      48 ,        5 ,  6.05296434E-01 ,  7.82696905E-02 , -1.13105299E-05 ,  1.06891207E-07
      49 ,        5 ,  6.56177644E-01 ,  7.43638556E-02 ,  2.21407720E-05 ,  7.57286218E-06
      50 ,        5 ,  7.05330345E-01 ,  6.96255546E-02 ,  1.73090657E-07 ,  3.69998014E-06
      51 ,        5 ,  7.52196856E-01 ,  6.42483749E-02 , -1.00384035E-05 , -5.50440764E-06
      52 ,        5 ,  7.96245100E-01 ,  5.84732498E-02 , -1.73566588E-05 , -1.63391436E-05
      53 ,        5 ,  8.36975771E-01 ,  5.25648807E-02 , -2.37365325E-05 , -2.17122408E-05
      54 ,        5 ,  8.73932390E-01 ,  4.67812655E-02 , -3.32115442E-05 , -1.63647685E-05
      55 ,        5 ,  9.06725001E-01 ,  4.13316151E-02 , -2.10031293E-05 , -2.26767248E-05
      56 ,        5 ,  9.35090906E-01 ,  3.63110106E-02 , -5.10915451E-06 , -1.88546285E-05
      57 ,        5 ,  9.59011951E-01 ,  3.16044398E-02 , -2.71042868E-05 ,  9.77939770E-05
      58 ,        5 ,  9.78832456E-01 ,  2.67727648E-02 , -1.25934697E-04 ,  1.65080586E-04
      59 ,        5 ,  9.95199329E-01 ,  2.08995735E-02 ,  1.06393593E-04 ,  2.04696682E-04
      60 ,        5 ,  1.00842024E+00 ,  1.20178486E-02 ,  3.82224911E-04 ,  1.88357738E-03
      61 ,        5 ,  1.00918835E+00 , -5.02189704E-04 , -3.37148347E-03 , -8.28267167E-03
       1 ,        6 ,  1.01339297E+00 , -7.28985007E-04 ,  2.64207009E-04 , -3.35489895E-03
       2 ,        6 ,  1.01083094E+00 , -1.59069070E-02 ,  4.35210231E-04 ,  2.16462248E-05
       3 ,        6 ,  9.95596734E-01 , -2.57308561E-02 ,  1.11255285E-04 , -1.65267893E-04
       4 ,        6 ,  9.77463291E-01 , -3.09912028E-02 ,  7.74954433E-05 , -4.00037948E-06
       5 ,        6 ,  9.56669727E-01 , -3.42897073E-02 ,  1.83378506E-05 , -5.57558965E-06
       6 ,        6 ,  9.32464634E-01 , -3.67950848E-02 , -4.34851670E-07 ,  2.03526981E-06
       7 ,        6 ,  9.04290025E-01 , -3.91699484E-02 ,  7.01815459E-07 ,  2.57676942E-07
       8 ,        6 ,  8.71955853E-01 , -4.18109340E-02 ,  2.09253631E-06 , -1.29935135E-06
       9 ,        6 ,  8.35583982E-01 , -4.49339743E-02 ,  2.18987426E-06 , -2.77748375E-06
      10 ,        6 ,  7.95485402E-01 , -4.86250693E-02 ,  1.66170645E-06 , -3.63046079E-06
      11 ,        6 ,  7.52067056E-01 , -5.28715655E-02 ,  1.13774954E-06 , -2.87978983E-06
      12 ,        6 ,  7.05785645E-01 , -5.75748737E-02 ,  2.21177145E-06 , -6.91828124E-06
      13 ,        6 ,  6.57130162E-01 , -6.25539777E-02 ,  5.42176738E-06 , -7.86372870E-06
      14 ,        6 ,  6.06616156E-01 , -6.75511443E-02 , -7.81197840E-06 , -6.33510347E-06
      15 ,        6 ,  5.54783398E-01 , -7.22473218E-02 , -1.21876217E-05 , -2.45048553E-06
      16 ,        6 ,  5.02193946E-01 , -7.62898712E-02 , -9.58480095E-06 ,  4.57422152E-06
      17 ,        6 ,  4.49429548E-01 , -7.93312150E-02 ,  7.01958658E-07 ,  1.56692471E-05
      18 ,        6 ,  3.97087839E-01 , -8.10737839E-02 ,  7.01408820E-05 , -2.71637395E-06
      19 ,        6 ,  3.45776716E-01 , -8.13143299E-02 ,  3.28622864E-05 ,  4.99456903E-05
      20 ,        6 ,  2.96106323E-01 , -7.99795029E-02 ,  4.37512429E-05 , -1.45973227E-05
      21 ,        6 ,  2.48678307E-01 , -7.71447971E-02 ,  4.14061438E-05 , -1.41450540E-05
      22 ,        6 ,  2.04072118E-01 , -7.30304891E-02 ,  2.19710485E-05 , -2.47284191E-05
      23 ,        6 ,  1.62826898E-01 , -6.79702541E-02 ,  1.32198344E-05 , -2.25610243E-05
      24 ,        6 ,  1.25413312E-01 , -6.23495076E-02 , -2.88820299E-06 , -1.73902236E-05
      25 ,        6 ,  9.21828616E-02 , -5.65115959E-02 , -4.93243485E-05 , -9.12001437E-05
      26 ,        6 ,  6.32840274E-02 , -5.06361717E-02 ,  4.08778634E-05 , -4.53126513E-06
      27 ,        6 ,  3.85722427E-02 , -4.46097875E-02 , -6.98549835E-05 , -9.22287047E-05
      28 ,        6 ,  1.76206707E-02 , -3.79103812E-02 ,  3.07744347E-04 , -7.25096839E-04
      29 ,        6 ,  2.02603475E-05 , -2.94778374E-02 ,  8.09178471E-04 ,  2.03759863E-04
      30 ,        6 , -1.36493876E-02 , -1.76555548E-02 , -3.46536981E-03 ,  2.91797333E-03
      31 ,        6 , -2.05165393E-02 , -1.63103939E-03 ,  4.59923662E-03 , -1.09492252E-02
      32 ,        6 , -1.74242213E-02 ,  1.80154240E-02 , -6.45530959E-04 ,  3.14727888E-03
      33 ,        6 , -4.78357680E-03 ,  3.48666464E-02 ,  2.89283943E-03 ,  2.13745249E-03
      34 ,        6 ,  1.35935360E-02 ,  4.75972675E-02 ,  1.20645808E-03 ,  5.17770592E-03
      35 ,        6 ,  3.60459402E-02 ,  5.72604692E-02 ,  1.68319518E-03 , -3.16222635E-05
      36 ,        6 ,  6.22698295E-02 ,  6.48643391E-02 ,  7.46392184E-04 , -1.41167220E-04
      37 ,        6 ,  9.23245308E-02 ,  7.10586326E-02 , -5.78837903E-05 , -1.11515731E-04
      38 ,        6 ,  1.26230793E-01 ,  7.62284573E-02 , -1.74463217E-04 , -3.62406541E-05
      39 ,        6 ,  1.63866073E-01 ,  8.05937195E-02 , -1.06796784E-04 , -2.29597453E-05
      40 ,        6 ,  2.04974761E-01 ,  8.42716577E-02 , -7.16485402E-05 ,  5.34400133E-06
      41 ,        6 ,  2.49204226E-01 ,  8.73098191E-02 , -1.44537215E-05 , -6.55492173E-06
      42 ,        6 ,  2.96133892E-01 ,  8.97019434E-02 ,  1.35257746E-06 , -1.47636390E-05
      43 ,        6 ,  3.45293030E-01 ,  9.13981719E-02 , -1.30865488E-05 , -1.20226549E-05
      44 ,        6 ,  3.96171440E-01 ,  9.23172882E-02 , -1.22393893E-05 , -7.73880638E-06
      45 ,        6 ,  4.48227134E-01 ,  9.23641466E-02 , -1.03634641E-05 , -7.76772211E-07
      46 ,        6 ,  5.00893397E-01 ,  9.14516348E-02 ,  7.42268255E-06 , -2.29816541E-06
      47 ,        6 ,  5.53586304E-01 ,  8.95240345E-02 ,  4.47446727E-05 ,  2.23179068E-05
      48 ,        6 ,  6.05713002E-01 ,  8.65775618E-02 ,  2.78296369E-05 ,  1.08917174E-05
      49 ,        6 ,  6.56680624E-01 ,  8.26740484E-02 ,  4.63726742E-06 , -1.32752269E-05
      50 ,        6 ,  7.05905426E-01 ,  7.79449319E-02 ,  6.16627079E-06 , -1.14233109E-05
      51 ,        6 ,  7.52821673E-01 ,  7.25844859E-02 ,  5.22480108E-06 , -1.10880800E-05
      52 ,        6 ,  7.96890339E-01 ,  6.68327906E-02 ,  7.59239604E-06 , -1.11077980E-05
      53 ,        6 ,  8.37609527E-01 ,  6.09491452E-02 ,  1.57255225E-05 , -1.22017131E-05
      54 ,        6 ,  8.74533541E-01 ,  5.51742322E-02 ,  1.11633856E-05 ,  1.28935232E-06
      55 ,        6 ,  9.07316360E-01 ,  4.96750277E-02 ,  2.90292989E-05 , -1.16972462E-05
      56 ,        6 ,  9.35798579E-01 ,  4.44665339E-02 ,  3.48856956E-05 , -5.62712011E-05
      57 ,        6 ,  9.60123722E-01 ,  3.93156719E-02 ,  1.60780741E-05 , -1.07151012E-04
      58 ,        6 ,  9.80785163E-01 ,  3.36308806E-02 , -3.41583885E-05 , -2.36297382E-04
      59 ,        6 ,  9.98418114E-01 ,  2.62461010E-02 ,  1.44994771E-04 , -4.22293552E-04
      60 ,        6 ,  1.01250556E+00 ,  1.46739962E-02 ,  3.76211989E-04 ,  1.21315299E-03
      61 ,        6 ,  1.01339297E+00 , -7.28985007E-04 , -2.37614155E-03 , -5.40966577E-03
       1 ,        7 ,  1.01818243E+00 , -9.84671055E-04 ,  1.53924740E-04 ,  2.20990063E-03
       2 ,        7 ,  1.01498988E+00 , -1.89898613E-02 ,  3.70193777E-04 ,  7.83141330E-05
       3 ,        7 ,  9.98907187E-01 , -3.16100373E-02 ,  1.01928959E-04 , -1.45333022E-04
       4 ,        7 ,  9.79318095E-01 , -3.86095113E-02 ,  6.57602330E-05 ,  1.68623993E-05
       5 ,        7 ,  9.57409907E-01 , -4.29227216E-02 ,  1.75122904E-05 , -4.57059625E-06
       6 ,        7 ,  9.32582425E-01 , -4.60222518E-02 , -1.13486538E-07 ,  2.53767421E-06
       7 ,        7 ,  9.04192028E-01 , -4.87200042E-02 , -4.69288377E-08 ,  1.52336374E-06
       8 ,        7 ,  8.71894087E-01 , -5.15094358E-02 ,  1.83860813E-06 ,  9.07861788E-08
       9 ,        7 ,  8.35672499E-01 , -5.46791712E-02 ,  2.53090496E-06 , -1.26722728E-06
      10 ,        7 ,  7.95751840E-01 , -5.83641545E-02 ,  2.23061653E-06 , -2.95137794E-06
      11 ,        7 ,  7.52496294E-01 , -6.25789390E-02 ,  1.21187748E-06 , -5.32998723E-06
      12 ,        7 ,  7.06343459E-01 , -6.72379649E-02 , -2.00834139E-06 , -9.67552959E-06
      13 ,        7 ,  6.57773044E-01 , -7.21665203E-02 , -2.08968446E-06 , -1.06584776E-05
      14 ,        7 ,  6.07295215E-01 , -7.71108460E-02 , -7.84672985E-06 , -4.44860703E-06
      15 ,        7 ,  5.55446901E-01 , -8.17552732E-02 , -8.78854250E-06 ,  1.24595480E-06
      16 ,        7 ,  5.02790267E-01 , -8.57503060E-02 , -6.38844759E-06 ,  1.02997346E-05
      17 ,        7 ,  4.49910937E-01 , -8.87511718E-02 ,  8.33492717E-07 ,  2.21931737E-05
      18 ,        7 ,  3.97414789E-01 , -9.04626874E-02 ,  7.35286814E-05 ,  3.35638903E-07
      19 ,        7 ,  3.45922398E-01 , -9.06836200E-02 ,  3.17163259E-05 ,  3.73495636E-05
      20 ,        7 ,  2.96060249E-01 , -8.93422370E-02 ,  3.35308435E-05 ,  1.36692800E-06
      21 ,        7 ,  2.48447994E-01 , -8.65145839E-02 ,  2.10042414E-05 , -7.51097736E-06
      22 ,        7 ,  2.03680606E-01 , -8.24180410E-02 , -6.72974315E-06 , -1.82417063E-05
      23 ,        7 ,  1.62302107E-01 , -7.73743194E-02 , -2.24974810E-05 , -2.11447820E-05
      24 ,        7 ,  1.24762954E-01 , -7.17381069E-02 , -4.63520564E-05 , -3.37508121E-06
      25 ,        7 ,  9.13509222E-02 , -6.57924715E-02 , -9.41655974E-05 , -4.50054994E-05
      26 ,        7 ,  6.21015566E-02 , -5.96240107E-02 ,  5.49398107E-05 , -8.62346943E-05
      27 ,        7 ,  3.67427868E-02 , -5.30021855E-02 ,  1.14737488E-05 , -1.47760586E-04
      28 ,        7 ,  1.47843782E-02 , -4.52680063E-02 ,  1.42746503E-04 , -5.81248214E-04
      29 ,        7 , -4.08557856E-03 , -3.51928733E-02 ,  4.07077136E-04 ,  3.72708333E-04
      30 ,        7 , -1.89576443E-02 , -2.09870270E-02 , -2.34795118E-03 ,  1.88212785E-03
      31 ,        7 , -2.64486735E-02 , -1.86414755E-03 ,  3.19750101E-03 , -6.11300923E-03
      32 ,        7 , -2.30901649E-02 ,  2.04675853E-02 ,  5.19869907E-04 ,  6.17625182E-04
      33 ,        7 , -9.60320116E-03 ,  3.97225321E-02 ,  2.02667659E-04 , -7.32573143E-05
      34 ,        7 ,  9.98767940E-03 ,  5.42515081E-02 ,  1.89106295E-03 ,  3.92926359E-03
      35 ,        7 ,  3.35958221E-02 ,  6.50989180E-02 ,  1.98883093E-03 , -1.66361638E-04
      36 ,        7 ,  6.07140529E-02 ,  7.34352417E-02 ,  2.03458459E-03 , -2.44646738E-04
      37 ,        7 ,  9.13765588E-02 ,  8.00629403E-02 ,  2.63166802E-04 , -8.75771639E-05
      38 ,        7 ,  1.25661752E-01 ,  8.54792697E-02 , -1.11123732E-04 ,  1.95441154E-05
      39 ,        7 ,  1.63523467E-01 ,  8.99797445E-02 , -8.85492683E-05 ,  2.71863046E-05
      40 ,        7 ,  2.04769372E-01 ,  9.37287650E-02 , -8.79506775E-06 ,  2.03708739E-05
      41 ,        7 ,  2.49089726E-01 ,  9.68011531E-02 ,  1.54567996E-05 ,  6.47876680E-06
      42 ,        7 ,  2.96090482E-01 ,  9.92057987E-02 , -4.77504129E-06 , -2.94522788E-06
      43 ,        7 ,  3.45316724E-01 ,  1.00901549E-01 , -1.90401013E-05 , -4.16352613E-06
      44 ,        7 ,  3.96267154E-01 ,  1.01812804E-01 , -1.40831673E-05 , -5.19564563E-06
      45 ,        7 ,  4.48403750E-01 ,  1.01848589E-01 , -1.16337238E-05 , -6.02379156E-06
      46 ,        7 ,  5.01159802E-01 ,  1.00925188E-01 ,  4.52580674E-06 , -3.62823238E-06
      47 ,        7 ,  5.53948084E-01 ,  9.89897376E-02 ,  3.51627116E-06 , -1.57119042E-05
      48 ,        7 ,  6.06169787E-01 ,  9.60408403E-02 ,  8.57236435E-07 , -1.57457477E-05
      49 ,        7 ,  6.57224205E-01 ,  9.21422243E-02 , -4.42514741E-06 , -8.06650776E-06
      50 ,        7 ,  7.06518801E-01 ,  8.74265283E-02 , -5.57780353E-06 , -8.51486335E-06
      51 ,        7 ,  7.53479486E-01 ,  8.20877773E-02 , -9.54157860E-06 , -9.46363365E-06
      52 ,        7 ,  7.97562107E-01 ,  7.63621767E-02 , -1.10478735E-05 , -9.93128430E-06
      53 ,        7 ,  8.38269453E-01 ,  7.04964095E-02 , -4.53350852E-06 , -1.55961597E-05
      54 ,        7 ,  8.75184099E-01 ,  6.47005606E-02 , -2.35131303E-05 ,  9.44269038E-06
      55 ,        7 ,  9.08032233E-01 ,  5.90820373E-02 ,  2.07680436E-05 , -6.39266378E-06
      56 ,        7 ,  9.36780617E-01 ,  5.35625478E-02 ,  2.19392107E-06 ,  2.10316320E-05
      57 ,        7 ,  9.61719315E-01 ,  4.77859248E-02 , -1.53193685E-05 ,  4.10655085E-05
      58 ,        7 ,  9.83416768E-01 ,  4.09939959E-02 ,  4.52126453E-05 ,  3.87308043E-05
      59 ,        7 ,  1.00232889E+00 ,  3.17345132E-02 ,  4.16316076E-04 ,  8.06964662E-05
      60 ,        7 ,  1.01697451E+00 ,  1.73017613E-02 ,  7.95549707E-04 ,  1.23410241E-03
      61 ,        7 ,  1.01818243E+00 , -9.84671055E-04 , -1.66751550E-03 , -3.95595463E-03
       1 ,        8 ,  1.02358170E+00 , -1.26858117E-03 , -9.39127181E-05 ,  1.98505369E-03
       2 ,        8 ,  1.01977488E+00 , -2.21413309E-02 ,  3.32337142E-04 ,  8.09383812E-05
       3 ,        8 ,  1.00300069E+00 , -3.76972953E-02 ,  1.05507791E-04 , -1.19686480E-04
       4 ,        8 ,  9.81954860E-01 , -4.67988602E-02 ,  5.25582729E-05 ,  3.94864192E-05
       5 ,        8 ,  9.58742558E-01 , -5.24027463E-02 ,  1.23105674E-05 , -3.15873577E-07
       6 ,        8 ,  9.33059842E-01 , -5.62914928E-02 ,  5.52325697E-07 ,  2.74062337E-06
       7 ,        8 ,  9.04257895E-01 , -5.94536742E-02 , -3.26713484E-07 ,  1.92890580E-06
       8 ,        8 ,  8.71874151E-01 , -6.24881933E-02 ,  1.65993778E-06 ,  4.87445462E-07
       9 ,        8 ,  8.35751264E-01 , -6.57610823E-02 ,  3.01077801E-06 , -6.84263087E-07
      10 ,        8 ,  7.96002551E-01 , -6.94654661E-02 ,  2.49231631E-06 , -1.48560591E-06
      11 ,        8 ,  7.52924701E-01 , -7.36544081E-02 ,  2.94417397E-07 , -1.37854243E-06
      12 ,        8 ,  7.06920570E-01 , -7.82644236E-02 , -1.97639449E-06 , -6.57597618E-06
      13 ,        8 ,  6.58453007E-01 , -8.31326454E-02 , -4.37220030E-06 , -3.72927324E-06
      14 ,        8 ,  6.08023868E-01 , -8.80122605E-02 , -7.57556218E-06 , -9.89407132E-07
      15 ,        8 ,  5.56166515E-01 , -9.25926413E-02 , -9.36622416E-06 ,  3.45647779E-06
      16 ,        8 ,  5.03443560E-01 , -9.65285820E-02 , -7.54200838E-06 ,  1.08061197E-05
      17 ,        8 ,  4.50445483E-01 , -9.94790947E-02 , -2.23662331E-06 ,  2.06746274E-05
      18 ,        8 ,  3.97787846E-01 , -1.01152249E-01 ,  7.19372107E-05 ,  2.69499453E-06
      19 ,        8 ,  3.46105555E-01 , -1.01349422E-01 ,  2.80806031E-05 ,  1.44386969E-05
      20 ,        8 ,  2.96042768E-01 , -1.00000371E-01 ,  3.09400461E-05 ,  1.47637468E-05
      21 ,        8 ,  2.48236946E-01 , -9.71799180E-02 ,  1.85872666E-05 , -2.48810063E-06
      22 ,        8 ,  2.03294582E-01 , -9.30975694E-02 , -5.69192125E-06 , -1.13679444E-05
      23 ,        8 ,  1.61753607E-01 , -8.80532834E-02 , -2.28194834E-05 , -1.25120770E-05
      24 ,        8 ,  1.24024995E-01 , -8.23567382E-02 , -6.08026837E-05 ,  4.75741895E-06
      25 ,        8 ,  9.03122163E-02 , -7.62166452E-02 , -3.81429601E-05 , -2.04992670E-05
      26 ,        8 ,  6.05344144E-02 , -6.96194764E-02 ,  3.31971522E-05 , -9.54839237E-05
      27 ,        8 ,  3.43216784E-02 , -6.22173456E-02 ,  7.41964363E-06 , -1.73529345E-04
      28 ,        8 ,  1.11791990E-02 , -5.32131983E-02 ,  3.12079253E-05 , -3.72138491E-04
      29 ,        8 , -9.03416179E-03 , -4.12188318E-02 ,  2.49160528E-04 ,  4.49831994E-04
      30 ,        8 , -2.50264263E-02 , -2.43802086E-02 , -1.29705988E-03 ,  1.22518258E-03
      31 ,        8 , -3.30166614E-02 , -2.10569738E-03 ,  2.00322981E-03 , -3.75038921E-03
      32 ,        8 , -2.94298604E-02 ,  2.30210439E-02 ,  5.82373709E-04 ,  9.69808917E-04
      33 ,        8 , -1.51616503E-02 ,  4.48613684E-02 , -1.86681832E-03 , -8.71392004E-04
      34 ,        8 ,  5.66414180E-03 ,  6.14426924E-02 ,  1.22027148E-03 ,  2.25624990E-03
      35 ,        8 ,  3.05513408E-02 ,  7.37124282E-02 ,  8.22398171E-04 , -2.25440930E-04
      36 ,        8 ,  5.87304903E-02 ,  8.29695808E-02 ,  1.88127779E-03 ,  1.12279788E-05
      37 ,        8 ,  9.01594205E-02 ,  9.01684992E-02 ,  5.49015924E-04 ,  8.61325551E-05
      38 ,        8 ,  1.24946339E-01 ,  9.59255762E-02 , -8.42130206E-05 ,  3.24973141E-05
      39 ,        8 ,  1.63115755E-01 ,  1.00620933E-01 , -1.01644304E-04 ,  1.36041320E-06
      40 ,        8 ,  2.04546534E-01 ,  1.04475729E-01 , -3.77263546E-05 , -7.60679329E-06
      41 ,        8 ,  2.48983486E-01 ,  1.07600664E-01 ,  1.42604165E-05 ,  1.28326439E-05
      42 ,        8 ,  2.96068729E-01 ,  1.10026263E-01 , -9.43475207E-06 , -2.54006807E-06
      43 ,        8 ,  3.45369372E-01 ,  1.11724384E-01 , -1.99712306E-05 , -1.76788603E-06
      44 ,        8 ,  3.96396455E-01 ,  1.12627747E-01 , -1.36384353E-05 , -1.77198313E-06
      45 ,        8 ,  4.48617540E-01 ,  1.12651277E-01 , -8.50240046E-06 , -1.89522466E-06
      46 ,        8 ,  5.01466440E-01 ,  1.11715846E-01 ,  2.65325399E-05 ,  1.79724461E-06
      47 ,        8 ,  5.54352457E-01 ,  1.09772316E-01 ,  2.42954568E-05 ,  9.15473417E-06
      48 ,        8 ,  6.06670240E-01 ,  1.06822256E-01 , -7.21139794E-07 ,  2.16657445E-06
      49 ,        8 ,  6.57810515E-01 ,  1.02931471E-01 , -4.54917485E-06 , -3.33777089E-06
      50 ,        8 ,  7.07171626E-01 ,  9.82331811E-02 , -6.33504556E-06 , -4.03582003E-06
      51 ,        8 ,  7.54172380E-01 ,  9.29188678E-02 , -1.11616214E-05 , -4.34343274E-06
      52 ,        8 ,  7.98268736E-01 ,  8.72153521E-02 , -1.13943772E-05 , -4.98086639E-06
      53 ,        8 ,  8.38980964E-01 ,  8.13463613E-02 , -1.27316281E-06 , -6.47171195E-06
      54 ,        8 ,  8.75942192E-01 ,  7.54766109E-02 , -1.79189720E-05 , -6.15487327E-06
      55 ,        8 ,  9.08975220E-01 ,  6.96395224E-02 ,  2.47913082E-05 ,  1.22397113E-06
      56 ,        8 ,  9.38177998E-01 ,  6.36553908E-02 , -2.36217438E-05 , -6.10657708E-06
      57 ,        8 ,  9.63951214E-01 ,  5.70391694E-02 , -6.89406088E-05 , -4.43753635E-05
      58 ,        8 ,  9.86854754E-01 ,  4.88490141E-02 , -3.62941078E-05 , -8.19539027E-05
      59 ,        8 ,  1.00702066E+00 ,  3.73580977E-02 ,  1.77861898E-04 , -2.00123392E-04
      60 ,        8 ,  1.02206519E+00 ,  1.99410934E-02 ,  6.80239282E-04 ,  7.07025758E-04
      61 ,        8 ,  1.02358170E+00 , -1.26858117E-03 , -1.14234944E-03 , -3.11459168E-03
       1 ,        9 ,  1.02970089E+00 , -1.58435443E-03 , -2.93318711E-04 ,  1.75833641E-03
       2 ,        9 ,  1.02537839E+00 , -2.54100894E-02 ,  2.93159067E-04 ,  1.06130580E-04
       3 ,        9 ,  1.00799304E+00 , -4.40291934E-02 ,  9.01229669E-05 , -9.07138888E-05
       4 ,        9 ,  9.85513282E-01 , -5.55689334E-02 ,  3.82827724E-05 ,  5.70900593E-05
       5 ,        9 ,  9.60837396E-01 , -6.27688359E-02 ,  4.32940699E-06 ,  2.89567737E-06
       6 ,        9 ,  9.34066511E-01 , -6.76736504E-02 ,  5.69590098E-07 ,  2.10824750E-06
       7 ,        9 ,  9.04628427E-01 , -7.14690399E-02 , -2.11319854E-07 ,  2.07919131E-06
       8 ,        9 ,  8.71991106E-01 , -7.48716233E-02 ,  1.65692797E-06 ,  9.38874263E-07
       9 ,        9 ,  8.35870967E-01 , -7.83289134E-02 ,  3.12914343E-06 , -1.40543290E-07
      10 ,        9 ,  7.96257208E-01 , -8.20977419E-02 ,  2.85721635E-06 , -1.08254822E-06
      11 ,        9 ,  7.53355451E-01 , -8.62790220E-02 ,  1.47146760E-06 , -1.88284422E-06
      12 ,        9 ,  7.07513624E-01 , -9.08413065E-02 ,  7.95292401E-06 , -4.42125263E-06
      13 ,        9 ,  6.59165353E-01 , -9.56412852E-02 ,  7.17873192E-06 , -9.64120258E-07
      14 ,        9 ,  6.08798194E-01 , -1.00444013E-01 , -4.83597949E-06 , -6.03704695E-07
      15 ,        9 ,  5.56939759E-01 , -1.04946828E-01 , -9.63992713E-06 ,  2.68134377E-06
      16 ,        9 ,  5.04152932E-01 , -1.08810657E-01 , -7.51207587E-06 ,  1.04719272E-05
      17 ,        9 ,  4.51033918E-01 , -1.11699613E-01 , -3.46213217E-06 ,  2.17203992E-05
      18 ,        9 ,  3.98209329E-01 , -1.13325954E-01 ,  7.89647311E-05 ,  1.00296258E-06
      19 ,        9 ,  3.46329694E-01 , -1.13493973E-01 ,  3.19682725E-05 ,  2.07113073E-05
      20 ,        9 ,  2.96057068E-01 , -1.12133916E-01 ,  3.68998698E-05 ,  1.03641543E-05
      21 ,        9 ,  2.48044115E-01 , -1.09315871E-01 ,  2.12296694E-05 , -7.49664064E-06
      22 ,        9 ,  2.02900892E-01 , -1.05234043E-01 , -1.12279028E-06 , -1.45932893E-05
      23 ,        9 ,  1.61144081E-01 , -1.00154857E-01 , -8.08757691E-06 , -1.42951440E-05
      24 ,        9 ,  1.23125741E-01 , -9.43293099E-02 , -5.99121884E-05 , -1.18726895E-05
      25 ,        9 ,  8.89531197E-02 , -8.78815897E-02 ,  4.31533920E-05 , -9.51821796E-06
      26 ,        9 ,  5.84403823E-02 , -8.06946297E-02 ,  4.05946387E-05 , -7.83679941E-05
      27 ,        9 ,  3.11592423E-02 , -7.23023749E-02 , -4.70254196E-06 , -1.25778920E-04
      28 ,        9 ,  6.66839654E-03 , -6.17684853E-02 , -4.64787283E-05 , -1.32734546E-04
      29 ,        9 , -1.49396998E-02 , -4.75654210E-02 ,  1.14835310E-04 ,  4.10610039E-04
      30 ,        9 , -3.19689056E-02 , -2.78567210E-02 , -1.11036812E-03 ,  5.80097167E-04
      31 ,        9 , -4.03620842E-02 , -2.36212353E-03 ,  1.43495588E-03 , -2.42393768E-03
      32 ,        9 , -3.65746580E-02 ,  2.56901912E-02 ,  9.31196590E-04 ,  9.67853674E-04
      33 ,        9 , -2.15759317E-02 ,  5.03037347E-02 , -2.29290406E-03 , -1.41789498E-03
      34 ,        9 ,  4.95950504E-04 ,  6.91981305E-02 ,  5.79470365E-04 ,  1.33040335E-03
      35 ,        9 ,  2.67744025E-02 ,  8.31500500E-02 , -2.86575827E-04 ,  2.18351031E-04
      36 ,        9 ,  5.61851732E-02 ,  9.35430875E-02 ,  1.63474311E-03 , -1.79746869E-04
      37 ,        9 ,  8.85592252E-02 ,  1.01477059E-01 ,  7.17785232E-04 , -3.36127212E-04
      38 ,        9 ,  1.24000237E-01 ,  1.07692829E-01 , -7.06564114E-05 , -7.37368094E-05
      39 ,        9 ,  1.62588831E-01 ,  1.12662818E-01 , -1.63711508E-04 , -1.42521468E-05
      40 ,        9 ,  2.04276589E-01 ,  1.16673421E-01 , -8.76195854E-05 ,  7.91496277E-07
      41 ,        9 ,  2.48872550E-01 ,  1.19879664E-01 , -1.21082406E-05 ,  2.50270986E-05
      42 ,        9 ,  2.96065725E-01 ,  1.22341032E-01 , -2.23241096E-05 , -7.52628197E-06
      43 ,        9 ,  3.45453499E-01 ,  1.24047936E-01 , -2.19302080E-05 , -6.37390200E-07
      44 ,        9 ,  3.96564425E-01 ,  1.24945237E-01 , -1.42558244E-05 ,  2.42819102E-06
      45 ,        9 ,  4.48874419E-01 ,  1.24956302E-01 , -3.75955266E-06 , -1.94125890E-06
      46 ,        9 ,  5.01818984E-01 ,  1.24008289E-01 ,  5.05930875E-05 ,  1.97218650E-05
      47 ,        9 ,  5.54804157E-01 ,  1.22056895E-01 ,  4.57561973E-05 ,  2.32545000E-05
      48 ,        9 ,  6.07217791E-01 ,  1.19107223E-01 ,  2.82161522E-06 , -1.76688229E-06
      49 ,        9 ,  6.58441922E-01 ,  1.15226913E-01 ,  1.12231328E-05 , -7.70988189E-06
      50 ,        9 ,  7.07866791E-01 ,  1.10548081E-01 ,  1.25102215E-05 , -8.06590567E-06
      51 ,        9 ,  7.54908097E-01 ,  1.05255377E-01 ,  4.47061334E-06 , -5.49710585E-06
      52 ,        9 ,  7.99031628E-01 ,  9.95580534E-02 , -1.93007395E-06 , -3.75229972E-06
      53 ,        9 ,  8.39792704E-01 ,  9.36445653E-02 , -1.58469305E-06 ,  4.24073231E-06
      54 ,        9 ,  8.76897368E-01 ,  8.76205126E-02 , -2.42863709E-05 ,  4.69792708E-06
      55 ,        9 ,  9.10278927E-01 ,  8.14352425E-02 ,  2.43340528E-06 ,  8.27687080E-06
      56 ,        9 ,  9.40153175E-01 ,  7.48026254E-02 , -3.27734551E-05 , -9.60083287E-06
      57 ,        9 ,  9.66982072E-01 ,  6.71014610E-02 , -5.54262133E-05 , -2.74911971E-05
      58 ,        9 ,  9.91232105E-01 ,  5.71961203E-02 , -5.91141977E-06 , -6.19028041E-05
      59 ,        9 ,  1.01260804E+00 ,  4.31446223E-02 ,  1.99608616E-04 , -1.69231424E-04
      60 ,        9 ,  1.02796980E+00 ,  2.26234192E-02 ,  6.20317870E-04 ,  5.93703698E-04
      61 ,        9 ,  1.02970089E+00 , -1.58435443E-03 , -7.16005490E-04 , -2.55991830E-03
       1 ,       10 ,  1.03668992E+00 , -1.93703363E-03 , -4.09957346E-04 ,  1.63007759E-03
       2 ,       10 ,  1.03196306E+00 , -2.88303645E-02 ,  2.77394746E-04 ,  7.54232056E-05
       3 ,       10 ,  1.01401636E+00 , -5.06507276E-02 ,  7.77710413E-05 , -7.06060814E-05
       4 ,       10 ,  9.90141242E-01 , -6.49403939E-02 ,  3.01444545E-05 ,  5.68380632E-05
       5 ,       10 ,  9.63875150E-01 , -7.40627567E-02 , -3.27224867E-06 ,  4.13048567E-06
       6 ,       10 ,  9.35792661E-01 , -8.02422281E-02 , -4.16645335E-07 ,  1.75510159E-06
       7 ,       10 ,  9.05476065E-01 , -8.48679944E-02 , -1.22568091E-07 ,  2.36200069E-06
       8 ,       10 ,  8.72377723E-01 , -8.87881950E-02 ,  1.57894208E-06 ,  1.59225705E-06
       9 ,       10 ,  8.36116583E-01 , -9.25373708E-02 ,  3.04691241E-06 ,  4.79757354E-07
      10 ,       10 ,  7.96559587E-01 , -9.64392221E-02 ,  2.78956070E-06 , -5.24494851E-07
      11 ,       10 ,  7.53804792E-01 , -1.00648719E-01 ,  1.57953601E-06 , -8.34788636E-07
      12 ,       10 ,  7.08124175E-01 , -1.05175441E-01 , -2.89028605E-06 , -1.40998512E-05
      13 ,       10 ,  6.59905580E-01 , -1.09904538E-01 , -8.60088944E-06 , -1.44512262E-05
      14 ,       10 ,  6.09612337E-01 , -1.14619822E-01 , -8.21153937E-06 , -4.64715439E-06
      15 ,       10 ,  5.57761623E-01 , -1.19031224E-01 , -9.14377156E-06 ,  1.25679091E-06
      16 ,       10 ,  5.04915134E-01 , -1.22808757E-01 , -6.13746704E-06 ,  1.02881560E-05
      17 ,       10 ,  4.51675033E-01 , -1.25623496E-01 , -4.72806326E-06 ,  2.29400769E-05
      18 ,       10 ,  3.98679793E-01 , -1.27192841E-01 ,  8.34451746E-05 ,  1.47399709E-06
      19 ,       10 ,  3.46595844E-01 , -1.27323745E-01 ,  3.27731065E-05 ,  2.25067309E-05
      20 ,       10 ,  2.96101357E-01 , -1.25944629E-01 ,  3.84761656E-05 ,  6.74843435E-06
      21 ,       10 ,  2.47858295E-01 , -1.23115322E-01 ,  1.72991618E-05 , -1.24808033E-05
      22 ,       10 ,  2.02468392E-01 , -1.19005291E-01 , -6.63060459E-06 , -1.95676037E-05
      23 ,       10 ,  1.60410077E-01 , -1.13835169E-01 , -1.66486624E-05 , -1.87404188E-05
      24 ,       10 ,  1.21961426E-01 , -1.07785890E-01 , -8.36015005E-05 , -4.92224916E-05
      25 ,       10 ,  8.71330911E-02 , -1.00890672E-01 ,  7.29094888E-05 , -4.80344684E-05
      26 ,       10 ,  5.56576949E-02 , -9.29269886E-02 ,  1.92704963E-05 , -1.18958247E-04
      27 ,       10 ,  2.70925438E-02 , -8.33087166E-02 ,  9.51282184E-06 , -1.22527692E-04
      28 ,       10 ,  1.10444905E-03 , -7.09622507E-02 , -6.80129823E-05 ,  4.21870010E-06
      29 ,       10 , -2.19316701E-02 , -5.42537302E-02 ,  1.28152665E-04 ,  3.87144824E-04
      30 ,       10 , -3.99238724E-02 , -3.14469661E-02 , -8.95393402E-04 ,  3.08773939E-04
      31 ,       10 , -4.86489767E-02 , -2.63554928E-03 ,  9.89590188E-04 , -1.50833306E-03
      32 ,       10 , -4.46756109E-02 ,  2.84946240E-02 ,  7.80491929E-04 ,  6.65744252E-04
      33 ,       10 , -2.89821772E-02 ,  5.60780077E-02 , -1.52798465E-03 , -1.59545558E-03
      34 ,       10 , -5.65872424E-03 ,  7.75514908E-02 ,  9.76033201E-04 ,  6.38085498E-04
      35 ,       10 ,  2.21110410E-02 ,  9.34649048E-02 , -5.22149190E-04 ,  9.14512647E-04
      36 ,       10 ,  5.29236155E-02 ,  1.05235789E-01 ,  8.00632878E-04 ,  4.47734317E-05
      37 ,       10 ,  8.64367298E-02 ,  1.14095982E-01 ,  7.13960829E-04 , -2.67550117E-04
      38 ,       10 ,  1.22711769E-01 ,  1.20913832E-01 ,  1.16290499E-04 , -1.43547687E-04
      39 ,       10 ,  1.61863566E-01 ,  1.26260791E-01 , -9.17616317E-05 , -2.14582400E-05
      40 ,       10 ,  2.03910458E-01 ,  1.30495902E-01 , -5.63926508E-05 ,  1.67780781E-05
      41 ,       10 ,  2.48731017E-01 ,  1.33826260E-01 , -2.07117254E-05 ,  2.78403262E-05
      42 ,       10 ,  2.96071104E-01 ,  1.36347785E-01 , -3.15512536E-05 , -1.37666962E-05
      43 ,       10 ,  3.45567969E-01 ,  1.38075856E-01 , -1.85998867E-05 , -8.73878838E-07
      44 ,       10 ,  3.96774730E-01 ,  1.38972414E-01 , -1.32623985E-05 ,  8.67455769E-07
      45 ,       10 ,  4.49179987E-01 ,  1.38972776E-01 , -6.41817134E-06 ,  2.12695922E-06
      46 ,       10 ,  5.02223209E-01 ,  1.38012737E-01 , -2.02263009E-05 , -3.63886865E-05
      47 ,       10 ,  5.55308186E-01 ,  1.36054220E-01 , -1.35307422E-05 , -3.81055065E-06
      48 ,       10 ,  6.07816573E-01 ,  1.33106248E-01 , -2.72014180E-06 ,  7.80798375E-06
      49 ,       10 ,  6.59122934E-01 ,  1.29237266E-01 ,  1.87596618E-06 , -8.49831920E-08
      50 ,       10 ,  7.08612803E-01 ,  1.24575011E-01 ,  3.45764428E-06 , -2.77428365E-06
      51 ,       10 ,  7.55706526E-01 ,  1.19290782E-01 ,  3.01112972E-06 , -5.02901044E-06
      52 ,       10 ,  7.99893808E-01 ,  1.13566059E-01 ,  8.70277793E-06 , -6.47085730E-06
      53 ,       10 ,  8.40784436E-01 ,  1.07541636E-01 ,  2.11805977E-05 ,  2.04284732E-08
      54 ,       10 ,  8.78174223E-01 ,  1.01253166E-01 ,  2.26717894E-05 , -2.79312421E-05
      55 ,       10 ,  9.12106903E-01 ,  9.45596865E-02 ,  3.06142676E-05 , -2.94373388E-05
      56 ,       10 ,  9.42887985E-01 ,  8.70644410E-02 , -2.44908954E-05 , -1.58330153E-05
      57 ,       10 ,  9.70984655E-01 ,  7.80024146E-02 , -4.87458097E-05 , -2.76208416E-05
      58 ,       10 ,  9.96690240E-01 ,  6.60471796E-02 ,  6.13315720E-06 , -6.16617241E-05
      59 ,       10 ,  1.01922219E+00 ,  4.91305657E-02 ,  1.79030899E-04 , -1.83353146E-04
      60 ,       10 ,  1.03485120E+00 ,  2.53715585E-02 ,  5.30145290E-04 ,  4.70148466E-04
      61 ,       10 ,  1.03668992E+00 , -1.93703363E-03 , -4.34297089E-04 , -2.15913815E-03
       1 ,       11 ,  1.04472501E+00 , -2.33201883E-03 , -4.71549279E-04 ,  1.43693095E-03
       2 ,       11 ,  1.03969382E+00 , -3.24312311E-02 ,  2.39908145E-04 ,  9.34569927E-05
       3 ,       11 ,  1.02122330E+00 , -5.76089577E-02 ,  5.58690724E-05 , -4.55950668E-05
       4 ,       11 ,  9.96000679E-01 , -7.49435290E-02 ,  2.38516866E-05 ,  4.40568539E-05
       5 ,       11 ,  9.68049783E-01 , -8.63298830E-02 , -8.64339215E-06 ,  4.44709329E-06
       6 ,       11 ,  9.38448610E-01 , -9.40737253E-02 , -1.89129409E-06 ,  1.17788094E-06
       7 ,       11 ,  9.07003240E-01 , -9.97570840E-02 , -1.49651287E-07 ,  1.71695221E-06
       8 ,       11 ,  8.73205331E-01 , -1.04371727E-01 ,  1.38615110E-06 ,  1.39834289E-06
       9 ,       11 ,  8.36613280E-01 , -1.08547039E-01 ,  2.71236054E-06 ,  4.84691942E-07
      10 ,       11 ,  7.96986984E-01 , -1.12676449E-01 ,  2.49749109E-06 , -4.07121324E-07
      11 ,       11 ,  7.54311456E-01 , -1.16972402E-01 ,  1.35473242E-06 , -1.32025313E-06
      12 ,       11 ,  7.08765675E-01 , -1.21492109E-01 ,  3.64043366E-06 ,  4.15641035E-07
      13 ,       11 ,  6.60673481E-01 , -1.26157721E-01 ,  3.29387883E-06 ,  5.69945907E-06
      14 ,       11 ,  6.10460335E-01 , -1.30779947E-01 , -4.96155914E-06 ,  6.62152701E-07
      15 ,       11 ,  5.58624938E-01 , -1.35087671E-01 , -8.63748925E-06 ,  3.58130873E-06
      16 ,       11 ,  5.05724031E-01 , -1.38764352E-01 , -5.59435223E-06 ,  1.20593495E-05
      17 ,       11 ,  4.52364409E-01 , -1.41490637E-01 , -7.30222685E-06 ,  2.41482720E-05
      18 ,       11 ,  3.99195784E-01 , -1.42990032E-01 ,  8.25270561E-05 ,  4.30657026E-06
      19 ,       11 ,  3.46898806E-01 , -1.43071090E-01 ,  2.93874612E-05 ,  1.22858943E-05
      20 ,       11 ,  2.96163088E-01 , -1.41656571E-01 ,  3.58290723E-05 ,  9.12122632E-06
      21 ,       11 ,  2.47650418E-01 , -1.38788746E-01 ,  1.06709042E-05 , -1.13585849E-05
      22 ,       11 ,  2.01939762E-01 , -1.34601935E-01 , -1.64354726E-05 , -1.72113854E-05
      23 ,       11 ,  1.59455886E-01 , -1.29259779E-01 , -3.49403647E-05 , -1.25983246E-05
      24 ,       11 ,  1.20395768E-01 , -1.22864723E-01 , -9.43459209E-05 , -7.19279975E-05
      25 ,       11 ,  8.46845197E-02 , -1.15355037E-01 ,  5.57363293E-05 , -6.50578031E-06
      26 ,       11 ,  5.20045081E-02 , -1.06400737E-01 , -2.50941000E-05 , -4.10861011E-05
      27 ,       11 ,  2.19433585E-02 , -9.52935693E-02 , -1.42470828E-05 , -7.59150029E-05
      28 ,       11 , -5.67481220E-03 , -8.08306187E-02 , -7.07828444E-05 ,  8.73127201E-05
      29 ,       11 , -3.01596436E-02 , -6.13151043E-02 ,  2.05722550E-04 ,  3.55888505E-04
      30 ,       11 , -4.90544379E-02 , -3.51841793E-02 , -6.78489073E-04 ,  2.65451668E-04
      31 ,       11 , -5.80604515E-02 , -2.92564861E-03 ,  5.86889806E-04 , -9.98887751E-04
      32 ,       11 , -5.39048763E-02 ,  3.14577719E-02 ,  4.84656647E-04 ,  4.67712085E-04
      33 ,       11 , -3.75387936E-02 ,  6.22196934E-02 , -1.32638815E-03 , -1.30955663E-03
      34 ,       11 , -1.29603235E-02 ,  8.65440380E-02 ,  3.76837082E-04 ,  3.42886284E-04
      35 ,       11 ,  1.63890543E-02 ,  1.04715650E-01 , -3.22140944E-05 ,  1.21977753E-03
      36 ,       11 ,  4.87694886E-02 ,  1.18133054E-01 ,  4.59780494E-04 , -3.55549625E-05
      37 ,       11 ,  8.36259766E-02 ,  1.28139221E-01 ,  9.76224282E-04 , -4.47981715E-05
      38 ,       11 ,  1.20939075E-01 ,  1.35729656E-01 ,  4.48194045E-04 , -3.04085371E-05
      39 ,       11 ,  1.60830771E-01 ,  1.41580625E-01 , -4.59316439E-05 , -1.68256590E-06
      40 ,       11 ,  2.03373062E-01 ,  1.46130513E-01 , -9.38333551E-05 ,  1.83949965E-06
      41 ,       11 ,  2.48513381E-01 ,  1.49645390E-01 , -8.07478418E-05 , -1.58250246E-05
      42 ,       11 ,  2.96061469E-01 ,  1.52264668E-01 , -3.65201505E-05 , -9.18410551E-06
      43 ,       11 ,  3.45703959E-01 ,  1.54035416E-01 , -1.87545589E-05 , -1.06282629E-06
      44 ,       11 ,  3.97027022E-01 ,  1.54942400E-01 , -2.21831418E-05 ,  1.09083771E-06
      45 ,       11 ,  4.49538085E-01 ,  1.54937327E-01 , -3.51169107E-06 , -3.02662724E-06
      46 ,       11 ,  5.02684493E-01 ,  1.53967657E-01 ,  3.49854389E-05 ,  3.30364816E-05
      47 ,       11 ,  5.55870302E-01 ,  1.52003158E-01 ,  1.81714449E-05 ,  1.69612685E-05
      48 ,       11 ,  6.08473252E-01 ,  1.49056745E-01 ,  8.11373386E-06 , -4.22837904E-06
      49 ,       11 ,  6.59864006E-01 ,  1.45195484E-01 ,  1.55910315E-05 , -6.35842956E-06
      50 ,       11 ,  7.09430145E-01 ,  1.40537673E-01 ,  1.45638896E-05 , -7.27998217E-06
      51 ,       11 ,  7.56608386E-01 ,  1.35232903E-01 ,  6.34306979E-06 , -5.10630855E-06
      52 ,       11 ,  8.00929017E-01 ,  1.29424074E-01 , -4.82215675E-06 , -2.51372801E-06
      53 ,       11 ,  8.42073305E-01 ,  1.23193661E-01 , -1.59853586E-05 ,  1.24477009E-05
      54 ,       11 ,  8.79933937E-01 ,  1.16499968E-01 , -3.84521618E-05 ,  3.29721942E-05
      55 ,       11 ,  9.14651404E-01 ,  1.09107676E-01 , -1.79436161E-05 ,  2.51586901E-05
      56 ,       11 ,  9.46583225E-01 ,  1.00504628E-01 , -2.92993340E-05 ,  8.77169613E-08
      57 ,       11 ,  9.76144093E-01 ,  8.97763856E-02 , -4.04397684E-05 , -1.37207785E-05
      58 ,       11 ,  1.00338456E+00 ,  7.54244331E-02 ,  1.63933354E-05 , -5.18974964E-05
      59 ,       11 ,  1.02701419E+00 ,  5.53549754E-02 ,  1.59055421E-04 , -1.81955174E-04
      60 ,       11 ,  1.04287422E+00 ,  2.82054826E-02 ,  4.55850645E-04 ,  4.04437672E-04
      61 ,       11 ,  1.04472501E+00 , -2.33201883E-03 , -2.32851998E-04 , -1.83019459E-03
       1 ,       12 ,  1.05400734E+00 , -2.77470617E-03 , -5.13671602E-04 ,  1.27569512E-03
       2 ,       12 ,  1.04875547E+00 , -3.62413893E-02 ,  1.96131695E-04 ,  9.81488639E-05
       3 ,       12 ,  1.02979263E+00 , -6.49532453E-02 ,  3.32278615E-05 , -2.18704659E-05
       4 ,       12 ,  1.00327387E+00 , -8.56183800E-02 ,  2.53524023E-05 ,  1.87585789E-05
       5 ,       12 ,  9.73572006E-01 , -9.96208137E-02 , -7.99872613E-06 ,  2.01613433E-06
       6 ,       12 ,  9.42265627E-01 , -1.09248301E-01 , -2.93844984E-06 , -2.58992495E-07
       7 ,       12 ,  9.09441412E-01 , -1.16248159E-01 , -3.82147017E-07 ,  1.83841603E-07
       8 ,       12 ,  8.74683362E-01 , -1.21762751E-01 ,  1.07133480E-06 ,  4.23363786E-07
       9 ,       12 ,  8.37529760E-01 , -1.26525660E-01 ,  2.28514529E-06 , -2.12181233E-07
      10 ,       12 ,  7.97658235E-01 , -1.31004250E-01 ,  2.14054217E-06 , -9.13795979E-07
      11 ,       12 ,  7.54947014E-01 , -1.35470519E-01 ,  5.16612065E-07 , -8.38703412E-07
      12 ,       12 ,  7.09473070E-01 , -1.40033237E-01 ,  6.53139543E-06 , -1.45291216E-05
      13 ,       12 ,  6.61480145E-01 , -1.44658321E-01 , -2.56832184E-06 , -1.44666061E-05
      14 ,       12 ,  6.11340208E-01 , -1.49191458E-01 , -6.28623627E-06 , -1.96823551E-06
      15 ,       12 ,  5.59522014E-01 , -1.53387946E-01 , -1.07042943E-05 ,  3.25383261E-06
      16 ,       12 ,  5.06570309E-01 , -1.56950362E-01 , -5.76446599E-06 ,  1.34053334E-05
      17 ,       12 ,  4.53092409E-01 , -1.59572370E-01 , -9.21327858E-06 ,  2.63797304E-05
      18 ,       12 ,  3.99745964E-01 , -1.60984560E-01 ,  8.34162993E-05 ,  7.26008667E-06
      19 ,       12 ,  3.47221135E-01 , -1.60995226E-01 ,  2.86408790E-05 ,  5.39991655E-06
      20 ,       12 ,  2.96210863E-01 , -1.59516338E-01 ,  3.65443974E-05 ,  7.35537496E-06
      21 ,       12 ,  2.47364414E-01 , -1.56564308E-01 ,  1.09287183E-05 , -1.15503606E-05
      22 ,       12 ,  2.01223459E-01 , -1.52228238E-01 , -1.53798849E-05 , -1.56840521E-05
      23 ,       12 ,  1.58148675E-01 , -1.46605625E-01 , -3.41195664E-05 ,  2.33748993E-06
      24 ,       12 ,  1.18258287E-01 , -1.39714556E-01 , -5.75025305E-05 , -6.39264133E-05
      25 ,       12 ,  8.14120613E-02 , -1.31395371E-01 ,  4.55557535E-05 , -3.88337665E-05
      26 ,       12 ,  4.72773436E-02 , -1.21208003E-01 , -1.42305946E-05 , -4.61541324E-05
      27 ,       12 ,  1.55152218E-02 , -1.08321479E-01 , -2.40561493E-05 , -4.01895321E-05
      28 ,       12 , -1.38506587E-02 , -9.14187955E-02 , -5.35979457E-05 ,  1.20775871E-04
      29 ,       12 , -3.97975557E-02 , -6.87896131E-02 ,  2.66795995E-04 ,  3.07729586E-04
      30 ,       12 , -5.95489140E-02 , -3.91020856E-02 , -5.08138406E-04 ,  2.67652815E-04
      31 ,       12 , -6.88001465E-02 , -3.23097674E-03 ,  3.01047289E-04 , -6.68806982E-04
      32 ,       12 , -6.44582917E-02 ,  3.46059161E-02 ,  2.60134046E-04 ,  1.80829231E-04
      33 ,       12 , -4.74297431E-02 ,  6.87707422E-02 , -5.51703552E-04 , -1.52712503E-03
      34 ,       12 , -2.15919720E-02 ,  9.62254608E-02 , -3.32248055E-04 , -5.56623977E-04
      35 ,       12 ,  9.41495714E-03 ,  1.16968000E-01 ,  1.82015375E-04 ,  1.05880454E-03
      36 ,       12 ,  4.35227055E-02 ,  1.32326818E-01 , -6.08863928E-05 , -9.64778468E-05
      37 ,       12 ,  7.99327696E-02 ,  1.43728437E-01 ,  8.32512596E-04 , -1.06378965E-04
      38 ,       12 ,  1.18507787E-01 ,  1.52290816E-01 ,  4.64817768E-04 , -1.55726873E-04
      39 ,       12 ,  1.59346896E-01 ,  1.58799493E-01 ,  3.25411050E-05 , -1.41561533E-05
      40 ,       12 ,  2.02556895E-01 ,  1.63778464E-01 , -1.39318933E-04 ,  4.36053784E-05
      41 ,       12 ,  2.48146980E-01 ,  1.67559064E-01 , -5.65765345E-05 ,  4.10341424E-05
      42 ,       12 ,  2.95993147E-01 ,  1.70330592E-01 , -2.71500516E-05 , -1.87367413E-06
      43 ,       12 ,  3.45839032E-01 ,  1.72178256E-01 , -1.32803281E-05 , -2.15666352E-06
      44 ,       12 ,  3.97312764E-01 ,  1.73115685E-01 , -1.81010408E-05 ,  1.64565111E-06
      45 ,       12 ,  4.49948387E-01 ,  1.73115975E-01 ,  3.60599156E-05 ,  1.06466816E-05
      46 ,       12 ,  5.03207159E-01 ,  1.72141770E-01 ,  5.03276708E-05 ,  1.49017192E-05
      47 ,       12 ,  5.56498272E-01 ,  1.70172314E-01 ,  1.30035030E-05 ,  9.02708269E-08
      48 ,       12 ,  6.09200583E-01 ,  1.67223761E-01 , -2.00501469E-06 , -4.30977386E-06
      49 ,       12 ,  6.60687793E-01 ,  1.63358347E-01 ,  3.20579657E-06 , -8.16139839E-06
      50 ,       12 ,  7.10360071E-01 ,  1.58678398E-01 , -1.68306864E-06 , -1.00720700E-05
      51 ,       12 ,  7.57685146E-01 ,  1.53302699E-01 , -9.03266767E-06 , -1.03863762E-05
      52 ,       12 ,  8.02250021E-01 ,  1.47325724E-01 , -6.76108070E-06 , -1.06609442E-05
      53 ,       12 ,  8.43818044E-01 ,  1.40763689E-01 , -2.70388155E-06 ,  3.73723767E-06
      54 ,       12 ,  8.82374654E-01 ,  1.33492786E-01 , -1.93336893E-05 , -2.98698487E-05
      55 ,       12 ,  9.18132862E-01 ,  1.25179751E-01 , -3.30487312E-05 , -2.48489734E-05
      56 ,       12 ,  9.51459716E-01 ,  1.15191737E-01 , -3.71131539E-05 , -4.13805765E-06
      57 ,       12 ,  9.82661568E-01 ,  1.02464237E-01 , -3.22561264E-05 , -5.84172763E-06
      58 ,       12 ,  1.01149066E+00 ,  8.53605431E-02 ,  2.64807637E-05 , -4.22320902E-05
      59 ,       12 ,  1.03616062E+00 ,  6.18594555E-02 ,  1.40315691E-04 , -1.73680287E-04
      60 ,       12 ,  1.05222305E+00 ,  3.11454507E-02 ,  3.93053875E-04 ,  3.50956286E-04
      61 ,       12 ,  1.05400734E+00 , -2.77470617E-03 , -8.19145342E-05 , -1.56710761E-03
       1 ,       13 ,  1.06476508E+00 , -3.27026308E-03 , -5.36106549E-04 ,  1.12829245E-03
       2 ,       13 ,  1.05936102E+00 , -4.02904859E-02 ,  1.59176154E-04 ,  9.22084885E-05
       3 ,       13 ,  1.03993356E+00 , -7.27355526E-02 ,  2.31742050E-05 ,  2.83043662E-06
       4 ,       13 ,  1.01216930E+00 , -9.70147496E-02 ,  2.52778746E-05 , -6.51100406E-06
       5 ,       13 ,  9.80673627E-01 , -1.13993216E-01 , -3.36093384E-06 ,  5.43870497E-07
       6 ,       13 ,  9.47497930E-01 , -1.25850913E-01 , -3.19259586E-06 , -1.15964806E-06
       7 ,       13 ,  9.13051131E-01 , -1.34459076E-01 , -9.14975474E-07 , -7.25253856E-07
       8 ,       13 ,  8.77058654E-01 , -1.41109779E-01 ,  6.29887282E-07 ,  1.41175171E-08
       9 ,       13 ,  8.39079561E-01 , -1.46649925E-01 ,  1.78872903E-06 , -2.72618759E-07
      10 ,       13 ,  7.98739382E-01 , -1.51626942E-01 ,  1.83647665E-06 , -6.71725731E-07
      11 ,       13 ,  7.55825569E-01 , -1.56374779E-01 ,  5.92204387E-07 , -9.71722814E-07
      12 ,       13 ,  7.10313886E-01 , -1.61055856E-01 ,  5.24117385E-06 ,  8.73222887E-07
      13 ,       13 ,  6.62357687E-01 , -1.65684197E-01 ,  4.34976843E-06 , -1.13756939E-06
      14 ,       13 ,  6.12260746E-01 , -1.70147100E-01 , -5.21677974E-06 , -8.78945661E-07
      15 ,       13 ,  5.60448073E-01 , -1.74233634E-01 , -8.23583613E-06 ,  3.85535989E-06
      16 ,       13 ,  5.07441702E-01 , -1.77671815E-01 , -3.00320142E-06 ,  1.46137318E-05
      17 ,       13 ,  4.53841391E-01 , -1.80172373E-01 , -8.33408115E-06 ,  2.42143697E-05
      18 ,       13 ,  4.00305448E-01 , -1.81474036E-01 ,  1.18127907E-04 ,  4.14801407E-06
      19 ,       13 ,  3.47524899E-01 , -1.81382496E-01 ,  4.70378490E-05 , -2.66505637E-05
      20 ,       13 ,  2.96184572E-01 , -1.79793229E-01 ,  3.74826555E-05 , -4.94254778E-07
      21 ,       13 ,  2.46907613E-01 , -1.76688633E-01 ,  1.23012147E-05 , -1.26872602E-05
      22 ,       13 ,  2.00186560E-01 , -1.72103923E-01 , -8.78539234E-06 , -1.52998367E-05
      23 ,       13 ,  1.56314693E-01 , -1.66063554E-01 , -3.06113221E-05 ,  1.31383959E-05
      24 ,       13 ,  1.15342652E-01 , -1.58496970E-01 , -5.62550485E-06 , -5.31013484E-05
      25 ,       13 ,  7.70910339E-02 , -1.49143538E-01 ,  9.41435436E-06 , -5.70773535E-05
      26 ,       13 ,  4.12484310E-02 , -1.37450265E-01 , -1.56020794E-05 , -3.15320307E-05
      27 ,       13 ,  7.58952017E-03 , -1.22465986E-01 , -3.06412831E-05 ,  1.90849080E-06
      28 ,       13 , -2.36284332E-02 , -1.02781956E-01 , -3.08507114E-05 ,  1.25752223E-04
      29 ,       13 , -5.10478945E-02 , -7.67248201E-02 ,  2.74739480E-04 ,  2.32009419E-04
      30 ,       13 , -7.16235002E-02 , -4.32345080E-02 , -4.01764389E-04 ,  1.77868220E-04
      31 ,       13 , -8.10960361E-02 , -3.54984763E-03 ,  1.71335450E-04 , -4.50260517E-04
      32 ,       13 , -7.65588796E-02 ,  3.79675444E-02 ,  1.31594672E-04 ,  1.23073508E-04
      33 ,       13 , -5.88681629E-02 ,  7.57789739E-02 , -1.99233487E-04 , -6.41755098E-04
      34 ,       13 , -3.17638849E-02 ,  1.06654367E-01 , -7.82322428E-04 , -2.39071255E-04
      35 ,       13 ,  9.70212725E-04 ,  1.30296185E-01 ,  1.56934242E-04 ,  6.37825397E-04
      36 ,       13 ,  3.69567712E-02 ,  1.47917003E-01 , -4.22860556E-04 , -4.76452575E-05
      37 ,       13 ,  7.51326938E-02 ,  1.60994253E-01 ,  3.40120438E-04 ,  4.77818618E-05
      38 ,       13 ,  1.15208819E-01 ,  1.70758637E-01 ,  3.63076234E-04 , -9.92161493E-05
      39 ,       13 ,  1.57230400E-01 ,  1.78107393E-01 ,  1.47174111E-04 , -7.78853990E-05
      40 ,       13 ,  2.01316175E-01 ,  1.83655990E-01 , -4.19204908E-05 , -1.58834067E-05
      41 ,       13 ,  2.47524271E-01 ,  1.87807048E-01 , -1.20576029E-06 ,  2.57525819E-05
      42 ,       13 ,  2.95793799E-01 ,  1.90805558E-01 ,  4.27405825E-05 ,  4.72360161E-05
      43 ,       13 ,  3.45929514E-01 ,  1.92780696E-01 , -9.10664092E-06 ,  1.98400833E-06
      44 ,       13 ,  3.97609406E-01 ,  1.93780644E-01 , -2.22124591E-05 , -3.96059964E-06
      45 ,       13 ,  4.50402982E-01 ,  1.93804859E-01 , -2.79616459E-05 , -3.13658700E-05
      46 ,       13 ,  5.03793812E-01 ,  1.92834677E-01 , -1.31554983E-05 , -3.54140411E-05
      47 ,       13 ,  5.57204247E-01 ,  1.90860160E-01 ,  1.67476117E-05 , -1.99254945E-06
      48 ,       13 ,  6.10023003E-01 ,  1.87899308E-01 ,  2.23884640E-06 ,  6.04265650E-06
      49 ,       13 ,  6.61637720E-01 ,  1.84005113E-01 ,  9.48883794E-06 ,  4.84417221E-07
      50 ,       13 ,  7.11474952E-01 ,  1.79256816E-01 ,  1.04907840E-05 , -1.92408257E-06
      51 ,       13 ,  7.59048783E-01 ,  1.73733914E-01 ,  7.09339839E-06 , -2.57135946E-06
      52 ,       13 ,  8.04015161E-01 ,  1.67474715E-01 ,  7.34775992E-06 , -1.47400286E-06
      53 ,       13 ,  8.46221461E-01 ,  1.60423830E-01 , -3.89877357E-06 ,  1.03361306E-05
      54 ,       13 ,  8.85731667E-01 ,  1.52371856E-01 ,  2.11229349E-05 ,  3.54220265E-06
      55 ,       13 ,  9.22800453E-01 ,  1.42883475E-01 , -1.34986471E-06 , -1.07768041E-06
      56 ,       13 ,  9.57760660E-01 ,  1.31200580E-01 , -3.08933057E-05 , -6.93868453E-06
      57 ,       13 ,  9.90758962E-01 ,  1.16115279E-01 , -2.23015774E-05 , -5.81280643E-06
      58 ,       13 ,  1.02121021E+00 ,  9.58986143E-02 ,  3.36646347E-05 , -3.80381357E-05
      59 ,       13 ,  1.04686785E+00 ,  6.86885298E-02 ,  1.22751179E-04 , -1.61739225E-04
      60 ,       13 ,  1.06310967E+00 ,  3.42130252E-02 ,  3.41305179E-04 ,  3.06777564E-04
      61 ,       13 ,  1.06476508E+00 , -3.27026308E-03 ,  2.89787554E-05 , -1.34855007E-03
       1 ,       14 ,  1.07725695E+00 , -3.82344385E-03 , -5.42845367E-04 ,  9.93617024E-04
       2 ,       14 ,  1.07175697E+00 , -4.46092825E-02 ,  1.40256178E-04 ,  8.39700283E-05
       3 ,       14 ,  1.05188973E+00 , -8.10105025E-02 ,  4.02812417E-05 ,  1.49336513E-05
       4 ,       14 ,  1.02292720E+00 , -1.09191834E-01 ,  1.68790851E-05 , -1.70201588E-05
       5 ,       14 ,  9.89612628E-01 , -1.29513490E-01 , -4.52678511E-06 ,  7.72907242E-06
       6 ,       14 ,  9.54425745E-01 , -1.43972868E-01 , -4.57699427E-06 ,  2.37537194E-06
       7 ,       14 ,  9.18123224E-01 , -1.54514636E-01 , -1.85301323E-06 ,  8.89019424E-08
       8 ,       14 ,  8.80615246E-01 , -1.62570506E-01 ,  6.72120881E-08 ,  4.74236171E-07
       9 ,       14 ,  8.41521226E-01 , -1.69107410E-01 ,  1.46560214E-06 ,  2.34955629E-07
      10 ,       14 ,  8.00446859E-01 , -1.74760393E-01 ,  1.98566545E-06 , -3.30815936E-07
      11 ,       14 ,  7.57111288E-01 , -1.79929190E-01 ,  8.33242126E-07 , -9.09973182E-07
      12 ,       14 ,  7.11398962E-01 , -1.84831487E-01 ,  7.80978150E-06 , -6.60632658E-06
      13 ,       14 ,  6.63370446E-01 , -1.89531652E-01 ,  6.58305668E-06 , -1.26072225E-05
      14 ,       14 ,  6.13250582E-01 , -1.93962923E-01 , -6.75295516E-06 ,  2.16181420E-07
      15 ,       14 ,  5.61406606E-01 , -1.97954034E-01 , -1.01222239E-05 ,  4.25405759E-06
      16 ,       14 ,  5.08324027E-01 , -2.01264276E-01 , -3.16030044E-06 ,  1.53472796E-05
      17 ,       14 ,  4.54582479E-01 , -2.03625523E-01 , -9.92966112E-06 ,  2.58321753E-05
      18 ,       14 ,  4.00828831E-01 , -2.04785781E-01 ,  3.83143331E-05 ,  5.80761146E-05
      19 ,       14 ,  3.47742086E-01 , -2.04545876E-01 ,  9.01402633E-06 ,  2.07579694E-05
      20 ,       14 ,  2.95985029E-01 , -2.02779538E-01 ,  2.89702444E-05 ,  3.40413716E-06
      21 ,       14 ,  2.46141820E-01 , -1.99428229E-01 ,  4.33569133E-06 , -1.38472698E-05
      22 ,       14 ,  1.98648811E-01 , -1.94466593E-01 , -1.18961325E-05 , -1.24418823E-05
      23 ,       14 ,  1.53736050E-01 , -1.87840970E-01 , -4.77433545E-05 ,  1.31039119E-05
      24 ,       14 ,  1.11404463E-01 , -1.79388496E-01 ,  1.76905546E-05 , -4.19933979E-05
      25 ,       14 ,  7.14646604E-02 , -1.68744128E-01 , -3.18613118E-05 , -5.58073408E-05
      26 ,       14 ,  3.36619169E-02 , -1.55239875E-01 , -1.48465659E-05 , -1.45974194E-05
      27 ,       14 , -2.07936540E-03 , -1.37811214E-01 , -2.98666990E-05 ,  3.70420822E-05
      28 ,       14 , -3.52429900E-02 , -1.14985815E-01 , -2.42988401E-05 ,  1.05991464E-04
      29 ,       14 , -6.41461471E-02 , -8.51750334E-02 ,  2.20314903E-04 ,  1.38766045E-04
      30 ,       14 , -8.55262015E-02 , -4.76158080E-02 , -3.00952612E-04 ,  1.12251024E-04
      31 ,       14 , -9.52053611E-02 , -3.88089848E-03 ,  1.57006109E-04 , -2.84500884E-04
      32 ,       14 , -9.04611049E-02 ,  4.15729562E-02 ,  7.98998942E-05 ,  5.89609855E-05
      33 ,       14 , -7.21004682E-02 ,  8.32976573E-02 , -4.34354989E-05 , -3.71131185E-04
      34 ,       14 , -4.37181531E-02 ,  1.17898551E-01 , -7.36584224E-04 , -4.74648570E-04
      35 ,       14 , -9.19326091E-03 ,  1.44784298E-01 ,  9.28443851E-05 ,  2.63385560E-04
      36 ,       14 ,  2.88153002E-02 ,  1.65013047E-01 , -3.08062070E-04 ,  1.64902934E-04
      37 ,       14 ,  6.89684590E-02 ,  1.80077658E-01 ,  4.84627337E-04 ,  2.02511917E-05
      38 ,       14 ,  1.10795935E-01 ,  1.91306724E-01 ,  7.28143935E-04 , -6.16989566E-05
      39 ,       14 ,  1.54258552E-01 ,  1.99708791E-01 ,  3.18167852E-04 , -9.20073388E-05
      40 ,       14 ,  1.99461861E-01 ,  2.05995933E-01 , -3.63129872E-06 , -4.75546482E-05
      41 ,       14 ,  2.46495696E-01 ,  2.10647995E-01 , -4.70350616E-05 , -5.28946688E-05
      42 ,       14 ,  2.95353887E-01 ,  2.13971133E-01 , -3.76782850E-07 , -3.63863544E-06
      43 ,       14 ,  3.45902000E-01 ,  2.16143598E-01 , -3.53221532E-06 ,  8.44176243E-06
      44 ,       14 ,  3.97873498E-01 ,  2.17252979E-01 ,  3.59904976E-06 ,  1.22981579E-05
      45 ,       14 ,  4.50882331E-01 ,  2.17329336E-01 ,  3.07616158E-05 ,  3.47696443E-05
      46 ,       14 ,  5.04444925E-01 ,  2.16375568E-01 ,  2.00721235E-05 ,  2.48019868E-05
      47 ,       14 ,  5.58008313E-01 ,  2.14393268E-01 ,  1.18084168E-05 ,  3.13655373E-06
      48 ,       14 ,  6.10983911E-01 ,  2.11400265E-01 , -3.07048215E-06 , -1.58377678E-06
      49 ,       14 ,  6.62787851E-01 ,  2.07435609E-01 , -9.34445104E-07 , -5.50163779E-06
      50 ,       14 ,  7.12888585E-01 ,  2.02548935E-01 , -4.57875976E-06 , -5.79809951E-06
      51 ,       14 ,  7.60859950E-01 ,  1.96773720E-01 , -9.33591174E-06 , -5.08832130E-06
      52 ,       14 ,  8.06432827E-01 ,  1.90086774E-01 , -4.82256010E-06 , -4.90960332E-06
      53 ,       14 ,  8.49531868E-01 ,  1.82357486E-01 , -1.02387568E-05 , -3.26994283E-06
      54 ,       14 ,  8.90278110E-01 ,  1.73287472E-01 , -5.10585317E-07 , -2.04578125E-06
      55 ,       14 ,  9.28933884E-01 ,  1.62334785E-01 , -1.91062933E-05 , -8.33896187E-06
      56 ,       14 ,  9.65755191E-01 ,  1.48613991E-01 , -2.80248883E-05 , -6.09785336E-06
      57 ,       14 ,  1.00068431E+00 ,  1.30789000E-01 , -1.34443048E-05 , -6.71031009E-06
      58 ,       14 ,  1.03277661E+00 ,  1.07091933E-01 ,  3.71000640E-05 , -3.72765568E-05
      59 ,       14 ,  1.05937619E+00 ,  7.58899398E-02 ,  1.06145475E-04 , -1.48447759E-04
      60 ,       14 ,  1.07577921E+00 ,  3.74314031E-02 ,  2.97879203E-04 ,  2.69395900E-04
      61 ,       14 ,  1.07725695E+00 , -3.82344385E-03 ,  1.08661159E-04 , -1.16176347E-03
       1 ,       15 ,  1.09177698E+00 , -4.43843569E-03 , -5.37553433E-04 ,  8.76860592E-04
       2 ,       15 ,  1.08622824E+00 , -4.92296252E-02 ,  1.06497219E-04 ,  7.82935580E-05
       3 ,       15 ,  1.06594358E+00 , -8.98355373E-02 ,  3.34203624E-05 ,  2.02751740E-05
       4 ,       15 ,  1.03582500E+00 , -1.22217789E-01 ,  4.04173956E-06 , -1.23310173E-05
       5 ,       15 ,  1.00067884E+00 , -1.46258156E-01 ,  3.30977349E-06 ,  7.32608556E-06
       6 ,       15 ,  9.63359360E-01 , -1.63713656E-01 , -5.78551447E-06 ,  4.93269985E-06
       7 ,       15 ,  9.24981076E-01 , -1.76547875E-01 , -2.79097092E-06 ,  1.13791287E-06
       8 ,       15 ,  8.85675042E-01 , -1.86313017E-01 , -5.50046051E-07 ,  7.01153698E-07
       9 ,       15 ,  8.45158191E-01 , -1.94098413E-01 ,  8.95159784E-07 ,  3.65472151E-07
      10 ,       15 ,  8.03048643E-01 , -2.00634424E-01 ,  1.37182924E-06 , -2.05196202E-07
      11 ,       15 ,  7.59022958E-01 , -2.06392076E-01 ,  2.87367718E-07 , -1.54432693E-06
      12 ,       15 ,  7.12890820E-01 , -2.11646645E-01 ,  1.59152571E-06 , -6.71665759E-08
      13 ,       15 ,  6.64625449E-01 , -2.16513971E-01 , -5.25790327E-06 , -8.68799548E-06
      14 ,       15 ,  6.14367946E-01 , -2.20975217E-01 , -5.59350564E-06 ,  2.43200846E-07
      15 ,       15 ,  5.62415943E-01 , -2.24902288E-01 , -8.15890707E-06 ,  4.04514991E-06
      16 ,       15 ,  5.09203142E-01 , -2.28089918E-01 , -6.72096626E-07 ,  1.52263752E-05
      17 ,       15 ,  4.55272657E-01 , -2.30294438E-01 , -7.85695446E-06 ,  2.77607410E-05
      18 ,       15 ,  4.01243261E-01 , -2.31274245E-01 ,  1.98808055E-05 ,  1.08660742E-05
      19 ,       15 ,  3.47765405E-01 , -2.30823677E-01 , -3.33277477E-05 , -5.27360471E-05
      20 ,       15 ,  2.95464781E-01 , -2.28790793E-01 ,  2.20706487E-05 , -9.24234941E-06
      21 ,       15 ,  2.44876112E-01 , -2.25071156E-01 ,  1.00774149E-05 , -1.35200744E-05
      22 ,       15 ,  1.96377987E-01 , -2.19574159E-01 , -4.04146209E-06 , -1.14229281E-05
      23 ,       15 ,  1.50147617E-01 , -2.12164157E-01 , -5.77710994E-05 , -9.93248638E-06
      24 ,       15 ,  1.06158162E-01 , -2.02582384E-01 ,  3.57771475E-05 , -3.21044661E-05
      25 ,       15 ,  6.42401412E-02 , -1.90355917E-01 , -5.27277971E-05 , -4.16557339E-05
      26 ,       15 ,  2.42289680E-02 , -1.74701634E-01 , -1.03988771E-05 , -4.25856190E-06
      27 ,       15 , -1.37698237E-02 , -1.54453311E-01 , -2.59083154E-05 ,  5.66255212E-05
      28 ,       15 , -4.89646292E-02 , -1.28107008E-01 , -2.70584569E-05 ,  7.75382375E-05
      29 ,       15 , -7.93657509E-02 , -9.42009950E-02 ,  1.47172611E-04 ,  7.11484622E-05
      30 ,       15 , -1.01541678E-01 , -5.22816034E-02 , -1.99216667E-04 ,  7.94505018E-05
      31 ,       15 , -1.11420226E-01 , -4.22345881E-03 ,  1.46620757E-04 , -1.76405480E-04
      32 ,       15 , -1.06455829E-01 ,  4.54540517E-02 ,  4.44331401E-05 ,  3.49430437E-05
      33 ,       15 , -8.74110455E-02 ,  9.13852530E-02 , -1.46586414E-05 , -2.15982105E-04
      34 ,       15 , -5.77339785E-02 ,  1.30035150E-01 , -4.83850733E-04 , -5.47725917E-04
      35 ,       15 , -2.13582955E-02 ,  1.60527459E-01 ,  1.06665740E-04 ,  1.57272234E-05
      36 ,       15 ,  1.88076660E-02 ,  1.83735526E-01 , -1.94051720E-04 ,  5.10738877E-04
      37 ,       15 ,  6.11464641E-02 ,  2.01131535E-01 ,  1.59400072E-05 , -1.24939858E-05
      38 ,       15 ,  1.04982877E-01 ,  2.14122472E-01 ,  6.43441094E-04 , -1.35426365E-04
      39 ,       15 ,  1.50164457E-01 ,  2.23824290E-01 ,  4.81649675E-04 , -1.77127299E-04
      40 ,       15 ,  1.96757625E-01 ,  2.31049456E-01 ,  1.20774531E-04 , -2.52100933E-05
      41 ,       15 ,  2.44863915E-01 ,  2.36360799E-01 , -8.48702699E-05 ,  2.72436311E-05
      42 ,       15 ,  2.94519296E-01 ,  2.40130971E-01 , -7.85777534E-05 ,  1.55565344E-05
      43 ,       15 ,  3.45645503E-01 ,  2.42591782E-01 , -4.90252418E-05 , -1.56415259E-05
      44 ,       15 ,  3.98034041E-01 ,  2.43874016E-01 ,  3.10183810E-07 , -6.41677030E-06
      45 ,       15 ,  4.51351444E-01 ,  2.44041327E-01 , -4.26732113E-05 , -2.07414147E-05
      46 ,       15 ,  5.05158952E-01 ,  2.43119912E-01 ,  2.27067307E-05 , -2.71514101E-06
      47 ,       15 ,  5.58942806E-01 ,  2.41122757E-01 ,  1.38259166E-05 , -1.83900543E-07
      48 ,       15 ,  6.12153380E-01 ,  2.38065214E-01 ,  1.72072363E-06 , -2.35162473E-06
      49 ,       15 ,  6.64252160E-01 ,  2.33968230E-01 ,  4.68760727E-06 , -5.26917654E-06
      50 ,       15 ,  7.14764569E-01 ,  2.28846865E-01 ,  1.80981365E-06 , -5.59796948E-06
      51 ,       15 ,  7.63333521E-01 ,  2.22684071E-01 , -2.17981082E-06 , -4.45598070E-06
      52 ,       15 ,  8.09763952E-01 ,  2.15391798E-01 , -5.76118385E-08 ,  1.11690094E-06
      53 ,       15 ,  8.54044120E-01 ,  2.06761316E-01 , -8.03723614E-06 , -3.79172027E-06
      54 ,       15 ,  8.96326448E-01 ,  1.96401448E-01 ,  2.22123806E-06 ,  2.98127700E-06
      55 ,       15 ,  9.36846330E-01 ,  1.83659457E-01 , -1.80093874E-05 , -5.83642696E-06
      56 ,       15 ,  9.75743025E-01 ,  1.67524738E-01 , -2.38956309E-05 , -3.58841176E-06
      57 ,       15 ,  1.01271791E+00 ,  1.46556465E-01 , -6.10302392E-06 , -5.70496814E-06
      58 ,       15 ,  1.04646066E+00 ,  1.19003672E-01 ,  3.74769930E-05 , -3.70162689E-05
      59 ,       15 ,  1.07396445E+00 ,  8.35150665E-02 ,  9.08317080E-05 , -1.34772354E-04
      60 ,       15 ,  1.09051493E+00 ,  4.08256604E-02 ,  2.60869039E-04 ,  2.38067695E-04
      61 ,       15 ,  1.09177698E+00 , -4.43843569E-03 ,  1.64319634E-04 , -9.98172599E-04
       1 ,       16 ,  1.10866020E+00 , -5.11873548E-03 , -5.24250139E-04 ,  7.71930602E-04
       2 ,       16 ,  1.10310340E+00 , -5.41844813E-02 ,  8.45447173E-05 ,  5.37264584E-05
       3 ,       16 ,  1.08242136E+00 , -9.92712606E-02 ,  2.60634569E-05 ,  1.36508256E-05
       4 ,       16 ,  1.05118305E+00 , -1.36169482E-01 , -3.36820634E-06 , -7.54585439E-06
       5 ,       16 ,  1.01420009E+00 , -1.64315025E-01 ,  1.19678687E-05 , -7.53542449E-06
       6 ,       16 ,  9.74644057E-01 , -1.85182973E-01 , -3.48586139E-06 ,  4.50036002E-06
       7 ,       16 ,  9.33983878E-01 , -2.00701739E-01 , -3.03232798E-06 ,  8.74363159E-07
       8 ,       16 ,  8.92599343E-01 , -2.12517135E-01 , -1.23962933E-06 , -5.31242032E-08
       9 ,       16 ,  8.50338814E-01 , -2.21837598E-01 ,  5.64785089E-08 , -3.81446811E-07
      10 ,       16 ,  8.06863951E-01 , -2.29495066E-01 ,  5.23217950E-07 , -6.99124924E-07
      11 ,       16 ,  7.61835296E-01 , -2.36038445E-01 , -2.79637160E-07 , -2.05584946E-06
      12 ,       16 ,  7.15008046E-01 , -2.41804220E-01 ,  2.53854171E-06 ,  1.15565993E-06
      13 ,       16 ,  6.66279588E-01 , -2.46960784E-01 , -4.50786699E-06 , -8.73808107E-06
      14 ,       16 ,  6.15708685E-01 , -2.51537575E-01 , -6.12880516E-06 ,  4.26842523E-07
      15 ,       16 ,  5.63515556E-01 , -2.55450651E-01 , -8.66851479E-06 ,  4.40659276E-06
      16 ,       16 ,  5.10067627E-01 , -2.58532010E-01 , -2.65110115E-07 ,  1.49024013E-05
      17 ,       16 ,  4.55853229E-01 , -2.60564274E-01 , -1.18370392E-06 ,  2.31344655E-05
      18 ,       16 ,  4.01443474E-01 , -2.61317048E-01 ,  4.85680923E-05 ,  4.08380746E-05
      19 ,       16 ,  3.47441733E-01 , -2.60577401E-01 ,  3.05987208E-06 , -2.62745060E-05
      20 ,       16 ,  2.94421971E-01 , -2.58165540E-01 ,  2.43443091E-05 , -6.39278883E-06
      21 ,       16 ,  2.42862261E-01 , -2.53928230E-01 ,  5.45059244E-06 , -1.33182629E-05
      22 ,       16 ,  1.93086658E-01 , -2.47706611E-01 , -1.35659427E-05 , -1.23702144E-05
      23 ,       16 ,  1.45233981E-01 , -2.39279904E-01 , -6.25478158E-05 , -4.55035963E-05
      24 ,       16 ,  9.92731843E-02 , -2.28289931E-01 ,  3.18567363E-05 , -2.22459138E-05
      25 ,       16 ,  5.50837381E-02 , -2.14153210E-01 , -6.98702337E-05 , -9.87558771E-06
      26 ,       16 ,  1.26218929E-02 , -1.95974324E-01 , -1.19101193E-05 ,  4.13446913E-06
      27 ,       16 , -2.77995954E-02 , -1.72501679E-01 , -2.04395962E-05 ,  6.10861197E-05
      28 ,       16 , -6.51055727E-02 , -1.42233394E-01 , -1.99039815E-06 ,  6.34000156E-05
      29 ,       16 , -9.70237235E-02 , -1.03869900E-01 ,  9.37316999E-05 ,  5.78857495E-05
      30 ,       16 , -1.19996933E-01 , -5.72695228E-02 , -1.44861053E-04 ,  5.44058632E-05
      31 ,       16 , -1.30073797E-01 , -4.57779765E-03 ,  1.12908780E-04 , -1.09251987E-04
      32 ,       16 , -1.24875985E-01 ,  4.96442613E-02 ,  2.36365243E-05 ,  1.95548678E-05
      33 ,       16 , -1.05127631E-01 ,  1.00105317E-01 , -1.93608952E-05 , -1.36013387E-04
      34 ,       16 , -7.41334287E-02 ,  1.43150767E-01 , -2.49513527E-04 , -4.42226060E-04
      35 ,       16 , -3.58483433E-02 ,  1.77632841E-01 , -2.01303053E-04 , -1.21389859E-04
      36 ,       16 ,  6.60383321E-03 ,  2.04217757E-01 , -5.23612552E-05 ,  5.12541355E-04
      37 ,       16 ,  5.13326221E-02 ,  2.24322280E-01 , -3.76928049E-04 , -4.90338996E-05
      38 ,       16 ,  9.74400667E-02 ,  2.39408547E-01 , -3.44549888E-05 ,  5.40567388E-05
      39 ,       16 ,  1.44634280E-01 ,  2.50692108E-01 ,  1.08663122E-04 , -2.53358565E-06
      40 ,       16 ,  1.92916979E-01 ,  2.59087523E-01 ,  1.46811761E-04 , -3.33857640E-05
      41 ,       16 ,  2.42380106E-01 ,  2.65245745E-01 , -3.63990367E-05 , -8.39135614E-06
      42 ,       16 ,  2.93086520E-01 ,  2.69611095E-01 , -5.60479573E-05 ,  3.36056858E-05
      43 ,       16 ,  3.45006064E-01 ,  2.72472968E-01 , -1.25445639E-04 , -3.00264904E-05
      44 ,       16 ,  3.97987824E-01 ,  2.74008115E-01 , -3.66516214E-05 , -5.98057034E-06
      45 ,       16 ,  4.51757444E-01 ,  2.74315422E-01 ,  1.79294015E-06 ,  2.58937127E-05
      46 ,       16 ,  5.05933146E-01 ,  2.73444824E-01 ,  1.76022200E-05 ,  7.30304308E-07
      47 ,       16 ,  5.60056416E-01 ,  2.71419794E-01 ,  9.62693352E-06 , -1.39406473E-06
      48 ,       16 ,  6.13634433E-01 ,  2.68251003E-01 , -8.64687523E-07 , -2.91378992E-06
      49 ,       16 ,  6.66191003E-01 ,  2.63938280E-01 ,  1.33559764E-06 , -5.04947251E-06
      50 ,       16 ,  7.17321075E-01 ,  2.58459051E-01 , -3.50859136E-07 , -5.79820738E-06
      51 ,       16 ,  7.66740922E-01 ,  2.51743235E-01 , -1.25881332E-06 , -5.88612172E-06
      52 ,       16 ,  8.14322785E-01 ,  2.43635716E-01 , -2.12523438E-06 ,  2.08824090E-06
      53 ,       16 ,  8.60100499E-01 ,  2.33846767E-01 , -1.00730911E-05 , -1.30021246E-05
      54 ,       16 ,  9.04230686E-01 ,  2.21888423E-01 , -6.26071693E-07 ,  5.91290148E-06
      55 ,       16 ,  9.46888326E-01 ,  2.06994714E-01 , -1.76258717E-05 , -1.43935434E-06
      56 ,       16 ,  9.88060009E-01 ,  1.88037442E-01 , -1.67696158E-05 ,  4.45583557E-07
      57 ,       16 ,  1.02717895E+00 ,  1.63501430E-01 ,  7.48131356E-07 , -2.91814628E-06
      58 ,       16 ,  1.06257650E+00 ,  1.31706750E-01 ,  3.61044796E-05 , -3.56426290E-05
      59 ,       16 ,  1.09095517E+00 ,  9.16194928E-02 ,  7.71984407E-05 , -1.21181136E-04
      60 ,       16 ,  1.10764369E+00 ,  4.44230531E-02 ,  2.28909467E-04 ,  2.11049399E-04
      61 ,       16 ,  1.10866020E+00 , -5.11873548E-03 ,  2.02961329E-04 , -8.53643316E-04
       1 ,       17 ,  1.12828910E+00 , -5.86706497E-03 , -5.03956638E-04 ,  6.66277551E-04
       2 ,       17 ,  1.12276063E+00 , -5.95081077E-02 ,  6.98543763E-05 ,  5.40146914E-05
       3 ,       17 ,  1.10169887E+00 , -1.09381967E-01 ,  9.64112509E-06 ,  1.96718032E-05
       4 ,       17 ,  1.06937059E+00 , -1.51132563E-01 , -3.92686939E-06 ,  2.00057655E-06
       5 ,       17 ,  1.03054871E+00 , -1.83784271E-01 ,  1.29869652E-05 , -2.13203721E-05
       6 ,       17 ,  9.88665694E-01 , -2.08502838E-01 , -3.29222339E-08 ,  2.84930108E-06
       7 ,       17 ,  9.45530542E-01 , -2.27131133E-01 , -2.28062963E-06 , -1.30623164E-06
       8 ,       17 ,  9.01790921E-01 , -2.41376003E-01 , -1.88159403E-06 , -1.30881834E-06
       9 ,       17 ,  8.57456486E-01 , -2.52555494E-01 , -8.36370700E-07 , -9.28000001E-07
      10 ,       17 ,  8.12261734E-01 , -2.61606456E-01 , -2.07070343E-07 , -9.05334283E-07
      11 ,       17 ,  7.65877131E-01 , -2.69162236E-01 , -5.88560895E-07 , -3.69741265E-06
      12 ,       17 ,  7.18024873E-01 , -2.75625322E-01 ,  2.32135028E-06 ,  1.40156245E-06
      13 ,       17 ,  6.68541576E-01 , -2.81218457E-01 , -3.74136359E-06 , -8.29682320E-06
      14 ,       17 ,  6.17410109E-01 , -2.86019078E-01 , -4.30077842E-06 ,  1.15671537E-06
      15 ,       17 ,  5.64770225E-01 , -2.89986536E-01 , -6.94559219E-06 ,  4.87052335E-06
      16 ,       17 ,  5.10911590E-01 , -2.92989626E-01 ,  6.08955632E-07 ,  1.45432682E-05
      17 ,       17 ,  4.56250459E-01 , -2.94837329E-01 ,  8.44492487E-06 ,  1.49741957E-05
      18 ,       17 ,  4.01290633E-01 , -2.95310623E-01 ,  3.42947535E-05 ,  4.21907448E-05
      19 ,       17 ,  3.46570237E-01 , -2.94189117E-01 , -4.38206484E-06 , -2.98939961E-05
      20 ,       17 ,  2.92598749E-01 , -2.91264430E-01 ,  2.38606563E-05 , -6.66530359E-06
      21 ,       17 ,  2.39793593E-01 , -2.86333281E-01 ,  5.13603984E-06 , -1.22501551E-05
      22 ,       17 ,  1.88430753E-01 , -2.79166721E-01 , -1.81321346E-05 , -5.60608169E-06
      23 ,       17 ,  1.38626842E-01 , -2.69456249E-01 , -3.42145997E-05 , -6.02259055E-05
      24 ,       17 ,  9.03698377E-02 , -2.56741323E-01 ,  3.35892691E-05 ,  8.45315019E-07
      25 ,       17 ,  4.36152812E-02 , -2.40327000E-01 , -3.72342500E-05 ,  4.15058004E-05
      26 ,       17 , -1.53244042E-03 , -2.19212098E-01 , -1.90322014E-05 ,  2.89190104E-05
      27 ,       17 , -4.45330034E-02 , -1.92080001E-01 , -1.13229182E-05 ,  6.71808007E-05
      28 ,       17 , -8.40269980E-02 , -1.57464329E-01 ,  4.00861937E-05 ,  6.09864602E-05
      29 ,       17 , -1.17487072E-01 , -1.14255641E-01 ,  5.98863790E-05 ,  6.19891702E-05
      30 ,       17 , -1.41267849E-01 , -6.26199032E-02 , -1.39129287E-04 ,  2.90465865E-05
      31 ,       17 , -1.51547166E-01 , -4.94528182E-03 ,  8.01721812E-05 , -6.86473357E-05
      32 ,       17 , -1.46103029E-01 ,  5.41785991E-02 ,  1.47309270E-05 ,  3.69447089E-06
      33 ,       17 , -1.25627438E-01 ,  1.09526578E-01 , -1.39703721E-05 , -1.07688165E-04
      34 ,       17 , -9.32877503E-02 ,  1.57341665E-01 ,  9.73682911E-06 , -2.26186390E-04
      35 ,       17 , -5.30339120E-02 ,  1.96220577E-01 , -3.53651472E-04 , -1.32887888E-04
      36 ,       17 , -8.17144421E-03 ,  2.26607363E-01 ,  6.29850933E-05 ,  2.85789548E-04
      37 ,       17 ,  3.91476806E-02 ,  2.49831447E-01 , -1.85633700E-04 , -6.78107226E-05
      38 ,       17 ,  8.77911600E-02 ,  2.67384311E-01 ,  2.93832779E-04 , -7.96191322E-06
      39 ,       17 ,  1.37304983E-01 ,  2.80569293E-01 ,  4.93995248E-04 , -5.10305916E-05
      40 ,       17 ,  1.87601921E-01 ,  2.90401945E-01 ,  3.29206276E-04 , -7.36632741E-05
      41 ,       17 ,  2.38743003E-01 ,  2.97625214E-01 ,  5.65484544E-05 , -4.44304774E-05
      42 ,       17 ,  2.90801575E-01 ,  3.02759854E-01 , -1.09264115E-05 , -1.11249052E-05
      43 ,       17 ,  3.43785454E-01 ,  3.06156517E-01 , -3.65119108E-05 ,  1.78993438E-05
      44 ,       17 ,  3.97598369E-01 ,  3.08039993E-01 , -4.82669541E-05 ,  1.48607064E-05
      45 ,       17 ,  4.52029526E-01 ,  3.08545008E-01 ,  1.99894298E-05 , -4.74663895E-06
      46 ,       17 ,  5.06765016E-01 ,  3.07744704E-01 ,  1.77120470E-05 , -3.09584743E-06
      47 ,       17 ,  5.61416906E-01 ,  3.05671696E-01 ,  6.82361375E-06 ,  1.09176763E-07
      48 ,       17 ,  6.15565991E-01 ,  3.02330202E-01 , -4.06567029E-07 , -7.87783372E-07
      49 ,       17 ,  6.68813013E-01 ,  2.97697169E-01 , -6.90442562E-08 , -2.74167375E-06
      50 ,       17 ,  7.20831016E-01 ,  2.91710959E-01 , -3.13190271E-06 , -3.82837366E-06
      51 ,       17 ,  7.71409090E-01 ,  2.84247191E-01 , -4.47671919E-06 , -4.43692211E-06
      52 ,       17 ,  8.20476018E-01 ,  2.75081873E-01 , -1.34739107E-05 ,  6.31664548E-06
      53 ,       17 ,  8.68091290E-01 ,  2.63841254E-01 , -1.86060005E-05 , -1.31218253E-05
      54 ,       17 ,  9.14388912E-01 ,  2.49937171E-01 , -1.16079870E-05 ,  5.84320199E-06
      55 ,       17 ,  9.59452232E-01 ,  2.32491018E-01 , -1.57877024E-05 , -1.94750932E-06
      56 ,       17 ,  1.00308428E+00 ,  2.10270477E-01 , -9.56727131E-06 ,  1.49068132E-06
      57 ,       17 ,  1.04443248E+00 ,  1.81721291E-01 ,  6.08245099E-06 , -6.17889390E-07
      58 ,       17 ,  1.08148793E+00 ,  1.45283949E-01 ,  3.36197900E-05 , -3.29813050E-05
      59 ,       17 ,  1.11072069E+00 ,  1.00263675E-01 ,  6.54273518E-05 , -1.08052728E-04
      60 ,       17 ,  1.12754194E+00 ,  4.82533846E-02 ,  2.00847236E-04 ,  1.86877144E-04
      61 ,       17 ,  1.12828910E+00 , -5.86706497E-03 ,  2.26987096E-04 , -7.26236111E-04
       1 ,       18 ,  1.15110089E+00 , -6.68533668E-03 , -4.78005140E-04 ,  5.71399674E-04
       2 ,       18 ,  1.14563429E+00 , -6.52363859E-02 ,  5.62525087E-05 ,  4.70573285E-05
       3 ,       18 ,  1.12420784E+00 , -1.20236389E-01 ,  6.64096947E-06 ,  1.36859015E-05
       4 ,       18 ,  1.09081204E+00 , -1.67201957E-01 ,  9.41709391E-06 ,  4.73144072E-06
       5 ,       18 ,  1.05014826E+00 , -2.04779629E-01 ,  8.38438999E-06 , -2.24802096E-05
       6 ,       18 ,  1.00585661E+00 , -2.33809885E-01 , -8.17183777E-08 ,  7.60300045E-06
       7 ,       18 ,  9.60063892E-01 , -2.56005408E-01 , -2.51733408E-06 ,  3.82897696E-07
       8 ,       18 ,  9.13696139E-01 , -2.73098128E-01 , -2.23732148E-06 , -7.74475128E-07
       9 ,       18 ,  8.66949386E-01 , -2.86500191E-01 , -1.28083572E-06 , -5.76442847E-07
      10 ,       18 ,  8.19657957E-01 , -2.97252628E-01 , -4.14568849E-07 , -5.88931945E-07
      11 ,       18 ,  7.71526780E-01 , -3.06078508E-01 , -1.45852174E-06 , -5.59885414E-06
      12 ,       18 ,  7.22266097E-01 , -3.13451647E-01 , -8.26733097E-07 ,  2.84371397E-06
      13 ,       18 ,  6.71668074E-01 , -3.19651919E-01 , -7.88922780E-06 , -7.53847357E-06
      14 ,       18 ,  6.19649356E-01 , -3.24804792E-01 , -4.95326175E-06 ,  1.72993957E-06
      15 ,       18 ,  5.66270631E-01 , -3.28911287E-01 , -6.44854308E-06 ,  5.02231032E-06
      16 ,       18 ,  5.11736811E-01 , -3.31875008E-01 ,  9.44770247E-08 ,  1.31181695E-05
      17 ,       18 ,  4.56378548E-01 , -3.33529810E-01 ,  1.69013227E-05 ,  7.05060376E-06
      18 ,       18 ,  4.00615780E-01 , -3.33667299E-01 ,  2.66377034E-05 ,  3.28982831E-05
      19 ,       18 ,  3.44906158E-01 , -3.32059407E-01 , -3.33979480E-06 , -2.22054969E-05
      20 ,       18 ,  2.89684977E-01 , -3.28469093E-01 ,  2.11103413E-05 , -6.48680837E-06
      21 ,       18 ,  2.35307778E-01 , -3.22642640E-01 ,  3.32221882E-06 , -9.87005113E-06
      22 ,       18 ,  1.82010518E-01 , -3.14279859E-01 , -2.10527829E-05 ,  7.25410271E-06
      23 ,       18 ,  1.29903619E-01 , -3.02982563E-01 , -3.55759151E-06 , -5.17555410E-05
      24 ,       18 ,  7.90156744E-02 , -2.88186159E-01 , -1.14022544E-05 , -3.99252765E-05
      25 ,       18 ,  2.94027171E-02 , -2.69086031E-01 ,  2.90130318E-06 , -1.87022448E-05
      26 ,       18 , -1.86594443E-02 , -2.44585758E-01 , -1.37110876E-05 ,  2.06709052E-05
      27 ,       18 , -6.43885520E-02 , -2.13327125E-01 , -2.19787053E-06 ,  5.10854984E-05
      28 ,       18 , -1.06146561E-01 , -1.73911022E-01 ,  6.22629989E-05 ,  4.59414439E-05
      29 ,       18 , -1.41179983E-01 , -1.25439216E-01 ,  3.18507424E-05 ,  6.11618697E-05
      30 ,       18 , -1.65786567E-01 , -6.83764054E-02 , -1.30424752E-04 ,  1.07560663E-05
      31 ,       18 , -1.76276945E-01 , -5.32845239E-03 ,  6.26725058E-05 , -4.95093711E-05
      32 ,       18 , -1.70574197E-01 ,  5.90938562E-02 ,  7.95066697E-06 , -5.11241418E-07
      33 ,       18 , -1.49344036E-01 ,  1.19723218E-01 ,  7.61281892E-06 , -5.21678604E-05
      34 ,       18 , -1.15624212E-01 ,  1.72714133E-01 , -2.01987938E-06 ,  3.41661571E-05
      35 ,       18 , -7.33393826E-02 ,  2.16424686E-01 , -3.70757056E-04 , -7.82955416E-05
      36 ,       18 , -2.59447386E-02 ,  2.51067852E-01 ,  8.88916297E-06 ,  9.79597199E-05
      37 ,       18 ,  2.41624570E-02 ,  2.77857503E-01 , -2.66958541E-04 ,  8.99571843E-05
      38 ,       18 ,  7.56099635E-02 ,  2.98287301E-01 ,  3.15685462E-07 ,  1.65615098E-06
      39 ,       18 ,  1.27763091E-01 ,  3.13732824E-01 ,  3.10406812E-04 , -7.05743752E-05
      40 ,       18 ,  1.80423561E-01 ,  3.25306165E-01 ,  2.70388929E-04 , -1.13464436E-04
      41 ,       18 ,  2.33601100E-01 ,  3.33844184E-01 ,  1.12749522E-04 , -3.20912296E-05
      42 ,       18 ,  2.87363196E-01 ,  3.39947992E-01 , -7.52453527E-07 , -8.27725494E-06
      43 ,       18 ,  3.41744647E-01 ,  3.44032861E-01 ,  1.24719590E-05 ,  1.24814740E-05
      44 ,       18 ,  3.96699172E-01 ,  3.46373400E-01 , -3.37041939E-05 ,  5.04318146E-06
      45 ,       18 ,  4.52081620E-01 ,  3.47140394E-01 ,  1.08302028E-05 ,  3.11873530E-06
      46 ,       18 ,  5.07654120E-01 ,  3.46429328E-01 ,  1.31474020E-05 ,  2.06982771E-06
      47 ,       18 ,  5.63111561E-01 ,  3.44280643E-01 ,  3.83398297E-06 , -2.02053427E-06
      48 ,       18 ,  6.18121486E-01 ,  3.40690880E-01 , -1.11076700E-06 , -2.56620197E-06
      49 ,       18 ,  6.72371806E-01 ,  3.35613272E-01 , -1.67008001E-06 , -3.55183026E-06
      50 ,       18 ,  7.25617562E-01 ,  3.28946547E-01 , -3.82811648E-06 , -4.05873859E-06
      51 ,       18 ,  7.77716221E-01 ,  3.20511155E-01 , -3.24230544E-06 , -4.38027535E-06
      52 ,       18 ,  8.28640199E-01 ,  3.10012339E-01 , -1.49611797E-05 ,  7.55630253E-06
      53 ,       18 ,  8.78454633E-01 ,  2.96989423E-01 , -1.16079606E-05 , -1.44002907E-05
      54 ,       18 ,  9.27245634E-01 ,  2.80752235E-01 , -6.51189515E-06 ,  3.99860977E-06
      55 ,       18 ,  9.74976816E-01 ,  2.60314175E-01 , -1.06869499E-05 , -1.68242318E-06
      56 ,       18 ,  1.02124263E+00 ,  2.34357935E-01 , -4.00942579E-06 ,  1.40389477E-06
      57 ,       18 ,  1.06489652E+00 ,  2.01328071E-01 ,  8.86554208E-06 ,  3.94871818E-07
      58 ,       18 ,  1.10361513E+00 ,  1.59828367E-01 ,  3.01479541E-05 , -2.95466264E-05
      59 ,       18 ,  1.13368987E+00 ,  1.09513730E-01 ,  5.54071782E-05 , -9.56042199E-05
      60 ,       18 ,  1.15064257E+00 ,  5.23494346E-02 ,  1.75944864E-04 ,  1.66055330E-04
      61 ,       18 ,  1.15110089E+00 , -6.68533668E-03 ,  2.38535648E-04 , -6.12350187E-04
       1 ,       19 ,  1.17759532E+00 , -7.57468305E-03 , -4.46936222E-04 ,  4.85452896E-04
       2 ,       19 ,  1.17222227E+00 , -7.14073692E-02 ,  4.49803649E-05 ,  3.96908320E-05
       3 ,       19 ,  1.15044296E+00 , -1.31908752E-01 ,  3.78151582E-06 ,  9.30536370E-06
       4 ,       19 ,  1.11599372E+00 , -1.84482900E-01 ,  1.57263571E-05 ,  4.46054142E-06
       5 ,       19 ,  1.07348011E+00 , -2.27429980E-01 ,  2.88038141E-06 , -1.72060734E-05
       6 ,       19 ,  1.02670151E+00 , -2.61258029E-01 ,  2.95207535E-06 ,  7.92055751E-06
       7 ,       19 ,  9.78074708E-01 , -2.87511551E-01 , -3.08950108E-06 ,  2.54311350E-06
       8 ,       19 ,  9.28806659E-01 , -3.07910342E-01 , -2.26414675E-06 ,  2.07229978E-07
       9 ,       19 ,  8.79299511E-01 , -3.23939917E-01 , -1.62315460E-06 , -4.54607718E-07
      10 ,       19 ,  8.29511632E-01 , -3.36740057E-01 , -8.95155865E-07 , -3.40258738E-07
      11 ,       19 ,  7.79205227E-01 , -3.47126426E-01 ,  5.50555307E-07 , -1.77525127E-06
      12 ,       19 ,  7.28098396E-01 , -3.55649166E-01 ,  8.34044141E-06 ,  9.19402960E-06
      13 ,       19 ,  6.75954992E-01 , -3.62648839E-01 , -5.50229978E-06 , -5.18245961E-06
      14 ,       19 ,  6.22636712E-01 , -3.68299867E-01 , -2.96666828E-06 ,  2.49984239E-06
      15 ,       19 ,  5.68130159E-01 , -3.72643603E-01 , -4.57628775E-06 ,  4.92429003E-06
      16 ,       19 ,  5.12553570E-01 , -3.75615994E-01 , -4.69787105E-07 ,  1.11595733E-05
      17 ,       19 ,  4.56144188E-01 , -3.77073320E-01 ,  2.21533354E-05 ,  1.37802125E-06
      18 ,       19 ,  3.99227175E-01 , -3.76816104E-01 ,  2.26873367E-05 ,  2.17065940E-05
      19 ,       19 ,  3.42169548E-01 , -3.74607760E-01 ,  6.48037032E-06 , -1.08780629E-05
      20 ,       19 ,  2.85326715E-01 , -3.70182260E-01 ,  1.92707129E-05 , -5.96155480E-06
      21 ,       19 ,  2.28993478E-01 , -3.63235074E-01 ,  5.77582502E-06 , -7.20462519E-06
      22 ,       19 ,  1.73374249E-01 , -3.53393909E-01 , -2.61819978E-05 ,  9.32324361E-06
      23 ,       19 ,  1.18588010E-01 , -3.40169756E-01 ,  1.41946112E-05 , -3.87198655E-05
      24 ,       19 ,  6.47231564E-02 , -3.22894206E-01 , -4.64501937E-05 , -1.19268773E-05
      25 ,       19 ,  1.19573801E-02 , -3.00658073E-01 , -1.43161926E-05 ,  1.03029632E-05
      26 ,       19 , -3.92433659E-02 , -2.72284135E-01 , -1.46109521E-05 ,  3.28581496E-05
      27 ,       19 , -8.78465330E-02 , -2.36398032E-01 , -1.66590441E-06 ,  3.47837601E-05
      28 ,       19 , -1.31946243E-01 , -1.91697074E-01 ,  5.08647789E-05 ,  1.60100641E-05
      29 ,       19 , -1.68591700E-01 , -1.37509300E-01 ,  2.40979717E-05 ,  4.97430334E-05
      30 ,       19 , -1.94049661E-01 , -7.45865736E-02 , -1.03285958E-04 , -6.04529608E-06
      31 ,       19 , -2.04763614E-01 , -5.73101406E-03 ,  5.28355546E-05 , -3.70412398E-05
      32 ,       19 , -1.98790547E-01 ,  6.44289742E-02 ,  2.56827716E-06 , -5.51172153E-07
      33 ,       19 , -1.76774936E-01 ,  1.30775455E-01 ,  3.84525848E-06 , -6.97740890E-05
      34 ,       19 , -1.41633368E-01 ,  1.89385186E-01 , -1.56770428E-05 , -1.46508536E-04
      35 ,       19 , -9.72499583E-02 ,  2.38394234E-01 , -1.74565087E-04 , -2.85095130E-04
      36 ,       19 , -4.71999789E-02 ,  2.77780435E-01 , -3.22485743E-05 , -3.60180653E-05
      37 ,       19 ,  5.89347613E-03 ,  3.08617952E-01 , -1.76653119E-04 ,  2.62891033E-04
      38 ,       19 ,  6.04182386E-02 ,  3.32375199E-01 , -2.27431343E-04 , -1.21610975E-05
      39 ,       19 ,  1.15544955E-01 ,  3.50481227E-01 , -2.67567515E-05 ,  1.54917588E-05
      40 ,       19 ,  1.70944987E-01 ,  3.64136620E-01 ,  9.18514888E-05 ,  2.59348039E-05
      41 ,       19 ,  2.26557937E-01 ,  3.74271525E-01 ,  2.01100011E-04 , -1.17114788E-05
      42 ,       19 ,  2.82429872E-01 ,  3.81570066E-01 ,  3.27440915E-05 , -2.41664906E-05
      43 ,       19 ,  3.38611487E-01 ,  3.86515131E-01 ,  5.56155417E-05 ,  1.07976953E-05
      44 ,       19 ,  3.95100589E-01 ,  3.89433028E-01 , -4.00099138E-05 ,  2.39945095E-06
      45 ,       19 ,  4.51817178E-01 ,  3.90531078E-01 ,  1.08933979E-05 ,  4.38473546E-06
      46 ,       19 ,  5.08603715E-01 ,  3.89926587E-01 ,  8.15626936E-06 ,  2.72733122E-06
      47 ,       19 ,  5.65245221E-01 ,  3.87666936E-01 ,  2.04156676E-06 , -1.91281480E-06
      48 ,       19 ,  6.21503529E-01 ,  3.83740246E-01 , -1.25410895E-06 , -2.52267132E-06
      49 ,       19 ,  6.77158374E-01 ,  3.78075574E-01 , -2.74925840E-06 , -3.44513495E-06
      50 ,       19 ,  7.32046029E-01 ,  3.70531519E-01 , -4.57087267E-06 , -4.02256426E-06
      51 ,       19 ,  7.86084976E-01 ,  3.60872229E-01 , -4.13384587E-06 , -3.70017773E-06
      52 ,       19 ,  8.39277517E-01 ,  3.48730098E-01 , -1.56361205E-05 ,  5.90030513E-06
      53 ,       19 ,  8.91675312E-01 ,  3.33555329E-01 , -5.74609570E-06 , -1.20544694E-05
      54 ,       19 ,  9.43293464E-01 ,  3.14556451E-01 , -3.93207699E-06 ,  1.28286838E-06
      55 ,       19 ,  9.93951499E-01 ,  2.90648100E-01 , -7.05832182E-06 , -7.12502645E-07
      56 ,       19 ,  1.04301675E+00 ,  2.60451928E-01 ,  1.28842411E-08 ,  1.44613523E-06
      57 ,       19 ,  1.08904909E+00 ,  2.22449746E-01 ,  9.88263310E-06 ,  7.40856548E-07
      58 ,       19 ,  1.12944163E+00 ,  1.75444315E-01 ,  2.61192705E-05 , -2.57802846E-05
      59 ,       19 ,  1.16035535E+00 ,  1.19442411E-01 ,  4.70113405E-05 , -8.39979168E-05
      60 ,       19 ,  1.17744236E+00 ,  5.67474706E-02 ,  1.53517061E-04 ,  1.47733158E-04
      61 ,       19 ,  1.17759532E+00 , -7.57468305E-03 ,  2.40224309E-04 , -5.11434672E-04
       1 ,       20 ,  1.20834322E+00 , -8.53555752E-03 , -4.12083865E-04 ,  4.08437278E-04
       2 ,       20 ,  1.20309388E+00 , -7.80621093E-02 ,  3.60444339E-05 ,  3.28931923E-05
       3 ,       20 ,  1.18096935E+00 , -1.44480275E-01 ,  2.79731312E-06 ,  8.33436042E-06
       4 ,       20 ,  1.14547070E+00 , -2.03092725E-01 ,  9.27826948E-06 ,  4.26194900E-06
       5 ,       20 ,  1.10109011E+00 , -2.51881712E-01 , -3.02424611E-06 , -7.16632690E-06
       6 ,       20 ,  1.05174304E+00 , -2.91021970E-01 ,  8.79259619E-06 , -2.60488288E-06
       7 ,       20 ,  1.00010542E+00 , -3.21858536E-01 , -9.65682116E-07 ,  9.32830366E-07
       8 ,       20 ,  9.47660601E-01 , -3.46062352E-01 , -1.79778539E-06 , -4.56335325E-07
       9 ,       20 ,  8.95030986E-01 , -3.65167475E-01 , -1.92745787E-06 , -1.03593106E-06
      10 ,       20 ,  8.42320043E-01 , -3.80402213E-01 , -1.38497866E-06 , -1.25857690E-06
      11 ,       20 ,  7.89368244E-01 , -3.92674459E-01 ,  1.10190933E-06 , -6.92775317E-06
      12 ,       20 ,  7.35920032E-01 , -4.02614460E-01 ,  4.23625752E-06 ,  2.51217194E-06
      13 ,       20 ,  6.81726376E-01 , -4.10627329E-01 , -8.48867756E-06 , -4.53318676E-06
      14 ,       20 ,  6.26605958E-01 , -4.16938366E-01 , -3.81068899E-06 ,  2.38490320E-06
      15 ,       20 ,  5.70478994E-01 , -4.21628862E-01 , -4.26321553E-06 ,  4.66620662E-06
      16 ,       20 ,  5.13379966E-01 , -4.24665040E-01 , -1.53014646E-06 ,  8.17807358E-06
      17 ,       20 ,  4.55451295E-01 , -4.25922889E-01 ,  2.30819490E-05 , -8.47535670E-08
      18 ,       20 ,  3.96919369E-01 , -4.25209372E-01 ,  1.60279195E-05 ,  1.15394023E-05
      19 ,       20 ,  3.38056664E-01 , -4.22277571E-01 ,  1.33550368E-05 , -2.00327255E-06
      20 ,       20 ,  2.79137589E-01 , -4.16831260E-01 ,  1.49604852E-05 , -5.43323255E-06
      21 ,       20 ,  2.20399697E-01 , -4.08514153E-01 ,  3.02500913E-06 , -6.94272623E-06
      22 ,       20 ,  1.62024464E-01 , -3.96881025E-01 , -3.39251569E-05 , -7.80549074E-06
      23 ,       20 ,  1.04152644E-01 , -3.81351957E-01 ,  1.62907144E-05 , -2.50570387E-05
      24 ,       20 ,  4.69490029E-02 , -3.61157341E-01 , -4.80694956E-05 , -3.91624812E-06
      25 ,       20 , -9.26954558E-03 , -3.35292082E-01 , -9.92930374E-06 ,  1.10915928E-05
      26 ,       20 , -6.38331054E-02 , -3.02516066E-01 , -1.07605111E-05 ,  3.20459191E-05
      27 ,       20 , -1.15456288E-01 , -2.61465263E-01 , -3.22034151E-06 ,  2.18639010E-05
      28 ,       20 , -1.61980289E-01 , -2.10959471E-01 ,  2.58928256E-05 ,  4.12183781E-06
      29 ,       20 , -2.00284901E-01 , -1.50563104E-01 ,  3.52169529E-05 ,  5.51422222E-05
      30 ,       20 , -2.26626990E-01 , -8.13024086E-02 , -7.02647690E-05 ,  6.53303079E-06
      31 ,       20 , -2.37580555E-01 , -6.15773331E-03 ,  5.03776487E-05 , -2.62555565E-05
      32 ,       20 , -2.31325691E-01 ,  7.02256707E-02 ,  1.54464398E-06 ,  4.40951284E-06
      33 ,       20 , -2.08489739E-01 ,  1.42770546E-01 ,  2.22281846E-06 , -2.70799556E-05
      34 ,       20 , -1.71876581E-01 ,  2.07483843E-01 , -7.13124177E-06 , -4.62515770E-05
      35 ,       20 , -1.25318503E-01 ,  2.62295116E-01 , -8.19941269E-05 , -1.36281716E-04
      36 ,       20 , -7.24840637E-02 ,  3.06946534E-01 , -1.66921280E-04 , -7.23862040E-05
      37 ,       20 , -1.62006544E-02 ,  3.42352393E-01 ,  1.23978173E-05 ,  2.37411595E-04
      38 ,       20 ,  4.16846314E-02 ,  3.69929052E-01 , -1.25860385E-04 , -4.54051021E-05
      39 ,       20 ,  1.00138543E-01 ,  3.91137747E-01 ,  8.40335050E-05 , -1.39473793E-05
      40 ,       20 ,  1.58685989E-01 ,  4.07255977E-01 ,  2.91089515E-04 , -1.09274633E-04
      41 ,       20 ,  2.17179520E-01 ,  4.19303648E-01 ,  2.22271975E-04 , -1.42429778E-04
      42 ,       20 ,  2.75629184E-01 ,  4.28048909E-01 ,  5.62772758E-05 , -2.55401036E-05
      43 ,       20 ,  3.34090560E-01 ,  4.34044755E-01 ,  4.17069378E-05 , -7.04904666E-06
      44 ,       20 ,  3.92598445E-01 ,  4.37671362E-01 , -3.55663928E-05 ,  3.21302489E-06
      45 ,       20 ,  4.51134683E-01 ,  4.39173751E-01 ,  1.09222814E-05 ,  4.79802165E-06
      46 ,       20 ,  5.09621867E-01 ,  4.38691296E-01 ,  1.75234881E-06 ,  1.81012147E-06
      47 ,       20 ,  5.67936639E-01 ,  4.36278058E-01 , -1.00912277E-07 , -1.62554889E-06
      48 ,       20 ,  6.25936325E-01 ,  4.31913304E-01 , -2.38034070E-06 , -2.22352589E-06
      49 ,       20 ,  6.83491316E-01 ,  4.25501353E-01 , -4.38341171E-06 , -3.01361680E-06
      50 ,       20 ,  7.40514059E-01 ,  4.16859713E-01 , -5.75881135E-06 , -3.53425331E-06
      51 ,       20 ,  7.96974435E-01 ,  4.05694589E-01 , -7.35513170E-06 , -1.62726048E-06
      52 ,       20 ,  8.52890569E-01 ,  3.91563477E-01 , -1.41547018E-05 ,  1.30847917E-06
      53 ,       20 ,  9.08282662E-01 ,  3.73826620E-01 , -2.64826140E-06 , -7.46250687E-06
      54 ,       20 ,  9.63074079E-01 ,  3.51595159E-01 , -3.70476311E-06 , -6.78931236E-07
      55 ,       20 ,  1.01692010E+00 ,  3.23698789E-01 , -3.86230191E-06 ,  4.75600572E-07
      56 ,       20 ,  1.06894902E+00 ,  2.88725714E-01 ,  2.86951273E-06 ,  1.88549891E-06
      57 ,       20 ,  1.11743509E+00 ,  2.45232290E-01 ,  9.76095123E-06 ,  1.04949308E-06
      58 ,       20 ,  1.15952156E+00 ,  1.92248874E-01 ,  2.20252713E-05 , -2.19840341E-05
      59 ,       20 ,  1.19128142E+00 ,  1.30130406E-01 ,  4.01091900E-05 , -7.33047253E-05
      60 ,       20 ,  1.20851013E+00 ,  6.14878931E-02 ,  1.33077863E-04 ,  1.31188365E-04
      61 ,       20 ,  1.20834322E+00 , -8.53555752E-03 ,  2.34343035E-04 , -4.22659276E-04
       1 ,       21 ,  1.24399537E+00 , -9.56790971E-03 , -3.74847256E-04 ,  3.40168922E-04
       2 ,       21 ,  1.23889836E+00 , -8.52458399E-02 ,  2.85588481E-05 ,  2.66985861E-05
       3 ,       21 ,  1.21643050E+00 , -1.58041296E-01 , -7.80775935E-07 ,  8.86117117E-06
       4 ,       21 ,  1.17987399E+00 , -2.23163629E-01 ,  3.13843591E-06 ,  3.49151135E-06
       5 ,       21 ,  1.13359499E+00 , -2.78302266E-01 , -2.92049866E-06 ,  1.04599939E-06
       6 ,       21 ,  1.08158726E+00 , -3.23302047E-01 ,  7.83987213E-06 , -1.12216426E-05
       7 ,       21 ,  1.02675361E+00 , -3.59283459E-01 ,  1.02116264E-06 ,  7.27194687E-07
       8 ,       21 ,  9.70843551E-01 , -3.87833653E-01 , -1.10910338E-06 , -1.09934253E-06
       9 ,       21 ,  9.14708356E-01 , -4.10507577E-01 , -2.21241511E-06 , -1.29767402E-06
      10 ,       21 ,  8.58614235E-01 , -4.28607379E-01 , -2.57450300E-06 , -9.43969001E-07
      11 ,       21 ,  8.02499157E-01 , -4.43129128E-01 , -1.84751015E-06 , -2.93199096E-06
      12 ,       21 ,  7.46151365E-01 , -4.54784969E-01 , -3.67393644E-06 ,  5.57113340E-06
      13 ,       21 ,  6.89323863E-01 , -4.64048068E-01 , -7.52047075E-06 , -3.37226010E-06
      14 ,       21 ,  6.31804698E-01 , -4.71197245E-01 , -1.96113943E-06 ,  2.71552289E-06
      15 ,       21 ,  5.73457494E-01 , -4.76354427E-01 , -2.34251687E-06 ,  4.61371267E-06
      16 ,       21 ,  5.14240059E-01 , -4.79514906E-01 , -2.08697809E-06 ,  6.34145153E-06
      17 ,       21 ,  4.54204521E-01 , -4.80571932E-01 ,  2.05560884E-05 , -7.44785860E-07
      18 ,       21 ,  3.93481292E-01 , -4.79336014E-01 ,  9.94843356E-06 ,  5.48239270E-06
      19 ,       21 ,  3.32250776E-01 , -4.75547183E-01 ,  1.68659150E-05 ,  1.80973557E-06
      20 ,       21 ,  2.70710084E-01 , -4.68876764E-01 ,  1.20567475E-05 , -4.81437515E-06
      21 ,       21 ,  2.09045639E-01 , -4.58915045E-01 , -3.06679080E-06 , -6.17139788E-06
      22 ,       21 ,  1.47425099E-01 , -4.45143096E-01 , -2.26962760E-05 , -2.80555421E-05
      23 ,       21 ,  8.60230695E-02 , -4.26891248E-01 ,  1.58626113E-05 , -9.41848342E-06
      24 ,       21 ,  2.50948828E-02 , -4.03293908E-01 , -3.06734998E-05 ,  1.04291808E-05
      25 ,       21 , -3.48894129E-02 , -3.73262148E-01 , -9.72223106E-06 ,  1.42499732E-05
      26 ,       21 , -9.30471654E-02 , -3.35513656E-01 , -6.55010051E-06 ,  2.89241625E-05
      27 ,       21 , -1.47842950E-01 , -2.88721342E-01 ,  1.39657119E-05 ,  2.18107368E-05
      28 ,       21 , -1.96883066E-01 , -2.31850339E-01 ,  1.13386756E-05 ,  1.13182517E-05
      29 ,       21 , -2.36904402E-01 , -1.64707685E-01 ,  1.37043382E-05 ,  2.08961155E-05
      30 ,       21 , -2.64171044E-01 , -8.85810708E-02 , -6.44600177E-05 , -1.95472588E-06
      31 ,       21 , -2.75383625E-01 , -6.61425048E-03 ,  3.84876665E-05 , -2.15192338E-05
      32 ,       21 , -2.68835078E-01 ,  7.65294066E-02 ,  9.26425212E-08 ,  4.44770955E-06
      33 ,       21 , -2.45138710E-01 ,  1.55804419E-01 ,  1.87117975E-06 , -2.01517873E-05
      34 ,       21 , -2.06993686E-01 ,  2.27153283E-01 , -6.52528194E-06 , -3.93291602E-05
      35 ,       21 , -1.58172157E-01 ,  2.88312890E-01 , -1.17102351E-05 , -6.40640084E-05
      36 ,       21 , -1.02411979E-01 ,  3.38791572E-01 , -2.34130375E-04 , -8.16843443E-05
      37 ,       21 , -4.27221933E-02 ,  3.79327244E-01 ,  1.14162447E-05 ,  1.19199616E-04
      38 ,       21 ,  1.88244048E-02 ,  4.11258672E-01 , -1.79556572E-04 , -3.27259558E-05
      39 ,       21 ,  8.09860393E-02 ,  4.36056275E-01 , -7.47678571E-05 ,  3.42563241E-07
      40 ,       21 ,  1.43128429E-01 ,  4.55059691E-01 , -4.40007152E-05 ,  8.27864024E-06
      41 ,       21 ,  2.05002035E-01 ,  4.69372061E-01 , -6.72620125E-06 , -1.93156138E-06
      42 ,       21 ,  2.66567035E-01 ,  4.79844624E-01 ,  9.73393439E-05 , -1.31321074E-05
      43 ,       21 ,  3.27872591E-01 ,  4.87102232E-01 ,  4.57939514E-05 , -2.56220067E-05
      44 ,       21 ,  3.88981895E-01 ,  4.91581295E-01 , -5.15777055E-07 ,  9.22119011E-06
      45 ,       21 ,  4.49932323E-01 ,  4.93566431E-01 ,  3.54142025E-06 ,  3.64460819E-06
      46 ,       21 ,  5.10721826E-01 ,  4.93220171E-01 , -2.77625614E-06 ,  7.01627167E-07
      47 ,       21 ,  5.71314451E-01 ,  4.90603592E-01 , -1.17826631E-06 , -1.11263065E-06
      48 ,       21 ,  6.31658201E-01 ,  4.85686821E-01 , -2.69011042E-06 , -1.86019838E-06
      49 ,       21 ,  6.91707659E-01 ,  4.78348557E-01 , -4.58554518E-06 , -2.56891644E-06
      50 ,       21 ,  7.51442586E-01 ,  4.68363689E-01 , -4.60191376E-06 , -3.08682265E-06
      51 ,       21 ,  8.10872653E-01 ,  4.55378495E-01 , -1.03368373E-05 ,  1.03945770E-06
      52 ,       21 ,  8.70017360E-01 ,  4.38874049E-01 , -8.41155086E-06 , -5.75300546E-06
      53 ,       21 ,  9.28848378E-01 ,  4.18121765E-01 , -2.69586486E-06 , -1.19022675E-06
      54 ,       21 ,  9.87178934E-01 ,  3.92142873E-01 , -3.91894882E-06 , -8.08454395E-07
      55 ,       21 ,  1.04448422E+00 ,  3.59700122E-01 , -8.75672898E-07 ,  1.12831472E-06
      56 ,       21 ,  1.09964798E+00 ,  3.19378183E-01 ,  4.62524662E-06 ,  2.22096193E-06
      57 ,       21 ,  1.15067285E+00 ,  2.69842880E-01 ,  8.92393729E-06 ,  1.43803203E-06
      58 ,       21 ,  1.19448702E+00 ,  2.10374334E-01 ,  1.82449255E-05 , -1.83487874E-05
      59 ,       21 ,  1.22711211E+00 ,  1.41668132E-01 ,  3.45138832E-05 , -6.35349830E-05
      60 ,       21 ,  1.24449525E+00 ,  6.66160910E-02 ,  1.14374722E-04 ,  1.16243731E-04
      61 ,       21 ,  1.24399537E+00 , -9.56790971E-03 ,  2.22737795E-04 , -3.44957378E-04
       1 ,       22 ,  1.28529188E+00 , -1.06714292E-02 , -3.36395836E-04 ,  2.79556875E-04
       2 ,       22 ,  1.28037378E+00 , -9.30095861E-02 ,  2.19606879E-05 ,  2.10730939E-05
       3 ,       22 ,  1.25755667E+00 , -1.72694182E-01 , -1.34149845E-06 ,  4.48124507E-06
       4 ,       22 ,  1.21991796E+00 , -2.44846660E-01 ,  3.69718981E-06 , -1.70966391E-06
       5 ,       22 ,  1.17168903E+00 , -3.06885242E-01 ,  6.33570143E-06 ,  2.21559578E-06
       6 ,       22 ,  1.11690919E+00 , -3.58330900E-01 ,  3.33890236E-06 , -1.16439532E-05
       7 ,       22 ,  1.05867594E+00 , -4.00059919E-01 ,  6.40565262E-07 ,  3.35116494E-06
       8 ,       22 ,  9.98990339E-01 , -4.33543298E-01 , -1.33319480E-06 ,  7.06709571E-07
       9 ,       22 ,  9.38936080E-01 , -4.60327638E-01 , -2.00151589E-06 , -4.60143312E-07
      10 ,       22 ,  8.78956341E-01 , -4.81770394E-01 , -2.26006343E-06 , -6.56609193E-07
      11 ,       22 ,  8.19104173E-01 , -4.98947930E-01 , -4.81628815E-07 , -3.40244734E-06
      12 ,       22 ,  7.59228529E-01 , -5.12653506E-01 , -1.94671587E-06 ,  4.83786049E-06
      13 ,       22 ,  6.99099393E-01 , -5.23430768E-01 , -6.96564711E-06 , -2.48081159E-06
      14 ,       22 ,  6.38487261E-01 , -5.31614821E-01 , -1.35766168E-06 ,  2.64101140E-06
      15 ,       22 ,  5.77210785E-01 , -5.37369726E-01 , -1.30794889E-06 ,  4.48490111E-06
      16 ,       22 ,  5.15161510E-01 , -5.40719525E-01 , -2.75267062E-06 ,  5.40026870E-06
      17 ,       22 ,  4.52310634E-01 , -5.41572805E-01 ,  1.54345387E-05 ,  1.70760827E-06
      18 ,       22 ,  3.88701129E-01 , -5.39740694E-01 ,  5.03026596E-06 , -4.55960114E-07
      19 ,       22 ,  3.24429459E-01 , -5.34946916E-01 ,  1.43203130E-05 ,  1.05240592E-06
      20 ,       22 ,  2.59623741E-01 , -5.26827372E-01 ,  8.25593099E-06 , -3.59908988E-06
      21 ,       22 ,  1.94428362E-01 , -5.14916807E-01 , -5.77875605E-06 ,  1.39377931E-07
      22 ,       22 ,  1.29007515E-01 , -4.98622153E-01 , -1.20523746E-06 , -2.79138259E-05
      23 ,       22 ,  6.35814052E-02 , -4.77186642E-01 , -9.73771262E-06 , -1.09976774E-05
      24 ,       22 , -1.49169067E-03 , -4.49656511E-01 , -1.85246751E-05 ,  6.74944227E-06
      25 ,       22 , -6.55780397E-02 , -4.14874105E-01 , -7.84064416E-06 ,  1.19042483E-05
      26 ,       22 , -1.27578086E-01 , -3.71537563E-01 , -1.22149842E-06 ,  2.03282299E-05
      27 ,       22 , -1.85713804E-01 , -3.18382744E-01 ,  2.57821462E-05 ,  1.80902790E-05
      28 ,       22 , -2.37376832E-01 , -2.54539854E-01 , -1.47620545E-06 ,  1.46435198E-05
      29 ,       22 , -2.79186040E-01 , -1.80061960E-01 ,  1.09250237E-05 ,  8.04690461E-06
      30 ,       22 , -3.07426643E-01 , -9.64858512E-02 , -4.96064152E-05 ,  4.21163814E-07
      31 ,       22 , -3.18921156E-01 , -7.10682405E-03 ,  3.23795900E-05 , -1.65675021E-05
      32 ,       22 , -3.12065696E-01 ,  8.33907845E-02 , -1.07432474E-06 ,  3.79507545E-06
      33 ,       22 , -2.87461694E-01 ,  1.69984110E-01 ,  9.85781033E-07 , -1.43472085E-05
      34 ,       22 , -2.47710788E-01 ,  2.48554215E-01 , -2.81407281E-06 , -2.81086664E-05
      35 ,       22 , -1.96518863E-01 ,  3.16657167E-01 ,  1.03003518E-05 , -2.00229736E-05
      36 ,       22 , -1.37671727E-01 ,  3.73570655E-01 , -1.38799842E-04 , -8.30852996E-05
      37 ,       22 , -7.43371091E-02 ,  4.19842826E-01 ,  1.16241511E-07 ,  2.53262499E-05
      38 ,       22 , -8.80096985E-03 ,  4.56711025E-01 , -1.57487294E-04 ,  6.27260356E-05
      39 ,       22 ,  5.74858943E-02 ,  4.85630896E-01 , -5.98103143E-05 ,  6.45963634E-06
      40 ,       22 ,  1.23720443E-01 ,  5.07986784E-01 ,  5.00667879E-05 , -1.29026535E-05
      41 ,       22 ,  1.89537650E-01 ,  5.24955615E-01 ,  1.31291033E-04 , -7.90396399E-05
      42 ,       22 ,  2.54834253E-01 ,  5.37468594E-01 ,  7.06812072E-05 , -9.01682990E-05
      43 ,       22 ,  3.19640843E-01 ,  5.46223081E-01 ,  5.45066737E-05 , -3.47555216E-05
      44 ,       22 ,  3.84038472E-01 ,  5.51713927E-01 ,  5.28142539E-05 ,  1.43178562E-05
      45 ,       22 ,  4.48110642E-01 ,  5.54267666E-01 , -1.16846920E-05 ,  1.74732994E-07
      46 ,       22 ,  5.11921713E-01 ,  5.54071672E-01 , -3.72778392E-06 ,  1.81343633E-06
      47 ,       22 ,  5.75513997E-01 ,  5.51194791E-01 , -2.86458693E-06 , -1.21092143E-06
      48 ,       22 ,  6.38916338E-01 ,  5.45597792E-01 , -3.65762535E-06 , -1.94988179E-06
      49 ,       22 ,  7.02156639E-01 ,  5.37132609E-01 , -5.00157785E-06 , -2.53797866E-06
      50 ,       22 ,  7.65269839E-01 ,  5.25529703E-01 , -2.85070743E-06 , -3.15232113E-06
      51 ,       22 ,  8.28291805E-01 ,  5.10373601E-01 , -1.44408562E-05 ,  2.72319611E-06
      52 ,       22 ,  8.91228186E-01 ,  4.91068587E-01 , -1.74467185E-06 , -1.23988506E-05
      53 ,       22 ,  9.53985545E-01 ,  4.66800889E-01 , -2.76585659E-06 ,  5.12441882E-06
      54 ,       22 ,  1.01625067E+00 ,  4.36512932E-01 , -2.71125813E-06 ,  2.21288694E-07
      55 ,       22 ,  1.07730699E+00 ,  3.98921996E-01 ,  1.41191293E-06 ,  1.44199661E-06
      56 ,       22 ,  1.13579385E+00 ,  3.52640191E-01 ,  5.34448537E-06 ,  2.23560120E-06
      57 ,       22 ,  1.18946088E+00 ,  2.96474613E-01 ,  7.66798297E-06 ,  1.74624542E-06
      58 ,       22 ,  1.23505561E+00 ,  2.29971777E-01 ,  1.49475119E-05 , -1.49906889E-05
      59 ,       22 ,  1.26857973E+00 ,  1.54158204E-01 ,  2.99887033E-05 , -5.46366923E-05
      60 ,       22 ,  1.28613679E+00 ,  7.21835908E-02 ,  9.73637832E-05 ,  1.02798322E-04
      61 ,       22 ,  1.28529188E+00 , -1.06714292E-02 ,  2.06845591E-04 , -2.77591839E-04
       1 ,       23 ,  1.33307195E+00 , -1.18458435E-02 , -2.97700251E-04 ,  2.26565463E-04
       2 ,       23 ,  1.32835655E+00 , -1.01412230E-01 ,  1.69982152E-05 ,  1.68156619E-05
       3 ,       23 ,  1.30517374E+00 , -1.88557092E-01 , -1.37185122E-06 ,  4.56710619E-06
       4 ,       23 ,  1.26640846E+00 , -2.68317015E-01 ,  1.52646358E-06 , -1.13394610E-06
       5 ,       23 ,  1.21615134E+00 , -3.37857212E-01 ,  5.64630577E-06 ,  1.64430401E-06
       6 ,       23 ,  1.15845928E+00 , -3.96382155E-01 , -8.50706197E-07 , -6.05276276E-06
       7 ,       23 ,  1.09659340E+00 , -4.44508777E-01 ,  3.86098407E-06 ,  5.54232696E-07
       8 ,       23 ,  1.03278870E+00 , -4.83562553E-01 , -8.45079034E-07 ,  6.64456478E-07
       9 ,       23 ,  9.68360573E-01 , -5.15051931E-01 , -1.57244113E-06 , -2.82067833E-07
      10 ,       23 ,  9.03940177E-01 , -5.40368066E-01 , -2.12955003E-06 , -4.22248708E-07
      11 ,       23 ,  8.39711760E-01 , -5.60656009E-01 , -7.76144635E-07 , -1.23094599E-06
      12 ,       23 ,  7.75601748E-01 , -5.76786340E-01 , -9.44968739E-07 ,  4.62447905E-06
      13 ,       23 ,  7.11412671E-01 , -5.89373844E-01 , -5.82562968E-06 , -1.49439396E-06
      14 ,       23 ,  6.46911679E-01 , -5.98812090E-01 , -9.09371821E-07 ,  2.24543551E-06
      15 ,       23 ,  5.81885818E-01 , -6.05308987E-01 , -3.60070658E-07 ,  4.04782785E-06
      16 ,       23 ,  5.16173413E-01 , -6.08917603E-01 , -9.57949560E-07 ,  4.50010008E-06
      17 ,       23 ,  4.49677696E-01 , -6.09560493E-01 ,  1.04407385E-05 ,  5.71238461E-06
      18 ,       23 ,  3.82367066E-01 , -6.07046744E-01 ,  1.77492744E-06 , -4.15571231E-06
      19 ,       23 ,  3.14266709E-01 , -6.01080479E-01 ,  1.06870740E-05 , -4.04285519E-07
      20 ,       23 ,  2.45448145E-01 , -5.91259067E-01 ,  6.73832767E-06 , -2.89810564E-06
      21 ,       23 ,  1.76025948E-01 , -5.77059746E-01 , -1.02912335E-05 , -8.85374106E-07
      22 ,       23 ,  1.06173109E-01 , -5.57815718E-01 ,  6.00927116E-06 , -1.77169809E-05
      23 ,       23 ,  3.61676684E-02 , -5.32687548E-01 , -2.43170911E-05 , -4.44091346E-06
      24 ,       23 , -3.35178825E-02 , -5.00643659E-01 , -8.71863956E-06 ,  7.02408609E-06
      25 ,       23 , -1.02078370E-01 , -4.60475262E-01 , -7.01971819E-06 ,  1.34770661E-05
      26 ,       23 , -1.68197167E-01 , -4.10884763E-01 , -1.32552013E-06 ,  1.24443135E-05
      27 ,       23 , -2.29864755E-01 , -3.50695822E-01 ,  1.74950934E-05 ,  7.58949724E-06
      28 ,       23 , -2.84279642E-01 , -2.79220604E-01 , -3.21419014E-06 ,  1.31411977E-05
      29 ,       23 , -3.27965807E-01 , -1.96759631E-01 ,  1.23610081E-05 ,  6.07385150E-06
      30 ,       23 , -3.57240943E-01 , -1.05087541E-01 , -3.78277962E-05 ,  2.18577691E-06
      31 ,       23 , -3.69044277E-01 , -7.64203637E-03 ,  2.58987186E-05 , -1.30103125E-05
      32 ,       23 , -3.61866144E-01 ,  9.08674381E-02 , -1.55353769E-06 ,  2.89508481E-06
      33 ,       23 , -3.36297403E-01 ,  1.85431170E-01 ,  6.13035808E-07 , -1.02191433E-05
      34 ,       23 , -2.94848419E-01 ,  2.71869680E-01 , -1.13931230E-06 , -2.12367428E-05
      35 ,       23 , -2.41154230E-01 ,  3.47567864E-01 , -1.24425477E-06 , -1.96998699E-05
      36 ,       23 , -1.79029738E-01 ,  4.11576512E-01 , -5.76342671E-05 , -8.28568387E-05
      37 ,       23 , -1.11778780E-01 ,  4.64243191E-01 , -3.80936090E-05 , -3.14715119E-05
      38 ,       23 , -4.18856530E-02 ,  5.06681886E-01 , -6.42804472E-05 ,  1.28232616E-04
      39 ,       23 ,  2.89927094E-02 ,  5.40309252E-01 , -1.04800390E-04 ,  6.36610703E-07
      40 ,       23 ,  9.98776549E-02 ,  5.66534809E-01 , -5.12320910E-05 ,  1.02995735E-05
      41 ,       23 ,  1.70276525E-01 ,  5.86597074E-01 , -2.20493165E-05 ,  1.50149056E-05
      42 ,       23 ,  2.40008828E-01 ,  6.01501715E-01 , -2.08567913E-05 ,  4.23206017E-07
      43 ,       23 ,  3.09073056E-01 ,  6.12017694E-01 ,  4.73148873E-05 , -3.16706068E-05
      44 ,       23 ,  3.77555310E-01 ,  6.18699808E-01 ,  8.58750215E-05 ,  7.10126857E-06
      45 ,       23 ,  4.45572809E-01 ,  6.21918726E-01 , -2.56086905E-05 , -4.37811085E-06
      46 ,       23 ,  5.13243793E-01 ,  6.21888524E-01 , -1.18762434E-06 ,  1.87509452E-06
      47 ,       23 ,  5.80675804E-01 ,  6.18686758E-01 , -4.66471251E-06 , -1.48406372E-06
      48 ,       23 ,  6.47964841E-01 ,  6.12264678E-01 , -4.40937729E-06 , -1.95754169E-06
      49 ,       23 ,  7.15197793E-01 ,  6.02446331E-01 , -5.50744527E-06 , -2.57669300E-06
      50 ,       23 ,  7.82449831E-01 ,  5.88916168E-01 , -1.93872883E-06 , -3.43001545E-06
      51 ,       23 ,  8.49767374E-01 ,  5.71195988E-01 , -1.82872969E-05 ,  3.25686567E-06
      52 ,       23 ,  9.17125868E-01 ,  5.48614749E-01 ,  2.60509425E-06 , -1.51683622E-05
      53 ,       23 ,  9.84350258E-01 ,  5.20280053E-01 , -4.66984448E-07 ,  8.69495415E-06
      54 ,       23 ,  1.05098640E+00 ,  4.85070110E-01 , -1.01854794E-06 ,  1.11733413E-06
      55 ,       23 ,  1.11611798E+00 ,  4.41680885E-01 ,  2.40719317E-06 ,  1.65436946E-06
      56 ,       23 ,  1.17814478E+00 ,  3.88782914E-01 ,  5.18416667E-06 ,  1.97712723E-06
      57 ,       23 ,  1.23458500E+00 ,  3.25352936E-01 ,  6.26840413E-06 ,  1.84815699E-06
      58 ,       23 ,  1.28203858E+00 ,  2.51215925E-01 ,  1.21634693E-05 , -1.19911899E-05
      59 ,       23 ,  1.31651381E+00 ,  1.67718676E-01 ,  2.62906426E-05 , -4.65738785E-05
      60 ,       23 ,  1.33427290E+00 ,  7.82495585E-02 ,  8.19628126E-05 ,  9.04713432E-05
      61 ,       23 ,  1.33307195E+00 , -1.18458435E-02 ,  1.87979311E-04 , -2.20109300E-04
       1 ,       24 ,  1.38828413E+00 , -1.30912472E-02 , -2.59705625E-04 ,  1.81195079E-04
       2 ,       24 ,  1.38379150E+00 , -1.10522998E-01 ,  1.28699396E-05 ,  1.29219419E-05
       3 ,       24 ,  1.36021305E+00 , -2.05768572E-01 , -1.61967347E-06 ,  3.55684302E-06
       4 ,       24 ,  1.32025197E+00 , -2.93780595E-01 ,  1.00690185E-06 , -8.14447591E-07
       5 ,       24 ,  1.26785448E+00 , -3.71486150E-01 ,  1.11421538E-06 ,  1.25406153E-06
       6 ,       24 ,  1.20707148E+00 , -4.37780946E-01 , -2.16422594E-06 , -4.33527221E-07
       7 ,       24 ,  1.14129867E+00 , -4.93010980E-01 ,  4.57835469E-06 , -5.03769549E-06
       8 ,       24 ,  1.07298573E+00 , -5.38329860E-01 ,  5.59995696E-07 , -3.32349772E-09
       9 ,       24 ,  1.00367571E+00 , -5.75178313E-01 , -1.08040202E-06 , -6.58448114E-07
      10 ,       24 ,  9.34195906E-01 , -6.04957244E-01 , -1.68673345E-06 , -5.46544308E-07
      11 ,       24 ,  8.64876600E-01 , -6.28865319E-01 , -3.14241239E-07 , -4.16264987E-07
      12 ,       24 ,  7.95738571E-01 , -6.47843371E-01 ,  8.66912080E-07 ,  2.85845804E-06
      13 ,       24 ,  7.26633470E-01 , -6.62575619E-01 , -4.08213086E-06 , -2.15572196E-07
      14 ,       24 ,  6.57340791E-01 , -6.73514950E-01 , -8.65037441E-07 ,  1.74201496E-06
      15 ,       24 ,  5.87631123E-01 , -6.80914416E-01 , -5.86772428E-09 ,  3.50463100E-06
      16 ,       24 ,  5.17304761E-01 , -6.84856530E-01 ,  2.02872537E-06 ,  2.20889630E-06
      17 ,       24 ,  4.46212548E-01 , -6.85276862E-01 ,  3.85387690E-06 ,  7.43185815E-06
      18 ,       24 ,  3.74264280E-01 , -6.81980253E-01 , -3.62476063E-07 , -2.40510315E-06
      19 ,       24 ,  3.01429925E-01 , -6.74648378E-01 ,  7.36404671E-06 , -7.30507831E-07
      20 ,       24 ,  2.27740205E-01 , -6.62837494E-01 ,  1.81998063E-06 , -2.89256752E-06
      21 ,       24 ,  1.53295149E-01 , -6.45966232E-01 , -1.05303035E-05 , -9.22323510E-06
      22 ,       24 ,  7.82910764E-02 , -6.23295918E-01 ,  6.89541694E-06 , -8.24249492E-06
      23 ,       24 ,  3.07719010E-03 , -5.93910979E-01 , -1.67612167E-05 ,  1.99258529E-06
      24 ,       24 , -7.17489952E-02 , -5.56714827E-01 , -6.66579645E-06 ,  6.67403470E-06
      25 ,       24 , -1.45205174E-01 , -5.10467115E-01 , -4.81939967E-06 ,  1.23476746E-05
      26 ,       24 , -2.15760526E-01 , -4.53898828E-01 ,  2.04056427E-06 ,  9.57116424E-06
      27 ,       24 , -2.81187663E-01 , -3.85944785E-01 ,  8.48403101E-06 ,  5.68901575E-06
      28 ,       24 , -3.38513892E-01 , -3.06113494E-01 ,  1.95162714E-06 ,  8.80505803E-06
      29 ,       24 , -3.84189494E-01 , -2.14953103E-01 ,  1.10696837E-05 ,  5.04566064E-06
      30 ,       24 , -4.14573873E-01 , -1.14466275E-01 , -2.93720144E-05 ,  2.93679822E-06
      31 ,       24 , -4.26717687E-01 , -8.22649411E-03 ,  2.06609248E-05 , -1.06125991E-05
      32 ,       24 , -4.19197199E-01 ,  9.90264158E-02 , -1.17678294E-06 ,  1.83614180E-06
      33 ,       24 , -3.92593304E-01 ,  2.02286048E-01 ,  1.02588938E-06 , -6.69643951E-06
      34 ,       24 , -3.49330426E-01 ,  2.97311336E-01 ,  5.98378562E-07 , -1.26801222E-05
      35 ,       24 , -2.92969353E-01 ,  3.81323380E-01 , -6.72087364E-06 , -1.64954619E-05
      36 ,       24 , -2.27337611E-01 ,  4.53149733E-01 , -1.41290542E-05 , -4.24110875E-05
      37 ,       24 , -1.55853607E-01 ,  5.12928551E-01 , -1.05718936E-04 , -4.21253012E-05
      38 ,       24 , -8.11839188E-02 ,  5.61630435E-01 ,  7.49535575E-06 ,  1.01563110E-04
      39 ,       24 , -5.18629308E-03 ,  6.00609065E-01 , -6.73226610E-05 , -1.87166162E-05
      40 ,       24 ,  7.09802592E-02 ,  6.31278038E-01 , -3.56148590E-06 ,  6.24055999E-06
      41 ,       24 ,  1.46684143E-01 ,  6.54922741E-01 ,  7.10548087E-05 , -1.18985802E-05
      42 ,       24 ,  2.21653276E-01 ,  6.72615243E-01 ,  8.18256135E-05 , -4.53653718E-05
      43 ,       24 ,  2.95838844E-01 ,  6.85193190E-01 ,  1.11067869E-06 , -4.64422780E-05
      44 ,       24 ,  3.69316786E-01 ,  6.93271524E-01 ,  6.97916091E-05 , -1.81468813E-05
      45 ,       24 ,  4.42222833E-01 ,  6.97266584E-01 , -2.14779335E-05 , -4.71739700E-06
      46 ,       24 ,  5.14713606E-01 ,  6.97420732E-01 ,  1.66958037E-06 ,  3.87938313E-07
      47 ,       24 ,  5.86945858E-01 ,  6.93821144E-01 , -5.60801559E-06 , -1.85150674E-06
      48 ,       24 ,  6.59066169E-01 ,  6.86409523E-01 , -4.37283078E-06 , -1.90090821E-06
      49 ,       24 ,  7.31203388E-01 ,  6.74981288E-01 , -5.54779529E-06 , -2.54250796E-06
      50 ,       24 ,  8.03455538E-01 ,  6.59174120E-01 , -1.32749894E-06 , -3.48860921E-06
      51 ,       24 ,  8.75861928E-01 ,  6.38447656E-01 , -1.85284240E-05 ,  3.47730752E-06
      52 ,       24 ,  9.48350108E-01 ,  6.12059423E-01 ,  4.72511799E-06 , -1.40384486E-05
      53 ,       24 ,  1.02064675E+00 ,  5.79048140E-01 ,  1.35515529E-06 ,  8.69855998E-06
      54 ,       24 ,  1.09214374E+00 ,  5.38245601E-01 ,  1.05343390E-07 ,  1.42779311E-06
      55 ,       24 ,  1.16172016E+00 ,  4.88352528E-01 ,  2.55337388E-06 ,  1.78118554E-06
      56 ,       24 ,  1.22754451E+00 ,  4.28128113E-01 ,  4.54702330E-06 ,  1.66485557E-06
      57 ,       24 ,  1.28692666E+00 ,  3.56743687E-01 ,  4.92781954E-06 ,  1.76507728E-06
      58 ,       24 ,  1.33634971E+00 ,  2.74311207E-01 ,  9.85283290E-06 , -9.40411825E-06
      59 ,       24 ,  1.37185076E+00 ,  1.82487076E-01 ,  2.31954253E-05 , -3.92928295E-05
      60 ,       24 ,  1.38985097E+00 ,  8.48826677E-02 ,  6.81325644E-05 ,  7.93678439E-05
      61 ,       24 ,  1.38828413E+00 , -1.30912472E-02 ,  1.67399063E-04 , -1.71570976E-04
       1 ,       25 ,  1.45199743E+00 , -1.44084321E-02 , -2.23272138E-04 ,  1.43079495E-04
       2 ,       25 ,  1.44774306E+00 , -1.20424273E-01 ,  9.64275690E-06 ,  9.71933029E-06
       3 ,       25 ,  1.42372231E+00 , -2.24492806E-01 , -2.11278696E-06 ,  2.51550742E-06
       4 ,       25 ,  1.38246619E+00 , -3.21481544E-01 ,  1.55447635E-06 , -8.38952669E-07
       5 ,       25 ,  1.32777476E+00 , -4.08091119E-01 ,  1.64703384E-06 , -1.06468762E-07
       6 ,       25 ,  1.26367348E+00 , -4.82915833E-01 ,  2.72147706E-06 ,  7.08797467E-07
       7 ,       25 ,  1.19366619E+00 , -5.46021805E-01 ,  1.14460044E-06 , -5.87045388E-06
       8 ,       25 ,  1.12039760E+00 , -5.98367277E-01 ,  4.97272520E-07 ,  7.47056005E-07
       9 ,       25 ,  1.04563199E+00 , -6.41296424E-01 , -1.03310318E-06 ,  2.76385846E-07
      10 ,       25 ,  9.70398705E-01 , -6.76194267E-01 , -1.44399959E-06 , -7.69086712E-08
      11 ,       25 ,  8.95187696E-01 , -7.04294895E-01 , -1.08494039E-06 ,  1.61024101E-07
      12 ,       25 ,  8.20131201E-01 , -7.26598963E-01 , -2.59570851E-07 ,  4.89699630E-07
      13 ,       25 ,  7.45147757E-01 , -7.43855585E-01 , -2.37118975E-06 ,  1.35874856E-06
      14 ,       25 ,  6.70046562E-01 , -7.56575902E-01 , -1.17149991E-06 ,  1.20899987E-06
      15 ,       25 ,  5.94598748E-01 , -7.65058355E-01 , -3.27509685E-08 ,  2.77530045E-06
      16 ,       25 ,  5.18583678E-01 , -7.69415014E-01 ,  3.87691477E-06 ,  2.25728358E-07
      17 ,       25 ,  4.41817425E-01 , -7.69593711E-01 ,  4.65104872E-06 ,  1.15068189E-06
      18 ,       25 ,  3.64169409E-01 , -7.65393396E-01 ,  1.10266695E-06 , -2.87854410E-06
      19 ,       25 ,  2.85572995E-01 , -7.56471260E-01 ,  4.65739988E-06 , -1.35873687E-06
      20 ,       25 ,  2.06036665E-01 , -7.42340988E-01 , -4.91686467E-07 , -8.64057136E-07
      21 ,       25 ,  1.25663891E-01 , -7.22363012E-01 , -5.66882345E-07 , -1.08317660E-05
      22 ,       25 ,  4.46911382E-02 , -6.95730640E-01 , -4.50133272E-06 , -5.94644589E-06
      23 ,       25 , -3.64465425E-02 , -6.61461088E-01 , -9.22580301E-06 ,  1.47856185E-06
      24 ,       25 , -1.17015785E-01 , -6.18407914E-01 , -4.73678982E-06 ,  3.92238737E-06
      25 ,       25 , -1.95852794E-01 , -5.65320356E-01 , -1.47866070E-06 ,  7.58880999E-06
      26 ,       25 , -2.71217417E-01 , -5.00982303E-01 ,  9.65266652E-06 ,  7.29335141E-06
      27 ,       25 , -3.40679355E-01 , -4.24461490E-01 , -2.74869510E-07 ,  7.44054161E-06
      28 ,       25 , -4.01116101E-01 , -3.35475070E-01 , -1.47658530E-06 ,  8.17302174E-07
      29 ,       25 , -4.48923274E-01 , -2.34818352E-01 ,  5.96146312E-06 ,  6.86733731E-07
      30 ,       25 , -4.80509360E-01 , -1.24713852E-01 , -2.45205079E-05 ,  2.93774780E-06
      31 ,       25 , -4.93031142E-01 , -8.86655309E-03 ,  1.63639549E-05 , -8.75284045E-06
      32 ,       25 , -4.85143184E-01 ,  1.07946998E-01 , -6.74129820E-07 ,  1.08346469E-06
      33 ,       25 , -4.57416502E-01 ,  2.20713375E-01 ,  1.28779480E-06 , -4.98238656E-06
      34 ,       25 , -4.12194147E-01 ,  3.25127058E-01 ,  4.63151670E-07 , -8.94855258E-06
      35 ,       25 , -3.52960282E-01 ,  4.18250440E-01 , -1.25198725E-06 , -1.69623783E-05
      36 ,       25 , -2.83540976E-01 ,  4.98690907E-01 ,  1.04429790E-05 , -7.18389586E-06
      37 ,       25 , -2.07449349E-01 ,  5.66369765E-01 , -1.19643355E-04 , -3.78805156E-05
      38 ,       25 , -1.27518014E-01 ,  6.22095964E-01 ,  1.16332911E-05 ,  5.76237995E-05
      39 ,       25 , -4.57987506E-02 ,  6.67136746E-01 , -7.94827684E-05 , -2.49306624E-05
      40 ,       25 ,  3.63657740E-02 ,  7.02887541E-01 , -3.04577841E-05 ,  6.00763136E-06
      41 ,       25 ,  1.18194219E-01 ,  7.30663574E-01 ,  1.46861602E-06 ,  9.23426733E-06
      42 ,       25 ,  1.99307827E-01 ,  7.51592581E-01 ,  1.26558462E-05 ,  7.33122912E-06
      43 ,       25 ,  2.79593533E-01 ,  7.66575567E-01 , -2.32094684E-05 ,  1.23346821E-05
      44 ,       25 ,  3.59099582E-01 ,  7.76285983E-01 ,  4.79836964E-05 , -3.53443368E-05
      45 ,       25 ,  4.37962474E-01 ,  7.81186159E-01 ,  6.47339304E-06 ,  8.82146484E-07
      46 ,       25 ,  5.16359204E-01 ,  7.81547674E-01 ,  5.02743495E-07 , -8.25978262E-07
      47 ,       25 ,  5.94477327E-01 ,  7.77468029E-01 , -6.50799125E-06 , -2.92894550E-06
      48 ,       25 ,  6.72495154E-01 ,  7.68879602E-01 , -4.98395626E-06 , -2.16241591E-06
      49 ,       25 ,  7.50564257E-01 ,  7.55549170E-01 , -5.96157981E-06 , -2.44150171E-06
      50 ,       25 ,  8.28785994E-01 ,  7.37068266E-01 , -1.16643565E-06 , -3.01095937E-06
      51 ,       25 ,  9.07172993E-01 ,  7.12837062E-01 , -1.62809577E-05 ,  3.67131937E-06
      52 ,       25 ,  9.85585904E-01 ,  6.82048432E-01 ,  5.31808485E-06 , -1.12463290E-05
      53 ,       25 ,  1.06363624E+00 ,  6.43685240E-01 ,  1.67760677E-06 ,  6.97751298E-06
      54 ,       25 ,  1.14055013E+00 ,  5.96553527E-01 ,  7.11742662E-07 ,  1.47141423E-06
      55 ,       25 ,  1.21499952E+00 ,  5.39386098E-01 ,  2.31259771E-06 ,  1.85084892E-06
      56 ,       25 ,  1.28493218E+00 ,  4.71059830E-01 ,  3.75128147E-06 ,  1.42719195E-06
      57 ,       25 ,  1.34747286E+00 ,  3.90962452E-01 ,  3.75622287E-06 ,  1.59075904E-06
      58 ,       25 ,  1.39901567E+00 ,  2.99498858E-01 ,  7.94765334E-06 , -7.25047518E-06
      59 ,       25 ,  1.43564460E+00 ,  1.98625104E-01 ,  2.05273545E-05 , -3.27594889E-05
      60 ,       25 ,  1.45393865E+00 ,  9.21632972E-02 ,  5.58474398E-05 ,  6.92997055E-05
      61 ,       25 ,  1.45199743E+00 , -1.44084321E-02 ,  1.46253296E-04 , -1.31233297E-04
       1 ,       26 ,  1.52541381E+00 , -1.57991858E-02 , -1.89223857E-04 ,  1.11561011E-04
       2 ,       26 ,  1.52140781E+00 , -1.31214592E-01 ,  7.09439515E-06 ,  7.20682925E-06
       3 ,       26 ,  1.49687826E+00 , -2.44925262E-01 , -2.02857325E-06 ,  1.84644183E-06
       4 ,       26 ,  1.45419269E+00 , -3.51710403E-01 ,  1.63738508E-06 ,  8.42100362E-08
       5 ,       26 ,  1.39700493E+00 , -4.48052737E-01 ,  3.61939127E-07 ,  3.28657711E-07
       6 ,       26 ,  1.32929947E+00 , -5.32251526E-01 ,  2.19563417E-06 ,  1.04149199E-07
       7 ,       26 ,  1.25466506E+00 , -6.04085851E-01 , -1.34404338E-06 , -1.80495486E-06
       8 ,       26 ,  1.17592234E+00 , -6.64297546E-01 ,  2.67795245E-06 , -1.25895479E-06
       9 ,       26 ,  1.09504907E+00 , -7.14106403E-01 , -2.85287624E-07 ,  2.77309426E-08
      10 ,       26 ,  1.01328071E+00 , -7.54854778E-01 , -1.10705975E-06 , -1.58145905E-07
      11 ,       26 ,  9.31279560E-01 , -7.87791262E-01 , -1.30771444E-06 ,  7.03644050E-08
      12 ,       26 ,  8.49306595E-01 , -8.13962560E-01 , -5.57646758E-07 , -5.66472640E-07
      13 ,       26 ,  7.67366171E-01 , -8.34175066E-01 , -8.40940651E-07 ,  2.55196341E-06
      14 ,       26 ,  6.85316289E-01 , -8.48994708E-01 , -1.41688864E-06 ,  9.92884611E-07
      15 ,       26 ,  6.02947527E-01 , -8.58764039E-01 ,  1.77193034E-07 ,  2.01181366E-06
      16 ,       26 ,  5.20037299E-01 , -8.63624080E-01 ,  4.15909106E-06 , -1.92295170E-07
      17 ,       26 ,  4.36386350E-01 , -8.63534168E-01 ,  5.60590436E-06 ,  1.60151875E-06
      18 ,       26 ,  3.51843838E-01 , -8.58286285E-01 ,  5.44896316E-06 ,  4.07415937E-07
      19 ,       26 ,  2.66327192E-01 , -8.47512173E-01 ,  3.97201704E-06 , -1.13963036E-06
      20 ,       26 ,  1.79843475E-01 , -8.30683030E-01 , -3.10357387E-06 , -2.63531815E-06
      21 ,       26 ,  9.25199190E-02 , -8.07103522E-01 ,  2.31380342E-06 , -5.80532924E-06
      22 ,       26 ,  4.65200716E-03 , -7.75905222E-01 , -8.33949818E-06 , -1.92398267E-06
      23 ,       26 , -8.32233422E-02 , -7.36049645E-01 , -4.65575526E-06 ,  3.91711928E-06
      24 ,       26 , -1.70225796E-01 , -6.86357907E-01 , -4.08471938E-06 ,  5.64549269E-06
      25 ,       26 , -2.55006392E-01 , -6.25591222E-01 , -1.25959129E-06 ,  5.10298030E-06
      26 ,       26 , -3.35621489E-01 , -5.52610466E-01 ,  5.16333500E-06 ,  2.72741188E-06
      27 ,       26 , -4.09452999E-01 , -4.66636524E-01 ,  7.65412768E-07 ,  5.33134706E-06
      28 ,       26 , -4.73248599E-01 , -3.67605908E-01 ,  2.85589800E-06 ,  4.96237346E-07
      29 ,       26 , -5.23365826E-01 , -2.56560539E-01 ,  8.00792218E-06 ,  6.08338508E-07
      30 ,       26 , -5.56267816E-01 , -1.35936448E-01 , -1.89222027E-05 ,  3.28375069E-06
      31 ,       26 , -5.69212134E-01 , -9.56808699E-03 ,  1.29389982E-05 , -7.42671725E-06
      32 ,       26 , -5.60924609E-01 ,  1.17723829E-01 , -6.48112322E-07 ,  5.31348412E-07
      33 ,       26 , -5.31966132E-01 ,  2.40907901E-01 ,  1.15800594E-06 , -3.30564574E-06
      34 ,       26 , -4.84602431E-01 ,  3.55609525E-01 ,  1.74232855E-06 , -3.99743540E-06
      35 ,       26 , -4.22239719E-01 ,  4.58735155E-01 ,  3.26931428E-06 ,  8.55525961E-07
      36 ,       26 , -3.48691036E-01 ,  5.48674076E-01 ,  6.69521135E-06 ,  5.75160962E-06
      37 ,       26 , -2.67546584E-01 ,  6.25124110E-01 , -8.01077588E-05 , -3.35884405E-05
      38 ,       26 , -1.81789535E-01 ,  6.88715749E-01 ,  5.22286003E-06 ,  2.38842792E-05
      39 ,       26 , -9.36583903E-02 ,  7.40606973E-01 , -6.91010887E-05 , -5.03266407E-07
      40 ,       26 , -4.68193271E-03 ,  7.82151953E-01 , -2.10768661E-05 ,  5.49588793E-06
      41 ,       26 ,  8.41981881E-02 ,  8.14676622E-01 ,  1.57255032E-05 ,  5.45479228E-06
      42 ,       26 ,  1.72480725E-01 ,  8.39350948E-01 ,  5.67171211E-05 , -7.85842928E-06
      43 ,       26 ,  2.59969828E-01 ,  8.57131294E-01 ,  4.41894319E-05 ,  3.18984837E-06
      44 ,       26 ,  3.46666385E-01 ,  8.68745761E-01 ,  3.85537984E-05 , -3.39046287E-05
      45 ,       26 ,  4.32687610E-01 ,  8.74701381E-01 ,  3.62024479E-05 ,  6.83205650E-06
      46 ,       26 ,  5.18210608E-01 ,  8.75298927E-01 , -3.25157452E-06 , -4.76257159E-06
      47 ,       26 ,  6.03433209E-01 ,  8.70646638E-01 , -5.51337251E-06 , -4.10635786E-06
      48 ,       26 ,  6.88544578E-01 ,  8.60668133E-01 , -4.77588115E-06 , -2.49718433E-06
      49 ,       26 ,  7.73697781E-01 ,  8.45102591E-01 , -5.69801294E-06 , -2.28341048E-06
      50 ,       26 ,  8.58976042E-01 ,  8.23497813E-01 , -9.52765231E-07 , -2.23127527E-06
      51 ,       26 ,  9.44344010E-01 ,  7.95199764E-01 , -1.31841204E-05 ,  3.59920097E-06
      52 ,       26 ,  1.02957529E+00 ,  7.59346590E-01 ,  5.02806557E-06 , -8.50636174E-06
      53 ,       26 ,  1.11414919E+00 ,  7.14881559E-01 ,  1.20344656E-06 ,  5.22169896E-06
      54 ,       26 ,  1.19711528E+00 ,  6.60608095E-01 ,  7.91187847E-07 ,  1.58994092E-06
      55 ,       26 ,  1.27693754E+00 ,  5.95319171E-01 ,  1.87481187E-06 ,  2.05247378E-06
      56 ,       26 ,  1.35135458E+00 ,  5.18036971E-01 ,  2.94685157E-06 ,  1.26737385E-06
      57 ,       26 ,  1.41732827E+00 ,  4.28384771E-01 ,  2.78866857E-06 ,  1.40135579E-06
      58 ,       26 ,  1.47118815E+00 ,  3.27064696E-01 ,  6.37840457E-06 , -5.50321130E-06
      59 ,       26 ,  1.50907935E+00 ,  2.16323811E-01 ,  1.81496606E-05 , -2.69415889E-05
      60 ,       26 ,  1.52773625E+00 ,  1.00185977E-01 ,  4.50594237E-05 ,  6.02187706E-05
      61 ,       26 ,  1.52541381E+00 , -1.57991858E-02 ,  1.25483838E-04 , -9.82504774E-05
       1 ,       27 ,  1.60988242E+00 , -1.72665293E-02 , -1.58001429E-04 ,  8.57863004E-05
       2 ,       27 ,  1.60612908E+00 , -1.43011674E-01 ,  5.04565556E-06 ,  5.20768997E-06
       3 ,       27 ,  1.58100148E+00 , -2.67298493E-01 , -2.06877885E-06 ,  1.00146231E-06
       4 ,       27 ,  1.53671180E+00 , -3.84812519E-01 ,  1.50996775E-06 , -2.25383662E-07
       5 ,       27 ,  1.47676927E+00 , -4.91823967E-01 , -4.45657941E-07 ,  6.17430183E-07
       6 ,       27 ,  1.40510562E+00 , -5.86341918E-01 ,  1.03898335E-06 ,  6.26567919E-07
       7 ,       27 ,  1.32537467E+00 , -6.67852224E-01 , -1.09465148E-07 ,  3.96724869E-07
       8 ,       27 ,  1.24055543E+00 , -7.36861242E-01 ,  7.84290084E-07 , -3.45777677E-06
       9 ,       27 ,  1.15283083E+00 , -7.94437604E-01 , -1.04221777E-09 ,  3.13543664E-07
      10 ,       27 ,  1.06364531E+00 , -8.41853471E-01 , -8.98645014E-07 ,  5.60760406E-08
      11 ,       27 ,  9.73845353E-01 , -8.80348668E-01 , -1.13355005E-06 ,  3.14637788E-08
      12 ,       27 ,  8.83838057E-01 , -9.10999033E-01 ,  2.69674213E-07 , -2.17631265E-07
      13 ,       27 ,  7.93733603E-01 , -9.34657420E-01 ,  2.12329558E-08 ,  2.64129545E-06
      14 ,       27 ,  7.03459594E-01 , -9.51938417E-01 , -1.57039288E-06 ,  1.13125038E-06
      15 ,       27 ,  6.12846936E-01 , -9.63225520E-01 , -7.22742845E-08 ,  1.48265080E-06
      16 ,       27 ,  5.21692059E-01 , -9.68687077E-01 ,  3.07371876E-06 , -3.18247509E-07
      17 ,       27 ,  4.29801721E-01 , -9.68292974E-01 ,  2.10885850E-06 ,  4.23358802E-07
      18 ,       27 ,  3.37026768E-01 , -9.61827693E-01 ,  3.22289698E-06 ,  1.77394125E-08
      19 ,       27 ,  2.43291250E-01 , -9.48897794E-01 ,  6.86136984E-07 , -7.28552125E-07
      20 ,       27 ,  1.48623599E-01 , -9.28933891E-01 , -1.08455481E-06 , -4.96881069E-06
      21 ,       27 ,  5.31970960E-02 , -9.01189656E-01 ,  7.27437799E-11 , -2.34586744E-06
      22 ,       27 , -4.26131705E-02 , -8.64743873E-01 , -5.18842046E-06 ,  7.62192019E-07
      23 ,       27 , -1.38151240E-01 , -8.18516526E-01 , -3.20749561E-06 ,  2.16301870E-06
      24 ,       27 , -2.32378292E-01 , -7.61315819E-01 , -1.79550066E-06 ,  4.06751933E-06
      25 ,       27 , -3.23756688E-01 , -6.91938361E-01 ,  3.65710801E-06 ,  4.52430813E-06
      26 ,       27 , -4.10145223E-01 , -6.09345755E-01 ,  4.05908809E-07 ,  3.28484181E-06
      27 ,       27 , -4.88752314E-01 , -5.12931000E-01 ,  2.59902111E-07 ,  3.15383179E-06
      28 ,       27 , -5.56213672E-01 , -4.02859638E-01 ,  1.15369509E-06 ,  1.09410141E-06
      29 ,       27 , -6.08862579E-01 , -2.80420091E-01 ,  5.80841143E-06 ,  4.08009790E-07
      30 ,       27 , -6.43220536E-01 , -1.48257601E-01 , -1.53524058E-05 ,  3.31597998E-06
      31 ,       27 , -6.56640388E-01 , -1.03363076E-02 ,  1.00197708E-05 , -6.38341624E-06
      32 ,       27 , -6.47912687E-01 ,  1.28470220E-01 , -6.78905715E-07 ,  2.73687019E-07
      33 ,       27 , -6.17587813E-01 ,  2.63100817E-01 ,  7.06635360E-07 , -2.61300901E-06
      34 ,       27 , -5.67858006E-01 ,  3.89105364E-01 ,  7.86973128E-07 , -4.72202840E-06
      35 ,       27 , -5.02051391E-01 ,  5.03234768E-01 , -4.53334044E-07 , -6.67960367E-06
      36 ,       27 , -4.23959040E-01 ,  6.03660878E-01 ,  5.57797767E-06 , -1.98130378E-06
      37 ,       27 , -3.37233318E-01 ,  6.89851652E-01 , -2.92788019E-05 , -2.62198631E-05
      38 ,       27 , -2.44994032E-01 ,  7.62243376E-01 , -8.46472936E-06 , -3.02896111E-06
      39 ,       27 , -1.49659366E-01 ,  8.21862533E-01 , -4.17073308E-05 ,  3.02096006E-05
      40 ,       27 , -5.29463878E-02 ,  8.69998304E-01 , -2.79417006E-05 ,  7.39838251E-06
      41 ,       27 ,  4.40324424E-02 ,  9.07966312E-01 , -3.56581670E-06 ,  8.30608421E-06
      42 ,       27 ,  1.40636936E-01 ,  9.36962689E-01 ,  2.96891670E-05 , -9.83635252E-07
      43 ,       27 ,  2.36568529E-01 ,  9.57988381E-01 ,  2.82213644E-05 , -1.30767425E-05
      44 ,       27 ,  3.31759173E-01 ,  9.71819804E-01 ,  1.58684160E-05 , -3.05109680E-05
      45 ,       27 ,  4.26284580E-01 ,  9.79005539E-01 ,  4.38842415E-05 ,  7.04612605E-06
      46 ,       27 ,  5.20299513E-01 ,  9.79874398E-01 , -7.70925791E-06 , -7.23800545E-06
      47 ,       27 ,  6.13989433E-01 ,  9.74545418E-01 , -3.34448769E-06 , -5.51556301E-06
      48 ,       27 ,  7.07531450E-01 ,  9.62934481E-01 , -4.29097835E-06 , -3.01883225E-06
      49 ,       27 ,  8.01056910E-01 ,  9.44755484E-01 , -5.26262898E-06 , -2.15013159E-06
      50 ,       27 ,  8.94607581E-01 ,  9.19517011E-01 , -1.01453043E-06 , -1.35316088E-06
      51 ,       27 ,  9.88077282E-01 ,  8.86518884E-01 , -1.03326735E-05 ,  3.39686027E-06
      52 ,       27 ,  1.08113150E+00 ,  8.44857656E-01 ,  4.26424630E-06 , -6.32794541E-06
      53 ,       27 ,  1.17310023E+00 ,  7.93456302E-01 ,  7.82568167E-07 ,  3.78703162E-06
      54 ,       27 ,  1.26284646E+00 ,  7.31140851E-01 ,  8.69578414E-07 ,  1.22493459E-06
      55 ,       27 ,  1.34862635E+00 ,  6.56792924E-01 ,  1.39352998E-06 ,  1.94444988E-06
      56 ,       27 ,  1.42798106E+00 ,  5.69606261E-01 ,  2.19929326E-06 ,  1.12907363E-06
      57 ,       27 ,  1.49772985E+00 ,  4.69456754E-01 ,  2.02031602E-06 ,  1.22224268E-06
      58 ,       27 ,  1.55415834E+00 ,  3.57347265E-01 ,  5.07753861E-06 , -4.09856853E-06
      59 ,       27 ,  1.59348339E+00 ,  2.35809033E-01 ,  1.59534800E-05 , -2.17774985E-05
      60 ,       27 ,  1.61259116E+00 ,  1.09061990E-01 ,  3.57112726E-05 ,  5.21685496E-05
      61 ,       27 ,  1.60988242E+00 , -1.72665293E-02 ,  1.05867446E-04 , -7.16791431E-05
       1 ,       28 ,  1.70691642E+00 , -1.88148730E-02 , -1.30009002E-04 ,  6.51172846E-05
       2 ,       28 ,  1.70341401E+00 , -1.55955385E-01 ,  3.50222367E-06 ,  3.68966229E-06
       3 ,       28 ,  1.67757373E+00 , -2.91887876E-01 , -1.90027738E-06 ,  4.76498600E-07
       4 ,       28 ,  1.63146027E+00 , -4.21196440E-01 ,  1.22118186E-06 , -2.42375663E-07
       5 ,       28 ,  1.56844146E+00 , -5.39940933E-01 , -3.53267587E-07 , -4.28181791E-07
       6 ,       28 ,  1.49238808E+00 , -6.45843141E-01 ,  1.00275125E-06 , -8.90515373E-07
       7 ,       28 ,  1.40700286E+00 , -7.38089719E-01 ,  1.18063832E-06 , -4.78031911E-07
       8 ,       28 ,  1.31540761E+00 , -8.16933875E-01 , -9.74800089E-07 , -1.18255356E-06
       9 ,       28 ,  1.21998250E+00 , -8.83267267E-01 ,  1.36036173E-06 , -5.28372606E-07
      10 ,       28 ,  1.12238305E+00 , -9.38263854E-01 , -4.25231248E-07 , -2.52928418E-08
      11 ,       28 ,  1.02365115E+00 , -9.83129465E-01 , -8.05872442E-07 ,  1.12028737E-07
      12 ,       28 ,  9.24357499E-01 , -1.01894924E+00 ,  8.12673662E-08 ,  3.56800735E-08
      13 ,       28 ,  8.24739076E-01 , -1.04660854E+00 ,  2.30898951E-07 ,  6.00903618E-07
      14 ,       28 ,  7.24815536E-01 , -1.06676169E+00 , -1.19626193E-06 ,  9.48544300E-07
      15 ,       28 ,  6.24481048E-01 , -1.07982786E+00 , -1.38087179E-07 ,  9.05164200E-07
      16 ,       28 ,  5.23574187E-01 , -1.08599986E+00 ,  2.06081987E-06 ,  3.43896823E-07
      17 ,       28 ,  4.21931182E-01 , -1.08525682E+00 ,  1.11931655E-06 , -3.46530530E-07
      18 ,       28 ,  3.19428542E-01 , -1.07737572E+00 ,  2.02211977E-06 , -3.80421894E-07
      19 ,       28 ,  2.16021428E-01 , -1.06193946E+00 , -5.29643645E-07 , -1.13746636E-06
      20 ,       28 ,  1.11784296E-01 , -1.03834197E+00 ,  2.13674710E-06 , -2.38696316E-06
      21 ,       28 ,  6.96048168E-03 , -1.00579318E+00 , -7.92715077E-07 , -3.10291266E-06
      22 ,       28 , -9.79733089E-02 , -9.63330757E-01 , -1.57607263E-06 ,  1.68740150E-07
      23 ,       28 , -2.02223953E-01 , -9.09849939E-01 , -2.48182326E-06 ,  2.05851938E-06
      24 ,       28 , -3.04582165E-01 , -8.44167490E-01 , -1.07793214E-06 ,  2.59431200E-06
      25 ,       28 , -4.03317867E-01 , -7.65139697E-01 ,  2.46679803E-06 ,  2.02858867E-06
      26 ,       28 , -4.96097586E-01 , -6.71852346E-01 , -1.90529650E-07 ,  2.39343292E-06
      27 ,       28 , -5.79968891E-01 , -5.63888593E-01 ,  1.04695101E-06 ,  4.36403991E-07
      28 ,       28 , -6.51470640E-01 , -4.41652220E-01 ,  3.41753783E-07 , -1.54738727E-07
      29 ,       28 , -7.06922677E-01 , -3.06678989E-01 ,  4.22586773E-06 ,  6.97107817E-09
      30 ,       28 , -7.42906638E-01 , -1.61821325E-01 , -1.22441325E-05 ,  3.25855689E-06
      31 ,       28 , -7.56864822E-01 , -1.11756340E-02 ,  7.82320514E-06 , -5.61944486E-06
      32 ,       28 , -7.47646354E-01 ,  1.40321506E-01 , -4.84430031E-07 ,  1.92722029E-07
      33 ,       28 , -7.15790748E-01 ,  2.87566223E-01 ,  6.29138637E-07 , -1.43566429E-06
      34 ,       28 , -6.63420667E-01 ,  4.26024525E-01 ,  6.51482707E-07 , -2.55026886E-06
      35 ,       28 , -5.93787355E-01 ,  5.52289660E-01 , -8.11375046E-07 , -5.06303996E-06
      36 ,       28 , -5.10653753E-01 ,  6.64314952E-01 ,  7.41362256E-07 , -3.57709445E-06
      37 ,       28 , -4.17722525E-01 ,  7.61331795E-01 ,  4.86417751E-07 , -1.44815356E-05
      38 ,       28 , -3.18238348E-01 ,  8.43567140E-01 , -2.48142247E-05 , -1.77778372E-05
      39 ,       28 , -2.14793000E-01 ,  9.11894185E-01 , -1.46562748E-05 ,  3.86971109E-05
      40 ,       28 , -1.09294169E-01 ,  9.67512851E-01 , -2.61596332E-05 ,  5.85617319E-06
      41 ,       28 , -3.03574448E-03 ,  1.01170577E+00 , -1.17664280E-05 ,  7.87376240E-06
      42 ,       28 ,  1.03186117E-01 ,  1.04567669E+00 ,  1.06791807E-05 ,  4.89569642E-06
      43 ,       28 ,  2.08949001E-01 ,  1.07045760E+00 ,  1.36018681E-05 , -3.24507161E-06
      44 ,       28 ,  3.14092580E-01 ,  1.08686435E+00 , -1.06360658E-06 , -7.62634912E-06
      45 ,       28 ,  4.18626742E-01 ,  1.09548194E+00 ,  3.72980112E-05 , -2.47987615E-07
      46 ,       28 ,  5.22659201E-01 ,  1.09666481E+00 , -8.55549647E-06 , -7.56715599E-06
      47 ,       28 ,  6.26338138E-01 ,  1.09054251E+00 , -1.08835840E-06 , -6.83413598E-06
      48 ,       28 ,  7.29803486E-01 ,  1.07702472E+00 , -3.64750693E-06 , -3.47808242E-06
      49 ,       28 ,  8.33139578E-01 ,  1.05580381E+00 , -4.63061664E-06 , -2.04387758E-06
      50 ,       28 ,  9.36321546E-01 ,  1.02635592E+00 , -1.14605304E-06 , -6.70222726E-07
      51 ,       28 ,  1.03914811E+00 ,  9.87945660E-01 , -8.05498838E-06 ,  3.15082736E-06
      52 ,       28 ,  1.14115478E+00 ,  9.39644259E-01 ,  3.26691101E-06 , -4.53243067E-06
      53 ,       28 ,  1.24150516E+00 ,  8.80376467E-01 ,  3.37654832E-07 ,  3.04815822E-06
      54 ,       28 ,  1.33886611E+00 ,  8.09017854E-01 ,  9.85764555E-07 ,  8.67659075E-07
      55 ,       28 ,  1.43128655E+00 ,  7.24567340E-01 ,  1.12599892E-06 ,  1.34909801E-06
      56 ,       28 ,  1.51612111E+00 ,  6.26415277E-01 ,  1.60605227E-06 ,  1.02295322E-06
      57 ,       28 ,  1.59006417E+00 ,  5.14705818E-01 ,  1.42133968E-06 ,  1.03582382E-06
      58 ,       28 ,  1.64937407E+00 ,  3.90746074E-01 ,  3.97450267E-06 , -2.97916338E-06
      59 ,       28 ,  1.69034653E+00 ,  2.57346921E-01 ,  1.38500643E-05 , -1.71707653E-05
      60 ,       28 ,  1.71001467E+00 ,  1.18922066E-01 ,  2.76848596E-05 ,  4.50857362E-05
      61 ,       28 ,  1.70691642E+00 , -1.88148730E-02 ,  8.80385930E-05 , -5.05840801E-05
       1 ,       29 ,  1.81821291E+00 , -2.04500846E-02 , -1.05439927E-04 ,  4.88656933E-05
       2 ,       29 ,  1.81495376E+00 , -1.70210581E-01 ,  2.32062888E-06 ,  2.48423744E-06
       3 ,       29 ,  1.78825839E+00 , -3.19017235E-01 , -1.64253457E-06 ,  8.28726217E-08
       4 ,       29 ,  1.74005186E+00 , -4.61342199E-01 ,  1.04107618E-06 , -1.83746835E-07
       5 ,       29 ,  1.67356529E+00 , -5.93033686E-01 ,  1.05520956E-07 ,  7.17994436E-08
       6 ,       29 ,  1.59260369E+00 , -7.11526635E-01 , -2.16652039E-07 ,  7.58295598E-08
       7 ,       29 ,  1.50090633E+00 , -8.15702046E-01 ,  6.90394989E-07 ,  1.86206923E-07
       8 ,       29 ,  1.40172477E+00 , -9.05543122E-01 , -3.38209994E-07 ,  4.83824100E-08
       9 ,       29 ,  1.29762934E+00 , -9.81739474E-01 ,  6.11305164E-08 , -1.82444184E-06
      10 ,       29 ,  1.19048868E+00 , -1.04533852E+00 , -1.81439884E-07 ,  3.33572836E-08
      11 ,       29 ,  1.08155094E+00 , -1.09748523E+00 , -6.85477583E-07 ,  1.74207105E-07
      12 ,       29 ,  9.71568051E-01 , -1.13925160E+00 , -7.09489388E-07 ,  2.30958568E-07
      13 ,       29 ,  8.60925669E-01 , -1.17153858E+00 , -2.50289399E-07 ,  2.47246201E-07
      14 ,       29 ,  7.49759614E-01 , -1.19502850E+00 , -3.97184245E-07 ,  1.07796149E-06
      15 ,       29 ,  6.38052388E-01 , -1.21016877E+00 ,  1.01545245E-08 ,  6.74512728E-07
      16 ,       29 ,  5.25710228E-01 , -1.21717241E+00 ,  1.11987761E-06 ,  6.44100882E-07
      17 ,       29 ,  4.12624694E-01 , -1.21602605E+00 ,  2.74876412E-07 , -4.67024636E-07
      18 ,       29 ,  2.98724233E-01 , -1.20649958E+00 ,  8.10898099E-07 , -4.04640495E-07
      19 ,       29 ,  1.84021733E-01 , -1.18815513E+00 ,  3.94225706E-07 , -2.10764860E-06
      20 ,       29 ,  6.86642381E-02 , -1.16035579E+00 , -3.88638764E-07 , -1.73811571E-06
      21 ,       29 , -4.70092438E-02 , -1.12227749E+00 , -1.07207467E-06 , -9.59893428E-07
      22 ,       29 , -1.62397146E-01 , -1.07293121E+00 , -1.54280751E-06 ,  7.15638725E-07
      23 ,       29 , -2.76550240E-01 , -1.01120661E+00 , -1.29486348E-06 ,  1.81194443E-06
      24 ,       29 , -3.88076265E-01 , -9.35952267E-01 ,  1.83536460E-06 ,  2.40336334E-06
      25 ,       29 , -4.95048343E-01 , -8.46109205E-01 , -3.65842101E-07 ,  2.09782392E-06
      26 ,       29 , -5.94944808E-01 , -7.40910684E-01 , -3.22991197E-07 ,  1.27084007E-06
      27 ,       29 , -6.84662783E-01 , -6.20147570E-01 ,  1.46088268E-06 ,  2.51686925E-07
      28 ,       29 , -7.60656231E-01 , -4.84471235E-01 ,  1.29942991E-06 , -5.30137722E-08
      29 ,       29 , -8.19239195E-01 , -3.35667084E-01 ,  3.75994058E-06 , -1.13427790E-07
      30 ,       29 , -8.57053182E-01 , -1.76795263E-01 , -9.59532329E-06 ,  3.12369858E-06
      31 ,       29 , -8.71623648E-01 , -1.20896010E-02 ,  6.02136238E-06 , -4.95461938E-06
      32 ,       29 , -8.61852437E-01 ,  1.53438356E-01 , -3.55745668E-07 ,  1.64213635E-07
      33 ,       29 , -8.28267992E-01 ,  3.14627578E-01 ,  5.26787647E-07 , -8.44362777E-07
      34 ,       29 , -7.72927645E-01 ,  4.66849662E-01 ,  4.72272450E-07 , -1.51287180E-06
      35 ,       29 , -6.99008461E-01 ,  6.06535409E-01 , -5.33621020E-07 , -3.46758341E-06
      36 ,       29 , -6.10241927E-01 ,  7.31416401E-01 , -8.32404772E-07 , -3.90988824E-06
      37 ,       29 , -5.10372421E-01 ,  8.40479925E-01 ,  9.87628570E-06 , -4.38810011E-06
      38 ,       29 , -4.02760336E-01 ,  9.33728599E-01 , -3.25338108E-05 , -1.86389103E-05
      39 ,       29 , -2.90166427E-01 ,  1.01186076E+00 , -2.70229716E-06 ,  2.93995340E-05
      40 ,       29 , -1.74691943E-01 ,  1.07596232E+00 , -1.96161949E-05 ,  2.08976742E-06
      41 ,       29 , -5.78231492E-02 ,  1.12725875E+00 , -9.32781492E-06 ,  5.70030548E-06
      42 ,       29 ,  5.94702182E-02 ,  1.16694063E+00 ,  9.16184586E-06 ,  3.92833616E-06
      43 ,       29 ,  1.76619629E-01 ,  1.19605480E+00 ,  2.01354574E-05 , -3.20152847E-06
      44 ,       29 ,  2.93347435E-01 ,  1.21544518E+00 ,  8.63323921E-06 ,  6.12886665E-06
      45 ,       29 ,  4.09571241E-01 ,  1.22572600E+00 ,  2.65575517E-05 , -1.16738228E-05
      46 ,       29 ,  5.25324604E-01 ,  1.22727374E+00 , -3.55448893E-06 , -7.35451102E-06
      47 ,       29 ,  6.40691018E-01 ,  1.22022773E+00 ,  7.66895517E-07 , -7.39790960E-06
      48 ,       29 ,  7.55745667E-01 ,  1.20449363E+00 , -2.54360703E-06 , -3.64519307E-06
      49 ,       29 ,  8.70498309E-01 ,  1.17974752E+00 , -3.48562742E-06 , -1.95102465E-06
      50 ,       29 ,  9.84830352E-01 ,  1.14544215E+00 , -8.02740022E-07 , -4.34303175E-07
      51 ,       29 ,  1.09841977E+00 ,  1.10082071E+00 , -6.03274842E-06 ,  2.64235635E-06
      52 ,       29 ,  1.21064953E+00 ,  1.04494826E+00 ,  2.32467529E-06 , -3.21586615E-06
      53 ,       29 ,  1.32049965E+00 ,  9.76775863E-01 , -6.97105238E-07 ,  3.35410180E-06
      54 ,       29 ,  1.42643160E+00 ,  8.95256950E-01 ,  2.24000874E-07 ,  1.46725023E-06
      55 ,       29 ,  1.52628743E+00 ,  7.99536460E-01 ,  7.81426962E-07 ,  1.08141763E-06
      56 ,       29 ,  1.61724476E+00 ,  6.89225517E-01 ,  1.03235723E-06 ,  7.49409886E-07
      57 ,       29 ,  1.69588772E+00 ,  5.64751434E-01 ,  9.65601948E-07 ,  8.70063226E-07
      58 ,       29 ,  1.75846001E+00 ,  4.27729850E-01 ,  3.03652380E-06 , -2.09999617E-06
      59 ,       29 ,  1.80134008E+00 ,  2.81249481E-01 ,  1.17539188E-05 , -1.29614486E-05
      60 ,       29 ,  1.82170207E+00 ,  1.29919113E-01 ,  2.08131635E-05 ,  3.90108960E-05
      61 ,       29 ,  1.81821291E+00 , -2.04500846E-02 ,  7.24278207E-05 , -3.39789192E-05
       1 ,       30 ,  1.94567651E+00 , -2.21794741E-02 , -8.42945359E-05 ,  3.62431536E-05
       2 ,       30 ,  1.94264728E+00 , -1.85969867E-01 ,  1.46465959E-06 ,  1.54547042E-06
       3 ,       30 ,  1.91492446E+00 , -3.49064385E-01 , -1.38470423E-06 , -1.83462511E-07
       4 ,       30 ,  1.86430130E+00 , -5.05809589E-01 ,  8.16854649E-07 , -1.93233450E-07
       5 ,       30 ,  1.79387845E+00 , -6.51837057E-01 ,  1.44256500E-07 ,  9.46428368E-08
       6 ,       30 ,  1.70739349E+00 , -7.84292437E-01 , -8.46978993E-08 , -2.14799969E-07
       7 ,       30 ,  1.60861350E+00 , -9.01743459E-01 ,  9.31751905E-09 , -5.12576708E-07
       8 ,       30 ,  1.50090970E+00 , -1.00388665E+00 ,  5.30610196E-07 , -4.35633850E-07
       9 ,       30 ,  1.38703697E+00 , -1.09118494E+00 , -4.62540958E-07 , -5.46191070E-07
      10 ,       30 ,  1.26907945E+00 , -1.16453058E+00 ,  4.52670261E-07 , -4.26432211E-07
      11 ,       30 ,  1.14850244E+00 , -1.22497941E+00 , -2.40737029E-07 ,  1.75777535E-07
      12 ,       30 ,  1.02625710E+00 , -1.27356556E+00 , -5.02607134E-07 ,  1.68159291E-07
      13 ,       30 ,  9.02900599E-01 , -1.31118589E+00 , -4.88380013E-08 ,  1.07648899E-07
      14 ,       30 ,  7.78710746E-01 , -1.33853634E+00 ,  2.70804095E-07 ,  3.75733845E-07
      15 ,       30 ,  6.53785719E-01 , -1.35608287E+00 ,  1.31279975E-07 ,  6.84874570E-07
      16 ,       30 ,  5.28127528E-01 , -1.36405310E+00 ,  5.85505722E-07 ,  3.70873360E-07
      17 ,       30 ,  4.01711632E-01 , -1.36243885E+00 ,  6.63472515E-08 , -4.52142580E-07
      18 ,       30 ,  2.74547301E-01 , -1.35100377E+00 ,  1.00296450E-07 , -5.68748764E-07
      19 ,       30 ,  1.46734149E-01 , -1.32929331E+00 ,  2.65746424E-07 , -9.45529092E-07
      20 ,       30 ,  1.85204187E-02 , -1.29664758E+00 , -3.48621612E-07 , -5.83557009E-07
      21 ,       30 , -1.09631951E-01 , -1.25222069E+00 , -1.40202783E-06 ,  7.14906250E-07
      22 ,       30 , -2.36972086E-01 , -1.19501381E+00 , -1.29502706E-06 ,  1.01253717E-06
      23 ,       30 , -3.62374883E-01 , -1.12393251E+00 , -5.30042306E-07 ,  1.29561817E-06
      24 ,       30 , -4.84251917E-01 , -1.03788200E+00 ,  7.15346349E-07 ,  7.24997791E-07
      25 ,       30 , -6.00474199E-01 , -9.35913828E-01 ,  5.07646907E-07 ,  1.21759639E-06
      26 ,       30 , -7.08334272E-01 , -8.17432067E-01 ,  4.59104517E-07 ,  1.07397052E-08
      27 ,       30 , -8.04586527E-01 , -6.82452833E-01 ,  2.83578596E-07 , -2.54649797E-08
      28 ,       30 , -8.85608588E-01 , -5.31885163E-01 ,  4.67762549E-07 , -6.32795941E-08
      29 ,       30 , -9.47713089E-01 , -3.67768391E-01 ,  2.81266454E-06 , -2.18273330E-07
      30 ,       30 , -9.87599068E-01 , -1.93373840E-01 , -7.61865201E-06 ,  2.93396260E-06
      31 ,       30 , -1.00286825E+00 , -1.30807956E-02 ,  4.57679549E-06 , -4.36446402E-06
      32 ,       30 , -9.92469553E-01 ,  1.68010054E-01 , -2.45010965E-07 ,  1.90649222E-07
      33 ,       30 , -9.56920391E-01 ,  3.44664103E-01 ,  4.30974084E-07 , -5.08272756E-07
      34 ,       30 , -8.98217533E-01 ,  5.12145518E-01 ,  3.40680989E-07 , -9.56387493E-07
      35 ,       30 , -8.19468154E-01 ,  6.66714925E-01 , -2.37505795E-07 , -2.12529834E-06
      36 ,       30 , -7.24371810E-01 ,  8.05876448E-01 , -9.41391115E-07 , -3.07113991E-06
      37 ,       30 , -6.16709388E-01 ,  9.28364364E-01 ,  9.26489894E-06 ,  2.36731740E-07
      38 ,       30 , -4.99950760E-01 ,  1.03394160E+00 , -2.93529778E-05 , -1.35985332E-05
      39 ,       30 , -3.77022955E-01 ,  1.12310998E+00 ,  6.56248972E-08 ,  1.84050000E-05
      40 ,       30 , -2.50224745E-01 ,  1.19681615E+00 , -1.60551771E-05 , -1.20744899E-06
      41 ,       30 , -1.21246323E-01 ,  1.25620298E+00 , -8.58985896E-06 ,  4.07885699E-06
      42 ,       30 ,  8.75066259E-03 ,  1.30242499E+00 ,  3.93390511E-06 ,  3.79562975E-06
      43 ,       30 ,  1.39028129E-01 ,  1.33652531E+00 ,  1.53524737E-05 , -1.57340657E-06
      44 ,       30 ,  2.69164331E-01 ,  1.35936216E+00 ,  5.01312860E-06 ,  8.22955359E-06
      45 ,       30 ,  3.98955883E-01 ,  1.37156991E+00 ,  1.62928027E-05 , -1.65884168E-05
      46 ,       30 ,  5.28332485E-01 ,  1.37354219E+00 ,  3.96645775E-06 , -4.56142978E-06
      47 ,       30 ,  6.57282787E-01 ,  1.36542713E+00 ,  8.36913656E-07 , -7.32560250E-06
      48 ,       30 ,  7.85786946E-01 ,  1.34712910E+00 , -1.98820020E-06 , -3.65349330E-06
      49 ,       30 ,  9.13750117E-01 ,  1.31831465E+00 , -2.80253075E-06 , -1.81051725E-06
      50 ,       30 ,  1.04093086E+00 ,  1.27842445E+00 , -6.38194706E-07 , -4.04142671E-07
      51 ,       30 ,  1.16685931E+00 ,  1.22669671E+00 , -4.31197716E-06 ,  2.00273291E-06
      52 ,       30 ,  1.29074254E+00 ,  1.16221219E+00 ,  2.60944017E-06 , -3.06092971E-06
      53 ,       30 ,  1.41135956E+00 ,  1.08397488E+00 ,  5.59617340E-07 ,  2.10409070E-06
      54 ,       30 ,  1.52695701E+00 ,  9.91045561E-01 ,  1.05655590E-06 ,  3.40837117E-07
      55 ,       30 ,  1.63516968E+00 ,  8.82743986E-01 ,  1.26316013E-06 ,  1.94386615E-07
      56 ,       30 ,  1.73300575E+00 ,  7.58925702E-01 ,  9.31420799E-07 ,  5.69503528E-07
      57 ,       30 ,  1.81695039E+00 ,  6.20316023E-01 ,  6.28082454E-07 ,  6.95494582E-07
      58 ,       30 ,  1.88324138E+00 ,  4.68844851E-01 ,  2.19300905E-06 , -1.47739316E-06
      59 ,       30 ,  1.92834062E+00 ,  3.07880172E-01 ,  9.53422535E-06 , -8.94165149E-06
      60 ,       30 ,  1.94955627E+00 ,  1.42231024E-01 ,  1.48754788E-05 ,  3.37790209E-05
      61 ,       30 ,  1.94567651E+00 , -2.21794741E-02 ,  5.93295490E-05 , -2.10102789E-05
       1 ,       31 ,  2.09144726E+00 , -2.40117123E-02 , -6.64033069E-05 ,  2.66560504E-05
       2 ,       31 ,  2.08862931E+00 , -2.03456371E-01 ,  9.33380565E-07 ,  8.02341262E-07
       3 ,       31 ,  2.05967445E+00 , -3.82466778E-01 , -1.12505898E-06 , -3.65373197E-07
       4 ,       31 ,  2.00625200E+00 , -5.55246661E-01 ,  6.69095248E-07 , -1.84872574E-07
       5 ,       31 ,  1.93133974E+00 , -7.17201917E-01 ,  1.22001529E-07 ,  8.77853681E-08
       6 ,       31 ,  1.83860911E+00 , -8.65183102E-01 ,  1.16491485E-07 ,  1.33546772E-08
       7 ,       31 ,  1.73184995E+00 , -9.97435249E-01 ,  2.63861368E-08 , -2.47188966E-07
       8 ,       31 ,  1.61454610E+00 , -1.11335110E+00 ,  5.62464309E-07 , -2.99736351E-07
       9 ,       31 ,  1.48963336E+00 , -1.21314228E+00 , -6.71170568E-08 , -4.44957402E-07
      10 ,       31 ,  1.35941470E+00 , -1.29751692E+00 , -4.40847210E-07 , -4.10182926E-07
      11 ,       31 ,  1.22558394E+00 , -1.36741224E+00 ,  1.91428681E-07 , -4.98641570E-08
      12 ,       31 ,  1.08931003E+00 , -1.42379773E+00 , -3.09030842E-07 ,  2.21758631E-08
      13 ,       31 ,  9.51345744E-01 , -1.46754397E+00 , -3.09987027E-07 ,  1.88285126E-07
      14 ,       31 ,  8.12138477E-01 , -1.49934360E+00 , -4.76157854E-08 ,  1.69258690E-07
      15 ,       31 ,  6.71931869E-01 , -1.51966937E+00 ,  5.24776411E-07 ,  2.34920589E-08
      16 ,       31 ,  5.30854649E-01 , -1.52875639E+00 ,  4.47210353E-07 ,  3.16103702E-07
      17 ,       31 ,  3.88997726E-01 , -1.52659884E+00 ,  2.20644585E-07 , -2.42732280E-07
      18 ,       31 ,  2.46483000E-01 , -1.51295534E+00 ,  2.61338785E-07 , -4.66482344E-07
      19 ,       31 ,  1.03528476E-01 , -1.48735994E+00 ,  4.79244525E-07 , -9.38454772E-07
      20 ,       31 , -3.94855318E-02 , -1.44913946E+00 , -5.14015516E-07 , -3.24775406E-07
      21 ,       31 , -1.81945103E-01 , -1.39744065E+00 , -1.04247875E-06 ,  3.78307093E-07
      22 ,       31 , -3.22924295E-01 , -1.33127410E+00 , -6.15627403E-07 ,  6.57505303E-07
      23 ,       31 , -4.61101374E-01 , -1.24958482E+00 ,  7.45419247E-07 ,  1.08096426E-06
      24 ,       31 , -5.94677632E-01 , -1.15136093E+00 , -3.94671384E-07 ,  9.43603178E-07
      25 ,       31 , -7.21315356E-01 , -1.03579102E+00 ,  4.07931269E-07 ,  8.73631563E-07
      26 ,       31 , -8.38121620E-01 , -9.02473650E-01 ,  6.78044282E-07 ,  2.84208178E-07
      27 ,       31 , -9.41712822E-01 , -7.51668207E-01 ,  8.48883660E-07 , -6.50100158E-08
      28 ,       31 , -1.02839527E+00 , -5.84552793E-01 ,  5.64993760E-07 , -5.56008034E-08
      29 ,       31 , -1.09448134E+00 , -4.03427456E-01 ,  2.31542476E-06 , -2.52045551E-07
      30 ,       31 , -1.13672324E+00 , -2.11781449E-01 , -5.97414906E-06 ,  2.69576555E-06
      31 ,       31 , -1.15279141E+00 , -1.41508083E-02 ,  3.41211609E-06 , -3.84072718E-06
      32 ,       31 , -1.14167630E+00 ,  1.84257778E-01 , -1.71087932E-07 ,  2.31830653E-07
      33 ,       31 , -1.10388467E+00 ,  3.78117251E-01 ,  3.47000668E-07 , -3.06798304E-07
      34 ,       31 , -1.04135814E+00 ,  5.62568459E-01 ,  2.58927315E-07 , -6.14084885E-07
      35 ,       31 , -9.57139892E-01 ,  7.33690882E-01 , -8.71655260E-08 , -1.25217367E-06
      36 ,       31 , -8.54899866E-01 ,  8.88752587E-01 , -7.19123204E-07 , -2.09062976E-06
      37 ,       31 , -7.38453650E-01 ,  1.02622406E+00 ,  6.14318390E-06 ,  1.11804594E-06
      38 ,       31 , -6.11377481E-01 ,  1.14561231E+00 , -2.20034432E-05 , -8.65766492E-06
      39 ,       31 , -4.76764250E-01 ,  1.24720063E+00 ,  6.16436925E-07 ,  1.11527653E-05
      40 ,       31 , -3.37115656E-01 ,  1.33177052E+00 , -1.34418147E-05 , -2.90254960E-06
      41 ,       31 , -1.94338344E-01 ,  1.40035559E+00 , -7.37580489E-06 ,  2.78128370E-06
      42 ,       31 , -4.98051787E-02 ,  1.45404961E+00 ,  5.73285535E-07 ,  3.28877459E-06
      43 ,       31 ,  9.55514232E-02 ,  1.49387127E+00 ,  9.64933003E-06 ,  6.73544414E-07
      44 ,       31 ,  2.41136959E-01 ,  1.52067706E+00 ,  3.68999058E-06 ,  9.50122038E-06
      45 ,       31 ,  3.86595931E-01 ,  1.53511063E+00 ,  1.46857660E-05 , -1.30560886E-05
      46 ,       31 ,  5.31721679E-01 ,  1.53757671E+00 ,  9.64815825E-06 , -1.37479692E-06
      47 ,       31 ,  6.76374850E-01 ,  1.52823093E+00 ,  1.21791337E-07 , -6.59360531E-06
      48 ,       31 ,  8.20407339E-01 ,  1.50697972E+00 , -1.40361461E-06 , -3.43367782E-06
      49 ,       31 ,  9.63586987E-01 ,  1.47348835E+00 , -2.22607835E-06 , -1.62112205E-06
      50 ,       31 ,  1.10551816E+00 ,  1.42719883E+00 , -6.61152650E-07 , -4.38416624E-07
      51 ,       31 ,  1.24555447E+00 ,  1.36736331E+00 , -3.50149405E-06 ,  1.57818618E-06
      52 ,       31 ,  1.38270279E+00 ,  1.29310246E+00 ,  2.09764110E-06 , -2.33738377E-06
      53 ,       31 ,  1.51552307E+00 ,  1.20350168E+00 ,  1.93474483E-07 ,  2.24261007E-06
      54 ,       31 ,  1.64203708E+00 ,  1.09775959E+00 ,  6.53618149E-07 ,  5.27269331E-07
      55 ,       31 ,  1.75967073E+00 ,  9.75399743E-01 ,  4.98040720E-07 ,  4.11265864E-07
      56 ,       31 ,  1.86526789E+00 ,  8.36545711E-01 ,  5.92034952E-07 ,  3.87528756E-07
      57 ,       31 ,  1.95522256E+00 ,  6.82236271E-01 ,  3.61543466E-07 ,  4.99600622E-07
      58 ,       31 ,  2.02577142E+00 ,  5.14723476E-01 ,  1.49707836E-06 , -1.10100569E-06
      59 ,       31 ,  2.07345774E+00 ,  3.37659693E-01 ,  7.10116974E-06 , -5.07300300E-06
      60 ,       31 ,  2.09571568E+00 ,  1.56063607E-01 ,  9.66604762E-06 ,  2.85440625E-05
      61 ,       31 ,  2.09144726E+00 , -2.40117123E-02 ,  4.88515430E-05 , -1.13964302E-05
       1 ,       32 ,  2.25793319E+00 , -2.59567110E-02 , -5.14998123E-05 ,  1.94835612E-05
       2 ,       32 ,  2.25530301E+00 , -2.22926663E-01 ,  7.34372910E-07 ,  2.60356214E-07
       3 ,       32 ,  2.22487677E+00 , -4.19727496E-01 , -8.91600912E-07 , -4.54293904E-07
       4 ,       32 ,  2.16820790E+00 , -6.10398789E-01 ,  5.41051779E-07 , -1.60491341E-07
       5 ,       32 ,  2.08816009E+00 , -7.90107274E-01 ,  6.92669804E-08 ,  4.34065922E-08
       6 ,       32 ,  1.98834271E+00 , -9.55398760E-01 ,  1.92314035E-07 ,  6.42996850E-08
       7 ,       32 ,  1.87256681E+00 , -1.10418369E+00 ,  1.15837018E-07 ,  1.40216001E-07
       8 ,       32 ,  1.74442510E+00 , -1.23553282E+00 , -1.08122674E-07 ,  7.20433045E-08
       9 ,       32 ,  1.60703306E+00 , -1.34938144E+00 ,  3.71014917E-07 , -1.20918280E-07
      10 ,       32 ,  1.46291732E+00 , -1.44622402E+00 , -3.05961419E-07 , -1.13487521E-07
      11 ,       32 ,  1.31401258E+00 , -1.52684855E+00 , -2.57151029E-07 , -2.80066527E-07
      12 ,       32 ,  1.16172519E+00 , -1.59213131E+00 , -4.73660402E-08 , -1.14607405E-07
      13 ,       32 ,  1.00702899E+00 , -1.64289212E+00 , -2.27563263E-07 ,  4.44147541E-08
      14 ,       32 ,  8.50570677E-01 , -1.67980107E+00 , -1.63616357E-07 ,  1.26107008E-07
      15 ,       32 ,  6.92771764E-01 , -1.70332394E+00 ,  6.83076124E-08 ,  2.85246820E-08
      16 ,       32 ,  5.33921705E-01 , -1.71369485E+00 ,  1.17130966E-07 ,  5.02664347E-08
      17 ,       32 ,  3.74261677E-01 , -1.71090697E+00 ,  2.56083580E-07 , -1.79737291E-07
      18 ,       32 ,  2.14061230E-01 , -1.69471533E+00 ,  3.60698066E-07 , -3.70777200E-07
      19 ,       32 ,  5.36913842E-02 , -1.66464899E+00 , -1.44799168E-07 , -3.13795750E-07
      20 ,       32 , -1.06302062E-01 , -1.62003292E+00 , -5.97407305E-07 , -2.80913929E-08
      21 ,       32 , -2.65122121E-01 , -1.56002305E+00 , -5.28908591E-07 ,  3.73076999E-07
      22 ,       32 , -4.21640447E-01 , -1.48366079E+00 ,  3.41071598E-07 ,  8.38205086E-07
      23 ,       32 , -5.74316652E-01 , -1.38995593E+00 , -2.42546885E-07 ,  7.15535121E-07
      24 ,       32 , -7.21126329E-01 , -1.27800716E+00 , -1.74830534E-07 ,  3.44352518E-07
      25 ,       32 , -8.59514738E-01 , -1.14716751E+00 , -5.94529890E-09 , -2.06434415E-10
      26 ,       32 , -9.86401372E-01 , -9.97254361E-01 ,  1.47367171E-07 , -9.01912825E-08
      27 ,       32 , -1.09826617E+00 , -8.28789385E-01 ,  1.27298896E-07 , -9.82114523E-08
      28 ,       32 , -1.19134557E+00 , -6.43233064E-01 ,  2.74665167E-07 , -5.18131771E-08
      29 ,       32 , -1.26194978E+00 , -4.43155968E-01 ,  1.82346272E-06 , -2.65456891E-07
      30 ,       32 , -1.30687773E+00 , -2.32275762E-01 , -4.65681043E-06 ,  2.44387276E-06
      31 ,       32 , -1.32386037E+00 , -1.53001905E-02 ,  2.49977191E-06 , -3.36570510E-06
      32 ,       32 , -1.31192424E+00 ,  2.02438003E-01 , -1.02272823E-07 ,  2.60907381E-07
      33 ,       32 , -1.27156617E+00 ,  4.15497440E-01 ,  2.91611754E-07 , -1.77069103E-07
      34 ,       32 , -1.20467871E+00 ,  6.18876470E-01 ,  1.97588300E-07 , -3.86567409E-07
      35 ,       32 , -1.11424854E+00 ,  8.08458854E-01 ,  3.12102180E-08 , -7.32536122E-07
      36 ,       32 , -1.00392102E+00 ,  9.81264712E-01 , -5.13726397E-07 , -1.32173509E-06
      37 ,       32 , -8.77548002E-01 ,  1.13548758E+00 ,  3.62971329E-06 ,  7.97217282E-07
      38 ,       32 , -7.38812227E-01 ,  1.27036096E+00 , -1.52903541E-05 , -5.36272726E-06
      39 ,       32 , -5.90974669E-01 ,  1.38592678E+00 ,  9.37818007E-07 ,  7.10494151E-06
      40 ,       32 , -4.36747246E-01 ,  1.48277477E+00 , -1.05084988E-05 , -3.15964657E-06
      41 ,       32 , -2.78266983E-01 ,  1.56180145E+00 , -5.61383793E-06 ,  2.02819123E-06
      42 ,       32 , -1.17138613E-01 ,  1.62401358E+00 , -9.01241581E-08 ,  2.70873561E-06
      43 ,       32 ,  4.54847032E-02 ,  1.67038256E+00 ,  7.63971254E-06 , -1.47503127E-07
      44 ,       32 ,  2.08804921E-01 ,  1.70174529E+00 ,  2.83910003E-06 , -4.08326021E-07
      45 ,       32 ,  3.72280674E-01 ,  1.71874205E+00 ,  4.54929701E-06 , -1.44109891E-05
      46 ,       32 ,  5.35533388E-01 ,  1.72178164E+00 ,  1.13811896E-05 ,  4.06093810E-07
      47 ,       32 ,  6.98259316E-01 ,  1.71102561E+00 , -5.18925315E-07 , -5.67832633E-06
      48 ,       32 ,  8.60145648E-01 ,  1.68638642E+00 , -9.04886458E-07 , -3.08772676E-06
      49 ,       32 ,  1.02078727E+00 ,  1.64753764E+00 , -1.72932754E-06 , -1.42193233E-06
      50 ,       32 ,  1.17960059E+00 ,  1.59393805E+00 , -5.38085945E-07 , -4.81462016E-07
      51 ,       32 ,  1.33573216E+00 ,  1.52487489E+00 , -2.88235278E-06 ,  1.16162740E-06
      52 ,       32 ,  1.48796299E+00 ,  1.43953505E+00 ,  1.88571223E-06 , -1.94250888E-06
      53 ,       32 ,  1.63461499E+00 ,  1.33711548E+00 ,  2.28645411E-07 ,  2.06709822E-06
      54 ,       32 ,  1.77347387E+00 ,  1.21698404E+00 ,  4.60611502E-07 ,  4.64894767E-07
      55 ,       32 ,  1.90175320E+00 ,  1.07889754E+00 ,  2.87194254E-07 ,  4.52587044E-07
      56 ,       32 ,  2.01613492E+00 ,  9.23271619E-01 ,  3.63036767E-07 ,  2.62343563E-07
      57 ,       32 ,  2.11292598E+00 ,  7.51475294E-01 ,  1.86666303E-07 ,  3.27520254E-07
      58 ,       32 ,  2.18836317E+00 ,  5.66093466E-01 ,  9.70947552E-07 , -8.94895271E-07
      59 ,       32 ,  2.23906641E+00 ,  3.71072167E-01 ,  4.48211857E-06 , -1.80211807E-06
      60 ,       32 ,  2.26258683E+00 ,  1.71653738E-01 ,  5.17777309E-06 ,  2.15421642E-05
      61 ,       32 ,  2.25793319E+00 , -2.59567110E-02 ,  4.08210543E-05 , -5.88092909E-06
       1 ,       33 ,  2.44784820E+00 , -2.80254857E-02 , -3.93838505E-05 ,  1.41024693E-05
       2 ,       33 ,  2.44537766E+00 , -2.44673990E-01 ,  8.14172717E-07 , -5.40913812E-08
       3 ,       33 ,  2.41320307E+00 , -4.61421886E-01 , -6.73563206E-07 , -4.63925302E-07
       4 ,       33 ,  2.35276996E+00 , -6.72118718E-01 ,  4.39930425E-07 , -1.23594208E-07
       5 ,       33 ,  2.26683791E+00 , -8.71673697E-01 ,  2.59114319E-08 ,  2.54513509E-08
       6 ,       33 ,  2.15896075E+00 , -1.05631387E+00 ,  1.51917424E-07 ,  3.43069882E-08
       7 ,       33 ,  2.03297263E+00 , -1.22360009E+00 ,  1.36737806E-07 ,  4.50026411E-08
       8 ,       33 ,  1.89257483E+00 , -1.37226111E+00 ,  2.57940610E-08 , -3.38649868E-08
       9 ,       33 ,  1.74106409E+00 , -1.50192996E+00 , -3.80688158E-08 , -1.68324392E-08
      10 ,       33 ,  1.58119751E+00 , -1.61285703E+00 ,  1.55539731E-07 , -6.17445934E-08
      11 ,       33 ,  1.41516464E+00 , -1.70564935E+00 , -2.57439938E-07 , -1.30434294E-08
      12 ,       33 ,  1.24463031E+00 , -1.78105963E+00 , -1.65517798E-07 , -2.18045406E-07
      13 ,       33 ,  1.07081676E+00 , -1.83983047E+00 , -8.23152780E-08 , -4.45065479E-08
      14 ,       33 ,  8.94602034E-01 , -1.88258801E+00 , -9.06370968E-08 ,  8.89934408E-08
      15 ,       33 ,  7.16620829E-01 , -1.90977542E+00 ,  1.09938436E-08 ,  3.19126423E-08
      16 ,       33 ,  5.37360661E-01 , -1.92161608E+00 ,  8.49681669E-08 ,  9.04101638E-08
      17 ,       33 ,  3.57251326E-01 , -1.91809814E+00 ,  9.83479885E-08 , -6.07243511E-08
      18 ,       33 ,  1.76748564E-01 , -1.89897480E+00 , -2.91388527E-09 , -1.85540717E-07
      19 ,       33 , -3.58570339E-03 , -1.86377751E+00 , -2.39644321E-07 , -1.51196409E-07
      20 ,       33 , -1.83003920E-01 , -1.81184241E+00 , -3.51153803E-07 ,  5.11962456E-08
      21 ,       33 , -3.60492572E-01 , -1.74235305E+00 , -5.17657012E-10 ,  3.47083675E-07
      22 ,       33 , -5.34691638E-01 , -1.65440506E+00 , -6.57575957E-08 ,  3.74968591E-07
      23 ,       33 , -7.03818370E-01 , -1.54710012E+00 ,  2.79351444E-07 ,  3.00785417E-07
      24 ,       33 , -8.65605520E-01 , -1.41967645E+00 ,  1.48155264E-07 , -3.11369102E-08
      25 ,       33 , -1.01727087E+00 , -1.27168000E+00 ,  1.97411486E-07 ,  3.51527581E-08
      26 ,       33 , -1.15554146E+00 , -1.10317234E+00 ,  3.81340912E-07 , -2.17571710E-08
      27 ,       33 , -1.27675892E+00 , -9.14958022E-01 ,  1.95419754E-07 , -6.07560607E-08
      28 ,       33 , -1.37708775E+00 , -7.08795728E-01 ,  2.49901761E-07 , -4.80836443E-08
      29 ,       33 , -1.45283094E+00 , -4.87539907E-01 ,  1.46458938E-06 , -2.64287074E-07
      30 ,       33 , -1.50082598E+00 , -2.55151286E-01 , -3.61175433E-06 ,  2.18668135E-06
      31 ,       33 , -1.51885531E+00 , -1.65284084E-02 ,  1.77544851E-06 , -2.94201269E-06
      32 ,       33 , -1.50597621E+00 ,  2.22846156E-01 , -4.75565363E-08 ,  2.81530071E-07
      33 ,       33 , -1.46267662E+00 ,  4.57391321E-01 ,  2.61608183E-07 , -8.16018838E-08
      34 ,       33 , -1.39080685E+00 ,  6.81939987E-01 ,  1.63525115E-07 , -2.33037266E-07
      35 ,       33 , -1.29330615E+00 ,  8.92161630E-01 ,  2.71119798E-07 , -3.15230703E-07
      36 ,       33 , -1.17380290E+00 ,  1.08481281E+00 , -3.69108464E-07 , -7.84111915E-07
      37 ,       33 , -1.03619004E+00 ,  1.25779406E+00 ,  2.18312455E-06 ,  4.12989124E-07
      38 ,       33 , -8.84260406E-01 ,  1.41004588E+00 , -1.04815326E-05 , -3.45067234E-06
      39 ,       33 , -7.21448219E-01 ,  1.54134477E+00 ,  8.99205027E-07 ,  4.78168456E-06
      40 ,       33 , -5.50685253E-01 ,  1.65206106E+00 , -8.04081697E-06 , -2.80454934E-06
      41 ,       33 , -3.74354758E-01 ,  1.74292519E+00 , -4.67429516E-06 ,  1.35156052E-06
      42 ,       33 , -1.94315781E-01 ,  1.81482902E+00 , -1.50456230E-06 ,  2.23813955E-06
      43 ,       33 , -1.19706647E-02 ,  1.86867219E+00 ,  2.85637160E-06 ,  1.57031528E-06
      44 ,       33 ,  1.71645770E-01 ,  1.90525222E+00 ,  3.76796075E-07 ,  3.21348133E-06
      45 ,       33 ,  3.55769612E-01 ,  1.92519197E+00 , -5.16315386E-07 , -3.55604237E-06
      46 ,       33 ,  5.39811526E-01 ,  1.92889626E+00 ,  1.06381099E-05 ,  1.02914751E-06
      47 ,       33 ,  7.23263472E-01 ,  1.91653080E+00 , -5.93987938E-07 , -4.66650721E-06
      48 ,       33 ,  9.05608045E-01 ,  1.88801858E+00 , -4.31093907E-07 , -2.61599299E-06
      49 ,       33 ,  1.08622836E+00 ,  1.84305241E+00 , -1.26646275E-06 , -1.20020414E-06
      50 ,       33 ,  1.26431635E+00 ,  1.78112502E+00 , -3.70904644E-07 , -4.61912096E-07
      51 ,       33 ,  1.43877878E+00 ,  1.70158189E+00 , -2.34355034E-06 ,  8.07824849E-07
      52 ,       33 ,  1.60814348E+00 ,  1.60370438E+00 ,  1.54866924E-06 , -1.59472661E-06
      53 ,       33 ,  1.77047379E+00 ,  1.48683260E+00 ,  2.64447257E-07 ,  1.81517387E-06
      54 ,       33 ,  1.92330640E+00 ,  1.35053611E+00 ,  1.58980740E-07 ,  5.68465661E-07
      55 ,       33 ,  2.06363686E+00 ,  1.19483513E+00 , -1.69400005E-08 ,  7.43021490E-07
      56 ,       33 ,  2.18798435E+00 ,  1.02046243E+00 ,  3.40089023E-07 ,  5.13035628E-07
      57 ,       33 ,  2.29256924E+00 ,  8.29136128E-01 ,  1.36180144E-07 ,  2.29384961E-07
      58 ,       33 ,  2.37362603E+00 ,  6.23788094E-01 ,  6.13428894E-07 , -7.49161181E-07
      59 ,       33 ,  2.42784422E+00 ,  4.08671987E-01 ,  2.09392156E-06 ,  9.29147673E-08
      60 ,       33 ,  2.45288208E+00 ,  1.89272847E-01 ,  1.69775085E-06 ,  1.23963722E-05
      61 ,       33 ,  2.44784820E+00 , -2.80254857E-02 ,  3.45841533E-05 , -5.12684722E-06
       1 ,       34 ,  2.66425564E+00 , -3.02300239E-02 , -2.98824209E-05 ,  1.01046838E-05
       2 ,       34 ,  2.66191215E+00 , -2.69031989E-01 ,  9.64150024E-07 , -1.58214370E-07
       3 ,       34 ,  2.62767103E+00 , -5.08205132E-01 , -4.89081125E-07 , -4.35867440E-07
       4 ,       34 ,  2.56287795E+00 , -7.41377998E-01 ,  3.60092688E-07 , -9.20312251E-08
       5 ,       34 ,  2.47019929E+00 , -9.63178593E-01 ,  8.90617775E-09 ,  1.48129559E-08
       6 ,       34 ,  2.35314227E+00 , -1.16949628E+00 ,  1.14406747E-07 ,  2.80942986E-08
       7 ,       34 ,  2.21556935E+00 , -1.35752352E+00 ,  1.29869858E-07 ,  3.36549947E-08
       8 ,       34 ,  2.06129370E+00 , -1.52562461E+00 ,  8.40388070E-08 ,  1.50660736E-08
       9 ,       34 ,  1.89379800E+00 , -1.67310275E+00 , -8.28801399E-08 , -1.19984662E-07
      10 ,       34 ,  1.71607934E+00 , -1.79993278E+00 ,  1.22497952E-08 , -1.55198812E-07
      11 ,       34 ,  1.53059817E+00 , -1.90650755E+00 , -7.63611480E-09 , -1.03122736E-07
      12 ,       34 ,  1.33930102E+00 , -1.99342435E+00 , -1.49820831E-07 , -1.11975517E-07
      13 ,       34 ,  1.14368808E+00 , -2.06132007E+00 , -8.39024605E-08 , -8.07640986E-08
      14 ,       34 ,  9.44903563E-01 , -2.11075355E+00 ,  3.64905808E-08 ,  4.26914118E-08
      15 ,       34 ,  7.43833892E-01 , -2.14212800E+00 , -1.50210902E-08 , -4.49838674E-08
      16 ,       34 ,  5.41205591E-01 , -2.15564505E+00 ,  6.20785827E-08 , -2.19847904E-08
      17 ,       34 ,  3.37679266E-01 , -2.15128334E+00 ,  9.73442872E-09 , -9.97261986E-08
      18 ,       34 ,  1.33939209E-01 , -2.12879616E+00 , -7.43010944E-08 , -1.35194148E-07
      19 ,       34 , -6.92202571E-02 , -2.08772564E+00 , -1.90524791E-07 , -5.35041000E-08
      20 ,       34 , -2.70810321E-01 , -2.02743355E+00 , -1.05644388E-07 ,  8.58765242E-08
      21 ,       34 , -4.69564696E-01 , -1.94715131E+00 ,  4.10677566E-09 ,  1.84953723E-07
      22 ,       34 , -6.63860022E-01 , -1.84605394E+00 ,  1.35998290E-07 ,  4.45971357E-07
      23 ,       34 , -8.51645299E-01 , -1.72336377E+00 ,  3.62993306E-07 ,  3.82480536E-07
      24 ,       34 , -1.03039104E+00 , -1.57848906E+00 ,  2.01049612E-07 ,  2.06556756E-07
      25 ,       34 , -1.19707451E+00 , -1.41119842E+00 ,  3.56597206E-07 ,  6.48307426E-09
      26 ,       34 , -1.34822226E+00 , -1.22182453E+00 ,  1.61238784E-07 , -4.59230132E-08
      27 ,       34 , -1.48003225E+00 , -1.01147752E+00 ,  7.02221779E-08 , -5.84319758E-08
      28 ,       34 , -1.58859142E+00 , -7.82233255E-01 ,  1.48408168E-07 , -4.76804894E-08
      29 ,       34 , -1.67018768E+00 , -5.37247495E-01 ,  1.15635014E-06 , -2.51249664E-07
      30 ,       34 , -1.72168698E+00 , -2.80743327E-01 , -2.78177947E-06 ,  1.92675587E-06
      31 ,       34 , -1.74091368E+00 , -1.78337892E-02 ,  1.21496240E-06 , -2.56988693E-06
      32 ,       34 , -1.72695042E+00 ,  2.45820704E-01 , -7.81027741E-09 ,  2.95393865E-07
      33 ,       34 , -1.68027763E+00 ,  5.04469879E-01 ,  2.45337310E-07 ,  8.69730494E-09
      34 ,       34 , -1.60271096E+00 ,  7.52753993E-01 ,  1.88987242E-07 , -5.40053871E-08
      35 ,       34 , -1.49715276E+00 ,  9.86105234E-01 ,  1.60378426E-08 ,  1.90061338E-08
      36 ,       34 , -1.36722453E+00 ,  1.20099681E+00 , -3.32387655E-07 , -2.32790906E-07
      37 ,       34 , -1.21686846E+00 ,  1.39501675E+00 ,  1.35118801E-06 ,  2.21631587E-07
      38 ,       34 , -1.04999454E+00 ,  1.56679059E+00 , -7.23191552E-06 , -2.36132427E-06
      39 ,       34 , -8.70218690E-01 ,  1.71580365E+00 ,  7.42529048E-07 ,  3.34975937E-06
      40 ,       34 , -6.80705029E-01 ,  1.84217791E+00 , -5.72543963E-06 , -2.15421875E-06
      41 ,       34 , -4.84101328E-01 ,  1.94644738E+00 , -3.29161120E-06 ,  9.11853272E-07
      42 ,       34 , -2.82545740E-01 ,  2.02935973E+00 , -8.25314068E-07 ,  1.57324514E-06
      43 ,       34 , -7.77207252E-02 ,  2.09171660E+00 ,  3.34154530E-06 ,  6.89280619E-07
      44 ,       34 ,  1.29066040E-01 ,  2.13425481E+00 ,  4.91930790E-06 , -8.65754393E-07
      45 ,       34 ,  3.36788163E-01 ,  2.15756438E+00 ,  4.29379540E-06 , -3.45017581E-06
      46 ,       34 ,  5.44603095E-01 ,  2.16203731E+00 ,  8.43841681E-06 ,  1.02912661E-06
      47 ,       34 ,  7.51754841E-01 ,  2.14784147E+00 , -4.52958011E-07 , -3.70597579E-06
      48 ,       34 ,  9.57477761E-01 ,  2.11491549E+00 , -1.53782813E-07 , -2.12049811E-06
      49 ,       34 ,  1.16090090E+00 ,  2.06298345E+00 , -9.32116787E-07 , -9.68200725E-07
      50 ,       34 ,  1.36095216E+00 ,  1.99159088E+00 , -2.81527348E-07 , -3.64884745E-07
      51 ,       34 ,  1.55626317E+00 ,  1.90016650E+00 , -1.80562754E-06 ,  5.60326355E-07
      52 ,       34 ,  1.74507902E+00 ,  1.78811614E+00 ,  1.03838902E-06 , -1.19126541E-06
      53 ,       34 ,  1.92518182E+00 ,  1.65495613E+00 ,  4.80387109E-07 ,  1.26985225E-06
      54 ,       34 ,  2.09384409E+00 ,  1.50049136E+00 ,  3.43881265E-07 ,  1.69798797E-07
      55 ,       34 ,  2.24783472E+00 ,  1.32503678E+00 ,  4.30955661E-07 , -1.66254230E-07
      56 ,       34 ,  2.38350588E+00 ,  1.12966910E+00 ,  2.78003262E-08 ,  2.94247500E-08
      57 ,       34 ,  2.49698800E+00 ,  9.16477032E-01 ,  3.98228015E-08 ,  1.22625904E-07
      58 ,       34 ,  2.58450758E+00 ,  6.88757713E-01 ,  3.99301756E-07 , -6.02628285E-07
      59 ,       34 ,  2.64281436E+00 ,  4.51091569E-01 ,  5.66996705E-07 ,  5.69629193E-07
      60 ,       34 ,  2.66966313E+00 ,  2.09230869E-01 , -3.24365448E-07 ,  5.32069433E-06
      61 ,       34 ,  2.66425564E+00 , -3.02300239E-02 ,  2.87606706E-05 , -6.63191703E-06
       1 ,       35 ,  2.91061820E+00 , -3.25831791E-02 , -2.25963390E-05 ,  7.27233028E-06
       2 ,       35 ,  2.90836462E+00 , -2.96379029E-01 ,  9.75936043E-07 , -1.45979265E-07
       3 ,       35 ,  2.87169329E+00 , -5.60821050E-01 , -3.51813872E-07 , -3.99916834E-07
       4 ,       35 ,  2.80185799E+00 , -8.19280227E-01 ,  3.02913830E-07 , -6.69623654E-08
       5 ,       35 ,  2.70144376E+00 , -1.06607383E+00 ,  2.03546304E-08 ,  4.44832356E-09
       6 ,       35 ,  2.57392233E+00 , -1.29672912E+00 ,  1.02804733E-07 ,  1.74432368E-08
       7 ,       35 ,  2.42319304E+00 , -1.50804695E+00 ,  1.23440328E-07 ,  1.74446211E-08
       8 ,       35 ,  2.25318789E+00 , -1.69800144E+00 ,  1.17797912E-07 ,  1.82110775E-08
       9 ,       35 ,  2.06758391E+00 , -1.86553623E+00 ,  5.02559375E-08 , -4.84637624E-09
      10 ,       35 ,  1.86963075E+00 , -2.01031737E+00 , -9.36948202E-08 , -9.25697071E-08
      11 ,       35 ,  1.66207865E+00 , -2.13248891E+00 , -4.03838566E-08 , -1.71171551E-07
      12 ,       35 ,  1.44718167E+00 , -2.23245902E+00 , -1.05706368E-07 , -7.44862448E-08
      13 ,       35 ,  1.22675047E+00 , -2.31072858E+00 , -2.36744570E-07 , -3.17212718E-08
      14 ,       35 ,  1.00223338E+00 , -2.36776398E+00 , -1.79550000E-07 ,  1.13555948E-07
      15 ,       35 ,  7.74810716E-01 , -2.40390944E+00 , -7.33398212E-08 ,  6.38596510E-08
      16 ,       35 ,  5.45492929E-01 , -2.41933275E+00 , -1.96058112E-08 , -3.19885956E-08
      17 ,       35 ,  3.15217800E-01 , -2.41399797E+00 , -2.39399167E-08 , -9.62448198E-08
      18 ,       35 ,  8.49447157E-02 , -2.38766058E+00 , -7.81628303E-08 , -1.11363982E-07
      19 ,       35 , -1.44254117E-01 , -2.33988250E+00 , -7.12681996E-08 , -7.59558186E-08
      20 ,       35 , -3.71105474E-01 , -2.27006695E+00 ,  2.03680273E-08 ,  4.08111773E-09
      21 ,       35 , -5.94050782E-01 , -2.17751506E+00 , -2.99006031E-08 ,  2.02851446E-07
      22 ,       35 , -8.11168745E-01 , -2.06150819E+00 ,  6.60258562E-08 ,  2.11558138E-07
      23 ,       35 , -1.02011146E+00 , -1.92141986E+00 , -1.70617750E-07 ,  9.60966878E-08
      24 ,       35 , -1.21806497E+00 , -1.75686039E+00 ,  3.39084801E-08 , -1.54098544E-08
      25 ,       35 , -1.40174986E+00 , -1.56785253E+00 , -1.54057445E-08 , -5.46112427E-08
      26 ,       35 , -1.56748071E+00 , -1.35502901E+00 , -3.47629912E-08 , -5.46178756E-08
      27 ,       35 , -1.71130267E+00 , -1.11983106E+00 , -1.59459839E-08 , -4.71707386E-08
      28 ,       35 , -1.82921600E+00 , -8.64674419E-01 ,  7.46035437E-08 , -3.55522069E-08
      29 ,       35 , -1.91748287E+00 , -5.93038275E-01 ,  8.97525099E-07 , -2.12598129E-07
      30 ,       35 , -1.97298588E+00 , -3.09432510E-01 , -2.13255143E-06 ,  1.68612096E-06
      31 ,       35 , -1.99358104E+00 , -1.92134538E-02 ,  7.70787330E-07 , -2.26039097E-06
      32 ,       35 , -1.97837096E+00 ,  2.71747800E-01 ,  2.49595417E-08 ,  3.33358142E-07
      33 ,       35 , -1.92783031E+00 ,  5.57497677E-01 ,  1.97894891E-07 ,  6.18894411E-08
      34 ,       35 , -1.84374839E+00 ,  8.32451811E-01 ,  9.86714868E-08 , -7.64886369E-08
      35 ,       35 , -1.72900265E+00 ,  1.09177720E+00 , -1.53939907E-07 , -2.70967643E-07
      36 ,       35 , -1.58722026E+00 ,  1.33163919E+00 , -1.98750106E-07 , -5.12261268E-07
      37 ,       35 , -1.42240405E+00 ,  1.54928987E+00 ,  1.05344160E-06 ,  1.44048686E-07
      38 ,       35 , -1.23859190E+00 ,  1.74301472E+00 , -5.00018574E-06 , -1.68408948E-06
      39 ,       35 , -1.03959357E+00 ,  1.91197992E+00 ,  4.80212816E-07 ,  2.42022819E-06
      40 ,       35 , -8.28821295E-01 ,  2.05602839E+00 , -4.11655102E-06 , -1.48909360E-06
      41 ,       35 , -6.09208740E-01 ,  2.17546590E+00 , -2.70575795E-06 ,  6.12592200E-07
      42 ,       35 , -3.83200893E-01 ,  2.27086503E+00 , -1.30608643E-06 ,  1.17745187E-06
      43 ,       35 , -1.52794314E-01 ,  2.34290169E+00 ,  1.38861378E-06 ,  7.82520379E-07
      44 ,       35 ,  8.03910620E-02 ,  2.39222916E+00 ,  3.04719526E-06 , -3.44959556E-07
      45 ,       35 ,  3.15022760E-01 ,  2.41938796E+00 ,  2.11216057E-06 , -1.33942716E-06
      46 ,       35 ,  5.49958620E-01 ,  2.42474769E+00 ,  6.71741913E-06 ,  1.38719160E-06
      47 ,       35 ,  7.84146913E-01 ,  2.40847629E+00 , -9.52400358E-08 , -2.61360957E-06
      48 ,       35 ,  1.01652608E+00 ,  2.37053359E+00 ,  2.21979820E-07 , -1.52285559E-06
      49 ,       35 ,  1.24592494E+00 ,  2.31068807E+00 , -4.38627373E-07 , -6.73270376E-07
      50 ,       35 ,  1.47096433E+00 ,  2.22855843E+00 , -2.07471409E-08 , -2.18923456E-07
      51 ,       35 ,  1.68996233E+00 ,  2.12368332E+00 , -1.01526066E-06 ,  4.10379424E-07
      52 ,       35 ,  1.90084887E+00 ,  1.99562468E+00 ,  5.06843282E-07 , -6.71304979E-07
      53 ,       35 ,  2.10109953E+00 ,  1.84410970E+00 ,  5.07889606E-07 ,  8.15284543E-07
      54 ,       35 ,  2.28770444E+00 ,  1.66921368E+00 ,  1.22313872E-07 ,  2.95693508E-07
      55 ,       35 ,  2.45719389E+00 ,  1.47157932E+00 ,  4.89201344E-07 ,  4.22600181E-08
      56 ,       35 ,  2.60574498E+00 ,  1.25265635E+00 ,  1.49273032E-07 ,  1.01360826E-07
      57 ,       35 ,  2.72939096E+00 ,  1.01492913E+00 ,  1.24461608E-07 ,  6.59341308E-08
      58 ,       35 ,  2.82434130E+00 ,  7.62083084E-01 ,  3.70145967E-07 , -5.50146751E-07
      59 ,       35 ,  2.88739455E+00 ,  4.99050299E-01 ,  2.67335841E-08 ,  3.99666313E-07
      60 ,       35 ,  2.91639070E+00 ,  2.31880776E-01 , -9.96294572E-07 ,  3.16553641E-06
      61 ,       35 ,  2.91061820E+00 , -3.25831791E-02 ,  2.26349552E-05 , -6.91092917E-06
       1 ,       36 ,  3.19085464E+00 , -3.50986031E-02 , -1.73217434E-05 ,  5.21437913E-06
       2 ,       36 ,  3.18864898E+00 , -3.27143331E-01 ,  8.09794886E-07 , -1.14551450E-07
       3 ,       36 ,  3.14913307E+00 , -6.20112388E-01 , -3.35098556E-07 , -3.64984595E-07
       4 ,       36 ,  3.07347668E+00 , -9.07076467E-01 ,  1.63683633E-07 , -4.92969512E-08
       5 ,       36 ,  2.96419623E+00 , -1.18200618E+00 , -8.05121185E-08 ,  1.85268189E-10
       6 ,       36 ,  2.82474133E+00 , -1.44003623E+00 , -2.55886879E-08 ,  2.12443660E-08
       7 ,       36 ,  2.65905996E+00 , -1.67754737E+00 , -1.38151550E-08 ,  2.86688158E-08
       8 ,       36 ,  2.47121394E+00 , -1.89209391E+00 , -5.13122373E-09 ,  3.01910452E-08
       9 ,       36 ,  2.26508690E+00 , -2.08222728E+00 , -7.71942756E-09 ,  2.82740718E-08
      10 ,       36 ,  2.04419741E+00 , -2.24726932E+00 , -3.62090934E-08 ,  9.71928601E-09
      11 ,       36 ,  1.81160785E+00 , -2.38707865E+00 , -7.39967094E-08 , -1.74447549E-08
      12 ,       36 ,  1.56990905E+00 , -2.50183881E+00 , -1.35396856E-07 , -1.09425210E-07
      13 ,       36 ,  1.32125803E+00 , -2.59188255E+00 , -9.89566117E-08 , -1.74303984E-07
      14 ,       36 ,  1.06744895E+00 , -2.65755676E+00 , -1.23795887E-07 , -1.41614552E-07
      15 ,       36 ,  8.10002278E-01 , -2.69912622E+00 , -6.56346439E-08 , -9.63346169E-08
      16 ,       36 ,  5.50261721E-01 , -2.71671162E+00 , -3.75515649E-08 , -4.25050278E-08
      17 ,       36 ,  2.89493164E-01 , -2.71025692E+00 , -4.54505367E-08 , -1.76311153E-08
      18 ,       36 ,  2.89822201E-02 , -2.67952204E+00 , -2.35061227E-08 ,  1.13420655E-08
      19 ,       36 , -2.29871105E-01 , -2.62409854E+00 ,  6.07816470E-08 ,  1.04126782E-07
      20 ,       36 , -4.85461869E-01 , -2.54344809E+00 ,  3.63466130E-08 ,  2.80660218E-07
      21 ,       36 , -7.35895880E-01 , -2.43696506E+00 ,  9.52892591E-08 ,  3.44916791E-07
      22 ,       36 , -9.78915767E-01 , -2.30406580E+00 ,  1.55951107E-07 ,  2.64754589E-07
      23 ,       36 , -1.21184466E+00 , -2.14430736E+00 ,  2.11487330E-07 ,  1.23684135E-07
      24 ,       36 , -1.43155846E+00 , -1.95753607E+00 ,  2.84212826E-07 ,  7.45008594E-08
      25 ,       36 , -1.63450125E+00 , -1.74406241E+00 ,  1.80324552E-07 ,  1.27288355E-08
      26 ,       36 , -1.81676024E+00 , -1.50485073E+00 ,  1.28625380E-07 , -1.23846719E-08
      27 ,       36 , -1.97421477E+00 , -1.24170236E+00 ,  1.14883138E-07 , -2.30097994E-08
      28 ,       36 , -2.10276570E+00 , -9.57399980E-01 ,  1.73380283E-07 , -2.70077644E-08
      29 ,       36 , -2.19863601E+00 , -6.55773591E-01 ,  8.30524897E-07 , -2.10536822E-07
      30 ,       36 , -2.25871153E+00 , -3.41649987E-01 , -1.59142616E-06 ,  1.49947342E-06
      31 ,       36 , -2.28086891E+00 , -2.06632350E-02 ,  6.28695638E-07 , -1.84726263E-06
      32 ,       36 , -2.26422535E+00 ,  3.01066683E-01 ,  1.90005797E-07 ,  2.04222581E-07
      33 ,       36 , -2.20925184E+00 ,  6.17343529E-01 ,  3.12251243E-07 ,  7.59426923E-09
      34 ,       36 , -2.11772037E+00 ,  9.22321016E-01 ,  1.83438953E-07 , -1.16442356E-07
      35 ,       36 , -1.99249699E+00 ,  1.21086759E+00 , -2.60801472E-08 , -3.99932365E-07
      36 ,       36 , -1.83722949E+00 ,  1.47881105E+00 ,  2.92390485E-08 , -4.27685688E-07
      37 ,       36 , -1.65599609E+00 ,  1.72303940E+00 ,  1.09554090E-06 ,  3.55389274E-08
      38 ,       36 , -1.45297716E+00 ,  1.94146937E+00 , -3.21854352E-06 , -1.39161774E-06
      39 ,       36 , -1.23219236E+00 ,  2.13291715E+00 ,  4.97222523E-07 ,  1.69147530E-06
      40 ,       36 , -9.97321779E-01 ,  2.29691376E+00 , -2.45903596E-06 , -1.06330039E-06
      41 ,       36 , -7.51609989E-01 ,  2.43350306E+00 , -1.51145217E-06 ,  1.96119428E-07
      42 ,       36 , -4.97840139E-01 ,  2.54304996E+00 , -5.35955313E-07 ,  5.19039857E-07
      43 ,       36 , -2.38360527E-01 ,  2.62607535E+00 ,  1.35095868E-06 ,  1.35805484E-07
      44 ,       36 ,  2.48533771E-02 ,  2.68312469E+00 ,  2.71210980E-06 , -1.18317630E-06
      45 ,       36 ,  2.90115276E-01 ,  2.71467127E+00 ,  1.71609030E-06 , -2.01976068E-06
      46 ,       36 ,  5.55932617E-01 ,  2.72105202E+00 ,  4.01843289E-06 , -7.15232414E-08
      47 ,       36 ,  8.20905676E-01 ,  2.70243271E+00 , -5.06322248E-07 , -2.83947538E-06
      48 ,       36 ,  1.08362482E+00 ,  2.65880041E+00 , -3.24660798E-07 , -1.79971557E-06
      49 ,       36 ,  1.34256825E+00 ,  2.58998222E+00 , -8.56476501E-07 , -9.25286536E-07
      50 ,       36 ,  1.59600269E+00 ,  2.49569170E+00 , -5.12956061E-07 , -3.65779035E-07
      51 ,       36 ,  1.84189061E+00 ,  2.37560576E+00 , -7.91368958E-07 ,  2.06815730E-07
      52 ,       36 ,  2.07781097E+00 ,  2.22947584E+00 , -2.56039895E-07 , -2.67166714E-07
      53 ,       36 ,  2.30090400E+00 ,  2.05727634E+00 ,  3.06768514E-07 ,  2.30211400E-07
      54 ,       36 ,  2.50785573E+00 ,  1.85938986E+00 , -3.33765564E-08 ,  2.22319321E-07
      55 ,       36 ,  2.69494193E+00 ,  1.63682211E+00 ,  1.28298347E-08 ,  1.49855103E-07
      56 ,       36 ,  2.85815239E+00 ,  1.39142800E+00 ,  4.06077409E-09 ,  1.05638382E-07
      57 ,       36 ,  2.99341195E+00 ,  1.12611682E+00 , -1.84488477E-08 ,  6.93217264E-08
      58 ,       36 ,  3.09690081E+00 ,  8.44990816E-01 ,  3.55194597E-07 , -4.95788103E-07
      59 ,       36 ,  3.16545284E+00 ,  5.53364900E-01 , -1.88204840E-08 ,  2.01030170E-07
      60 ,       36 ,  3.19698114E+00 ,  2.57623808E-01 , -1.13410632E-06 ,  3.04303818E-06
      61 ,       36 ,  3.19085464E+00 , -3.50986031E-02 ,  1.72807134E-05 , -5.78153182E-06
       1 ,       37 ,  3.52180779E+00 , -3.82224469E-02 , -1.31021395E-05 ,  3.93602626E-06
       2 ,       37 ,  3.52190148E+00 , -3.63004022E-01 ,  6.86434943E-07 , -8.59958249E-08
       3 ,       37 ,  3.47985589E+00 , -6.90062090E-01 , -1.80107422E-07 , -3.01693502E-07
       4 ,       37 ,  3.39733122E+00 , -1.01139166E+00 ,  2.00750855E-07 , -3.33295783E-08
       5 ,       37 ,  3.27714239E+00 , -1.32021158E+00 ,  4.74819267E-09 , -4.81726423E-09
       6 ,       37 ,  3.12296081E+00 , -1.61104985E+00 ,  5.10169757E-08 ,  1.18703278E-08
       7 ,       37 ,  2.93895367E+00 , -1.87975485E+00 ,  6.06724220E-08 ,  1.64799911E-08
       8 ,       37 ,  2.72943733E+00 , -2.12340466E+00 ,  6.71382910E-08 ,  1.50805657E-08
       9 ,       37 ,  2.49859651E+00 , -2.34013312E+00 ,  6.73329745E-08 ,  1.05210438E-08
      10 ,       37 ,  2.25029199E+00 , -2.52890932E+00 ,  5.53386952E-08 ,  5.46123238E-09
      11 ,       37 ,  1.98795646E+00 , -2.68930647E+00 ,  3.22626889E-08 ,  1.07266599E-08
      12 ,       37 ,  1.71456476E+00 , -2.82128722E+00 ,  6.76301573E-09 ,  2.37287429E-08
      13 ,       37 ,  1.43265992E+00 , -2.92502080E+00 ,  6.68643554E-09 ,  3.79186919E-08
      14 ,       37 ,  1.14441646E+00 , -3.00073875E+00 , -3.81836653E-08 ,  1.68763799E-08
      15 ,       37 ,  8.51726221E-01 , -3.04862923E+00 , -4.03132380E-08 , -5.41546341E-09
      16 ,       37 ,  5.56295837E-01 , -3.06876716E+00 , -5.60421059E-08 , -6.43978412E-08
      17 ,       37 ,  2.59748582E-01 , -3.06107610E+00 , -6.32168731E-08 , -5.56935362E-08
      18 ,       37 , -3.62737057E-02 , -3.02531865E+00 ,  6.92607637E-09 , -1.44289054E-08
      19 ,       37 , -3.30011528E-01 , -2.96111305E+00 , -7.65547263E-08 ,  6.34971474E-08
      20 ,       37 , -6.19493896E-01 , -2.86797545E+00 , -8.97027287E-08 ,  1.35196577E-07
      21 ,       37 , -9.02453023E-01 , -2.74538889E+00 , -9.94463028E-08 ,  4.41233645E-08
      22 ,       37 , -1.17625269E+00 , -2.59290030E+00 , -5.81678780E-08 , -4.16737192E-08
      23 ,       37 , -1.43783820E+00 , -2.41024689E+00 , -5.47864686E-10 , -1.38935227E-08
      24 ,       37 , -1.68371902E+00 , -2.19751051E+00 ,  8.45017854E-09 , -1.44649235E-08
      25 ,       37 , -1.90999784E+00 , -1.95529429E+00 , -2.79608153E-08 , -2.16250215E-08
      26 ,       37 , -2.11246066E+00 , -1.68490825E+00 , -4.74611500E-08 , -2.40008448E-08
      27 ,       37 , -2.28673917E+00 , -1.38854176E+00 , -4.30177353E-08 , -2.28113162E-08
      28 ,       37 , -2.42854849E+00 , -1.06939152E+00 ,  2.61021788E-08 , -2.14665102E-08
      29 ,       37 , -2.53398781E+00 , -7.31708755E-01 ,  5.84473870E-07 , -1.62087481E-07
      30 ,       37 , -2.59987247E+00 , -3.80732792E-01 , -1.29332836E-06 ,  1.26772705E-06
      31 ,       37 , -2.62404710E+00 , -2.24934321E-02 ,  2.61639191E-07 , -1.74413106E-06
      32 ,       37 , -2.60562077E+00 ,  3.36507913E-01 ,  1.29222680E-07 ,  3.71959965E-07
      33 ,       37 , -2.54507240E+00 ,  6.89697052E-01 ,  1.97152091E-07 ,  1.45591620E-07
      34 ,       37 , -2.44420081E+00 ,  1.03084040E+00 ,  6.00632219E-08 ,  4.35026073E-08
      35 ,       37 , -2.30593005E+00 ,  1.35440248E+00 , -3.14518274E-08 , -5.17020627E-08
      36 ,       37 , -2.13401290E+00 ,  1.65579329E+00 , -1.57878375E-07 , -1.78678780E-07
      37 ,       37 , -1.93269204E+00 ,  1.93148181E+00 ,  8.91153554E-07 ,  9.44508516E-08
      38 ,       37 , -1.70637629E+00 ,  2.17898264E+00 , -2.40547871E-06 , -1.07732346E-06
      39 ,       37 , -1.45937322E+00 ,  2.39674503E+00 , -1.70138820E-08 ,  1.44573208E-06
      40 ,       37 , -1.19569882E+00 ,  2.58398204E+00 , -1.98713146E-06 , -4.32369924E-07
      41 ,       37 , -9.18966888E-01 ,  2.74047601E+00 , -1.53061082E-06 ,  3.06806648E-07
      42 ,       37 , -6.32348413E-01 ,  2.86638774E+00 , -9.16572172E-07 ,  6.27722824E-07
      43 ,       37 , -3.38586244E-01 ,  2.96208757E+00 ,  4.53976368E-07 ,  5.11235653E-07
      44 ,       37 , -4.00490514E-02 ,  3.02801729E+00 ,  1.68460968E-06 , -2.09297825E-07
      45 ,       37 ,  2.61188915E-01 ,  3.06458602E+00 ,  6.90971965E-07 ,  5.15089419E-08
      46 ,       37 ,  5.63252706E-01 ,  3.07209969E+00 ,  2.95478489E-06 ,  1.11215701E-06
      47 ,       37 ,  8.64363478E-01 ,  3.05072215E+00 , -4.37708018E-08 , -1.63072209E-06
      48 ,       37 ,  1.16273214E+00 ,  3.00046641E+00 ,  1.53990184E-07 , -9.93960831E-07
      49 ,       37 ,  1.45645354E+00 ,  2.92121556E+00 , -2.66939099E-07 , -4.43589906E-07
      50 ,       37 ,  1.74340490E+00 ,  2.81277438E+00 , -1.25846082E-07 , -8.99111936E-08
      51 ,       37 ,  2.02115374E+00 ,  2.67495382E+00 , -1.16991570E-07 ,  3.04516243E-07
      52 ,       37 ,  2.28688290E+00 ,  2.50769099E+00 , -2.55460533E-07 ,  2.08760684E-07
      53 ,       37 ,  2.53734413E+00 ,  2.31120576E+00 ,  2.07873401E-07 , -1.05979721E-07
      54 ,       37 ,  2.76885536E+00 ,  2.08619152E+00 ,  4.82036764E-09 ,  2.22427580E-07
      55 ,       37 ,  2.97735926E+00 ,  1.83403072E+00 ,  5.09094460E-08 ,  1.34880867E-07
      56 ,       37 ,  3.15855994E+00 ,  1.55701608E+00 ,  2.83414226E-08 ,  1.53233361E-07
      57 ,       37 ,  3.30814755E+00 ,  1.25854785E+00 ,  6.29763640E-08 ,  1.03508284E-07
      58 ,       37 ,  3.42210474E+00 ,  9.43269415E-01 ,  4.40369461E-07 , -4.12589157E-07
      59 ,       37 ,  3.49706497E+00 ,  6.17107118E-01 ,  1.47515120E-07 ,  1.10554078E-07
      60 ,       37 ,  3.53066418E+00 ,  2.87202676E-01 , -1.05309292E-06 ,  3.05916447E-06
      61 ,       37 ,  3.52180779E+00 , -3.82224469E-02 ,  1.29765293E-05 , -4.73081764E-06
       1 ,       38 ,  3.90124375E+00 , -4.16667007E-02 , -9.69619089E-06 ,  3.07492722E-06
       2 ,       38 ,  3.90324932E+00 , -4.03771486E-01 ,  4.80257106E-07 , -6.83705268E-08
       3 ,       38 ,  3.85823854E+00 , -7.69583784E-01 , -1.28296711E-07 , -2.39828452E-07
       4 ,       38 ,  3.76792953E+00 , -1.13001958E+00 ,  1.51362896E-07 , -1.84893329E-08
       5 ,       38 ,  3.63531388E+00 , -1.47742899E+00 , -8.24816315E-09 , -4.44717986E-09
       6 ,       38 ,  3.46429176E+00 , -1.80561939E+00 ,  2.65159497E-08 ,  9.91900402E-09
       7 ,       38 ,  3.25929986E+00 , -2.10982055E+00 ,  3.27299653E-08 ,  1.43546851E-08
       8 ,       38 ,  3.02496761E+00 , -2.38657206E+00 ,  3.66576716E-08 ,  1.42114384E-08
       9 ,       38 ,  2.76583628E+00 , -2.63354323E+00 ,  3.70996210E-08 ,  1.01754721E-08
      10 ,       38 ,  2.48616003E+00 , -2.84931199E+00 ,  3.02878438E-08 ,  2.98254319E-09
      11 ,       38 ,  2.18979068E+00 , -3.03313274E+00 ,  1.45796340E-08 , -6.99966649E-09
      12 ,       38 ,  1.88013592E+00 , -3.18471754E+00 , -6.83987706E-09 , -1.78124537E-08
      13 ,       38 ,  1.56017495E+00 , -3.30404629E+00 , -1.78238715E-08 , -2.47598682E-08
      14 ,       38 ,  1.23251489E+00 , -3.39121362E+00 , -3.18717060E-08 , -3.26649860E-08
      15 ,       38 ,  8.99473306E-01 , -3.44631461E+00 , -2.52500489E-08 , -2.59963414E-08
      16 ,       38 ,  5.63175661E-01 , -3.46936741E+00 , -5.05907175E-08 , -3.56905758E-08
      17 ,       38 ,  2.25659483E-01 , -3.46027021E+00 ,  4.98423851E-08 , -3.25557731E-08
      18 ,       38 , -1.11020131E-01 , -3.41878935E+00 , -4.76442335E-08 ,  6.05100557E-08
      19 ,       38 , -4.44687803E-01 , -3.34457689E+00 , -6.84787763E-08 ,  1.14689697E-07
      20 ,       38 , -7.72951559E-01 , -3.23721659E+00 , -1.95859337E-08 ,  5.90873087E-08
      21 ,       38 , -1.09311728E+00 , -3.09629877E+00 ,  1.08816203E-07 , -1.29403797E-09
      22 ,       38 , -1.40211995E+00 , -2.92152456E+00 ,  1.29337428E-07 ,  8.98994431E-09
      23 ,       38 , -1.69648032E+00 , -2.71283917E+00 ,  9.88450527E-08 , -3.57859366E-09
      24 ,       38 , -1.97229784E+00 , -2.47059130E+00 ,  5.31973056E-08 , -1.64593955E-08
      25 ,       38 , -2.22529315E+00 , -2.19571092E+00 ,  1.16595872E-08 , -2.23904553E-08
      26 ,       38 , -2.45091245E+00 , -1.88989069E+00 , -1.63411364E-08 , -2.36956150E-08
      27 ,       38 , -2.64450290E+00 , -1.55574831E+00 , -2.35608532E-08 , -2.25215919E-08
      28 ,       38 , -2.80155836E+00 , -1.19693940E+00 ,  2.51433835E-08 , -2.33058329E-08
      29 ,       38 , -2.91802125E+00 , -8.18187650E-01 ,  4.59364125E-07 , -1.45340116E-07
      30 ,       38 , -2.99060817E+00 , -4.25203531E-01 , -9.44818879E-07 ,  1.04929237E-06
      31 ,       38 , -3.01711167E+00 , -2.44785089E-02 ,  1.21732275E-07 , -1.47394150E-06
      32 ,       38 , -2.99662396E+00 ,  3.77033627E-01 ,  1.61967854E-07 ,  3.47324216E-07
      33 ,       38 , -2.92963612E+00 ,  7.72308649E-01 ,  1.62147418E-07 ,  1.08946675E-07
      34 ,       38 , -2.81799059E+00 ,  1.15465681E+00 , -2.77818747E-09 , -2.74804526E-08
      35 ,       38 , -2.66469607E+00 ,  1.51807627E+00 , -2.58179828E-08 , -1.11163514E-07
      36 ,       38 , -2.47364343E+00 ,  1.85750460E+00 , -8.01684216E-08 , -1.77704490E-07
      37 ,       38 , -2.24927641E+00 ,  2.16894432E+00 ,  8.64242405E-07 ,  4.85300185E-08
      38 ,       38 , -1.99627060E+00 ,  2.44946619E+00 , -1.65917504E-06 , -9.46833549E-07
      39 ,       38 , -1.71926114E+00 ,  2.69711486E+00 , -1.68971875E-07 ,  1.13423280E-06
      40 ,       38 , -1.42264145E+00 ,  2.91075100E+00 , -1.31278092E-06 , -8.97989082E-08
      41 ,       38 , -1.11043851E+00 ,  3.08986382E+00 , -1.11816173E-06 ,  2.31542684E-07
      42 ,       38 , -7.86258259E-01 ,  3.23438178E+00 , -6.86562169E-07 ,  4.64919681E-07
      43 ,       38 , -4.53288451E-01 ,  3.34450035E+00 ,  2.90074160E-07 ,  3.93407626E-07
      44 ,       38 , -1.14344386E-01 ,  3.42053814E+00 ,  1.28524282E-06 , -2.01838062E-07
      45 ,       38 ,  2.28055775E-01 ,  3.46282616E+00 ,  7.98836129E-07 ,  2.55861743E-08
      46 ,       38 ,  5.71596965E-01 ,  3.47163138E+00 ,  2.25322380E-06 ,  1.08834891E-07
      47 ,       38 ,  9.14062616E-01 ,  3.44711412E+00 ,  8.47609190E-08 , -1.32363031E-06
      48 ,       38 ,  1.25322563E+00 ,  3.38931822E+00 ,  1.07674848E-07 , -8.51322403E-07
      49 ,       38 ,  1.58673988E+00 ,  3.29819397E+00 , -2.18277906E-07 , -4.12876277E-07
      50 ,       38 ,  1.91203729E+00 ,  3.17365454E+00 , -1.46450573E-07 , -1.15492903E-07
      51 ,       38 ,  2.22623675E+00 ,  3.01566752E+00 , -1.63642996E-08 ,  1.52150957E-07
      52 ,       38 ,  2.52607371E+00 ,  2.82438291E+00 , -2.40532262E-07 ,  2.40908002E-07
      53 ,       38 ,  2.80786180E+00 ,  2.60029733E+00 ,  1.05129970E-07 , -2.58050210E-07
      54 ,       38 ,  3.06750125E+00 ,  2.34445020E+00 , -2.73276868E-08 ,  2.14641325E-07
      55 ,       38 ,  3.30054985E+00 ,  2.05864125E+00 ,  8.49139709E-08 ,  3.74883630E-08
      56 ,       38 ,  3.50237009E+00 ,  1.74565068E+00 ,  1.32191104E-07 , -6.41480812E-08
      57 ,       38 ,  3.66835878E+00 ,  1.40943510E+00 , -1.54646086E-08 ,  1.37481363E-08
      58 ,       38 ,  3.79425148E+00 ,  1.05526878E+00 ,  3.90480730E-07 , -3.31274371E-07
      59 ,       38 ,  3.87647613E+00 ,  6.89806039E-01 ,  2.17225042E-07 ,  6.31157790E-08
      60 ,       38 ,  3.91251574E+00 ,  3.21060970E-01 , -8.46552505E-07 ,  2.68941935E-06
      61 ,       38 ,  3.90124375E+00 , -4.16667007E-02 ,  9.32601228E-06 , -3.64317914E-06
       1 ,       39 ,  4.33490747E+00 , -4.54412787E-02 , -7.07080426E-06 ,  2.33203953E-06
       2 ,       39 ,  4.33855701E+00 , -4.50089470E-01 ,  3.34335646E-07 , -6.01178600E-08
       3 ,       39 ,  4.28995422E+00 , -8.59885290E-01 , -6.71448341E-08 , -1.79069800E-07
       4 ,       39 ,  4.19072526E+00 , -1.26467376E+00 ,  1.22417993E-07 , -9.55473242E-09
       5 ,       39 ,  4.04396273E+00 , -1.65586756E+00 , -1.06503857E-08 , -5.32299508E-09
       6 ,       39 ,  3.85378020E+00 , -2.02646341E+00 ,  1.52836805E-08 ,  7.25726665E-09
       7 ,       39 ,  3.62490389E+00 , -2.37098666E+00 ,  1.92589860E-08 ,  1.19718026E-08
       8 ,       39 ,  3.36231361E+00 , -2.68536392E+00 ,  2.15855006E-08 ,  1.35313605E-08
       9 ,       39 ,  3.07095231E+00 , -2.96673608E+00 ,  2.22933609E-08 ,  1.25174527E-08
      10 ,       39 ,  2.75551679E+00 , -3.21323445E+00 ,  2.00873981E-08 ,  9.01443829E-09
      11 ,       39 ,  2.42033063E+00 , -3.42374595E+00 ,  1.37513384E-08 ,  2.35348722E-09
      12 ,       39 ,  2.06929042E+00 , -3.59768962E+00 ,  1.76884816E-09 , -6.31893883E-09
      13 ,       39 ,  1.70587117E+00 , -3.73481988E+00 , -1.02391305E-08 , -1.39086508E-08
      14 ,       39 ,  1.33317560E+00 , -3.83506535E+00 , -2.19970567E-08 , -1.91417011E-08
      15 ,       39 ,  9.54012742E-01 , -3.89840624E+00 , -1.65518391E-08 , -1.47770995E-08
      16 ,       39 ,  5.70994526E-01 , -3.92479011E+00 , -3.94114440E-08 , -4.75359464E-08
      17 ,       39 ,  1.86641403E-01 , -3.91408392E+00 ,  2.65268957E-08 , -1.95336734E-08
      18 ,       39 , -1.96509630E-01 , -3.86606013E+00 , -7.79596464E-08 ,  8.91581598E-08
      19 ,       39 , -5.75799725E-01 , -3.78041499E+00 , -3.73401426E-08 ,  3.20230487E-08
      20 ,       39 , -9.48350421E-01 , -3.65681796E+00 ,  5.37472497E-08 , -9.11493696E-09
      21 ,       39 , -1.31097885E+00 , -3.49499205E+00 ,  8.70183628E-08 ,  1.38312397E-08
      22 ,       39 , -1.66013283E+00 , -3.29482438E+00 ,  5.93120966E-08 ,  8.00002763E-10
      23 ,       39 , -1.99185481E+00 , -3.05650557E+00 ,  3.29022132E-08 , -1.07714055E-08
      24 ,       39 , -2.30178565E+00 , -2.78069297E+00 ,  9.55716696E-09 , -1.66286236E-08
      25 ,       39 , -2.58522029E+00 , -2.46868860E+00 , -5.81487476E-09 , -1.74513126E-08
      26 ,       39 , -2.83722627E+00 , -2.12261564E+00 , -1.76364920E-08 , -1.61592376E-08
      27 ,       39 , -3.05283128E+00 , -1.74557035E+00 , -2.11224158E-08 , -1.45382705E-08
      28 ,       39 , -3.22727678E+00 , -1.34172027E+00 ,  1.47692389E-08 , -1.65257874E-08
      29 ,       39 , -3.35632113E+00 , -9.16318143E-01 ,  3.49418785E-07 , -1.18023076E-07
      30 ,       39 , -3.43656002E+00 , -4.75606527E-01 , -6.90683046E-07 ,  8.56674836E-07
      31 ,       39 , -3.46571867E+00 , -2.66037378E-02 ,  2.63168470E-08 , -1.21691433E-06
      32 ,       39 , -3.44286593E+00 ,  4.23215846E-01 ,  1.82843670E-07 ,  3.22172325E-07
      33 ,       39 , -3.36850852E+00 ,  8.66309030E-01 ,  1.17155043E-07 ,  8.22707251E-08
      34 ,       39 , -3.24454542E+00 ,  1.29546283E+00 , -6.76529888E-09 , -4.83024481E-08
      35 ,       39 , -3.07409098E+00 ,  1.70414573E+00 ,  6.74990344E-09 , -6.14168948E-08
      36 ,       39 , -2.86120120E+00 ,  2.08676404E+00 , -2.78229400E-08 , -1.30160495E-07
      37 ,       39 , -2.61055241E+00 ,  2.43879907E+00 ,  7.28220795E-07 ,  3.79449806E-08
      38 ,       39 , -2.32712236E+00 ,  2.75682631E+00 , -1.18203252E-06 , -7.63264131E-07
      39 ,       39 , -2.01591310E+00 ,  3.03843716E+00 , -1.60372129E-07 ,  8.68163604E-07
      40 ,       39 , -1.68173926E+00 ,  3.28209385E+00 , -8.15551634E-07 ,  6.07620189E-08
      41 ,       39 , -1.32908984E+00 ,  3.48694975E+00 , -7.88311506E-07 ,  1.64284225E-07
      42 ,       39 , -9.62059782E-01 ,  3.65266248E+00 , -4.88721225E-07 ,  3.21501309E-07
      43 ,       39 , -5.84340829E-01 ,  3.77921965E+00 ,  1.81191710E-07 ,  2.80877501E-07
      44 ,       39 , -1.99258372E-01 ,  3.86679025E+00 ,  8.78944238E-07 , -1.05919409E-07
      45 ,       39 ,  1.90158573E-01 ,  3.91560815E+00 ,  4.88822783E-07 ,  3.25504004E-07
      46 ,       39 ,  5.81085478E-01 ,  3.92589049E+00 ,  1.42163795E-06 , -1.44872729E-07
      47 ,       39 ,  9.70797500E-01 ,  3.89779168E+00 ,  8.63812959E-08 , -9.71518521E-07
      48 ,       39 ,  1.35655896E+00 ,  3.83139265E+00 ,  8.54408407E-08 , -6.53466418E-07
      49 ,       39 ,  1.73551332E+00 ,  3.72672574E+00 , -1.39617632E-07 , -3.26674890E-07
      50 ,       39 ,  2.10457997E+00 ,  3.58383559E+00 , -1.40123520E-07 , -1.00382246E-07
      51 ,       39 ,  2.46036514E+00 ,  3.40287719E+00 , -7.09805498E-08 ,  2.61141879E-08
      52 ,       39 ,  2.79909652E+00 ,  3.18425123E+00 , -2.96849816E-07 ,  1.24434119E-07
      53 ,       39 ,  3.11659319E+00 ,  2.92877531E+00 ,  2.01563826E-07 , -2.51872943E-07
      54 ,       39 ,  3.40828505E+00 ,  2.63788524E+00 ,  2.21526224E-08 ,  2.76859892E-07
      55 ,       39 ,  3.66929585E+00 ,  2.31385512E+00 ,  2.38272345E-08 ,  6.86048540E-08
      56 ,       39 ,  3.89460165E+00 ,  1.96001814E+00 ,  7.41619126E-08 ,  3.99177047E-08
      57 ,       39 ,  4.07926927E+00 ,  1.58096350E+00 ,  1.74770271E-08 ,  3.05853283E-08
      58 ,       39 ,  4.21876839E+00 ,  1.18268366E+00 ,  3.47733868E-07 , -2.32803471E-07
      59 ,       39 ,  4.30933871E+00 ,  7.72651542E-01 ,  2.13455148E-07 ,  4.41879674E-08
      60 ,       39 ,  4.34838799E+00 ,  3.59821068E-01 , -7.70469624E-07 ,  2.59461571E-06
      61 ,       39 ,  4.33490747E+00 , -4.54412787E-02 ,  6.85719492E-06 , -3.13330478E-06
       1 ,       40 ,  4.83003954E+00 , -4.95754875E-02 , -5.17574692E-06 ,  1.99057180E-06
       2 ,       40 ,  4.83524113E+00 , -5.02717807E-01 ,  1.63616310E-07 , -8.27744724E-08
       3 ,       40 ,  4.78237274E+00 , -9.62487526E-01 , -6.60232468E-08 , -1.47517338E-07
       4 ,       40 ,  4.67291581E+00 , -1.41762346E+00 ,  8.86256937E-08 , -5.44391076E-09
       5 ,       40 ,  4.51003015E+00 , -1.85852388E+00 , -1.11243191E-08 , -4.14735456E-09
       6 ,       40 ,  4.29803914E+00 , -2.27728207E+00 ,  9.83957613E-09 ,  6.38035549E-09
       7 ,       40 ,  4.04197979E+00 , -2.66762716E+00 ,  1.11512023E-08 ,  9.89913629E-09
       8 ,       40 ,  3.74721987E+00 , -3.02478918E+00 ,  1.20908468E-08 ,  1.13595884E-08
       9 ,       40 ,  3.41915167E+00 , -3.34530668E+00 ,  1.29758222E-08 ,  1.13189545E-08
      10 ,       40 ,  3.06296899E+00 , -3.62679946E+00 ,  1.31019189E-08 ,  9.52773376E-09
      11 ,       40 ,  2.68352670E+00 , -3.86773020E+00 ,  1.07340536E-08 ,  5.46618784E-09
      12 ,       40 ,  2.28527440E+00 , -4.06717592E+00 ,  3.80967790E-09 , -4.21228458E-10
      13 ,       40 ,  1.87225134E+00 , -4.22462444E+00 , -5.85482315E-09 , -6.20461514E-09
      14 ,       40 ,  1.44812786E+00 , -4.33980535E+00 , -1.43415512E-08 , -9.83883910E-09
      15 ,       40 ,  1.01627947E+00 , -4.41255962E+00 , -1.44488800E-08 , -5.33013873E-09
      16 ,       40 ,  5.79881637E-01 , -4.44274864E+00 ,  3.79009740E-09 , -5.47006261E-08
      17 ,       40 ,  1.42015789E-01 , -4.43020175E+00 ,  4.97461222E-08 , -1.18639973E-08
      18 ,       40 , -2.94221186E-01 , -4.37470018E+00 , -6.37032454E-09 , -2.71943803E-08
      19 ,       40 , -7.25610167E-01 , -4.27599604E+00 ,  6.13838429E-08 , -1.28257764E-08
      20 ,       40 , -1.14871171E+00 , -4.13386485E+00 ,  7.95343932E-08 ,  1.61059253E-08
      21 ,       40 , -1.55978310E+00 , -3.94819072E+00 ,  6.25742166E-08 ,  8.87455630E-09
      22 ,       40 , -1.95471825E+00 , -3.71908272E+00 ,  3.50733222E-08 , -4.59807001E-09
      23 ,       40 , -2.32901972E+00 , -3.44701913E+00 ,  1.32069810E-08 , -1.22021504E-08
      24 ,       40 , -2.67781379E+00 , -3.13301366E+00 , -2.32185060E-09 , -1.43685627E-08
      25 ,       40 , -2.99591952E+00 , -2.77879234E+00 , -9.94859928E-09 , -1.33513944E-08
      26 ,       40 , -3.27798101E+00 , -2.38696429E+00 , -1.45181728E-08 , -1.13080892E-08
      27 ,       40 , -3.51866692E+00 , -1.96116290E+00 , -1.58483088E-08 , -9.62671209E-09
      28 ,       40 , -3.71293157E+00 , -1.50612944E+00 ,  8.98092081E-09 , -1.16400607E-08
      29 ,       40 , -3.85631981E+00 , -1.02771121E+00 ,  2.62197989E-07 , -9.30161890E-08
      30 ,       40 , -3.94528305E+00 , -5.32752466E-01 , -5.06426974E-07 ,  6.86593392E-07
      31 ,       40 , -3.97746357E+00 , -2.88718118E-02 , -2.69922147E-08 , -9.95036689E-07
      32 ,       40 , -3.95190044E+00 ,  4.75859694E-01 ,  1.91492766E-07 ,  2.99828493E-07
      33 ,       40 , -3.86911963E+00 ,  9.73303195E-01 ,  1.03465781E-07 ,  7.67742577E-08
      34 ,       40 , -3.73109014E+00 ,  1.45564740E+00 ,  1.56719135E-08 ,  2.28839748E-08
      35 ,       40 , -3.54105397E+00 ,  1.91575940E+00 , -6.40432116E-08 , -1.94075287E-08
      36 ,       40 , -3.30326129E+00 ,  2.34744663E+00 , -1.22051702E-08 , -9.85564872E-08
      37 ,       40 , -3.02265584E+00 ,  2.74560564E+00 ,  3.60968311E-07 ,  2.33170497E-08
      38 ,       40 , -2.70455737E+00 ,  3.10625678E+00 , -7.85782889E-07 , -4.52584614E-07
      39 ,       40 , -2.35437983E+00 ,  3.42648161E+00 , -6.02796515E-08 ,  4.94766791E-07
      40 ,       40 , -1.97740956E+00 ,  3.70429091E+00 , -5.17701282E-07 ,  5.54572298E-08
      41 ,       40 , -1.57865384E+00 ,  3.93845346E+00 , -5.57546596E-07 ,  1.13508769E-07
      42 ,       40 , -1.16275871E+00 ,  4.12831245E+00 , -3.54348961E-07 ,  2.20647196E-07
      43 ,       40 , -7.33987456E-01 ,  4.27361054E+00 ,  1.01146745E-07 ,  2.01075181E-07
      44 ,       40 , -2.96247899E-01 ,  4.37433748E+00 ,  5.87817790E-07 ,  6.58057652E-09
      45 ,       40 ,  1.46843998E-01 ,  4.43060877E+00 ,  4.37509588E-07 ,  6.78452729E-07
      46 ,       40 ,  5.91875555E-01 ,  4.44257962E+00 ,  1.28146572E-06 , -2.91613128E-07
      47 ,       40 ,  1.03553361E+00 ,  4.41039584E+00 ,  1.23362004E-07 , -6.87114142E-07
      48 ,       40 ,  1.47449381E+00 ,  4.33418248E+00 ,  5.68374622E-08 , -4.91818493E-07
      49 ,       40 ,  1.90531027E+00 ,  4.21407045E+00 , -8.98557349E-08 , -2.50097521E-07
      50 ,       40 ,  2.32431326E+00 ,  4.05026176E+00 , -1.13361869E-07 , -8.62345018E-08
      51 ,       40 ,  2.72752310E+00 ,  3.84313351E+00 , -4.41488827E-08 , -1.79885818E-08
      52 ,       40 ,  3.11059061E+00 ,  3.59338021E+00 , -3.13572584E-07 ,  6.80511651E-08
      53 ,       40 ,  3.46877585E+00 ,  3.30219133E+00 ,  1.86358661E-07 , -2.13298154E-07
      54 ,       40 ,  3.79697886E+00 ,  2.97145769E+00 ,  7.03747706E-08 ,  2.38447610E-07
      55 ,       40 ,  4.08983536E+00 ,  2.60399448E+00 ,  2.64812050E-08 ,  4.53881996E-08
      56 ,       40 ,  4.34188789E+00 ,  2.20376347E+00 ,  8.32312459E-09 ,  3.34743695E-08
      57 ,       40 ,  4.54783665E+00 ,  1.77607166E+00 ,  1.47861882E-08 ,  2.20340513E-08
      58 ,       40 ,  4.70286554E+00 ,  1.32772282E+00 ,  2.63915023E-07 , -1.84252150E-07
      59 ,       40 ,  4.80303129E+00 ,  8.67102039E-01 ,  2.47431333E-07 , -4.32302430E-08
      60 ,       40 ,  4.84570181E+00 ,  4.04179902E-01 , -2.72764339E-07 ,  1.74846671E-06
      61 ,       40 ,  4.83003954E+00 , -4.95754875E-02 ,  4.47033772E-06 , -2.20916772E-06
       1 ,       41 ,  5.39503304E+00 , -5.41036892E-02 , -3.66199130E-06 ,  1.49913502E-06
       2 ,       41 ,  5.40181170E+00 , -5.62517270E-01 ,  1.37478472E-07 , -3.85310486E-08
       3 ,       41 ,  5.34395246E+00 , -1.07911993E+00 ,  5.40316430E-09 , -7.47470231E-08
       4 ,       41 ,  5.22277879E+00 , -1.59146499E+00 ,  8.34114034E-08 ,  5.81799634E-09
       5 ,       41 ,  5.04150811E+00 , -2.08884045E+00 , -6.88382788E-09 , -1.99437128E-09
       6 ,       41 ,  4.80468190E+00 , -2.56233296E+00 ,  4.25802448E-09 ,  4.62909809E-09
       7 ,       41 ,  4.51767523E+00 , -3.00477451E+00 ,  3.52116188E-09 ,  7.06498561E-09
       8 ,       41 ,  4.18628617E+00 , -3.41060542E+00 ,  5.26241774E-09 ,  8.65003515E-09
       9 ,       41 ,  3.81640956E+00 , -3.77567838E+00 ,  7.01752527E-09 ,  9.34486975E-09
      10 ,       41 ,  3.41379741E+00 , -4.09702784E+00 ,  8.20111964E-09 ,  8.94643492E-09
      11 ,       41 ,  2.98390349E+00 , -4.37262764E+00 ,  7.40084524E-09 ,  7.10843463E-09
      12 ,       41 ,  2.53180352E+00 , -4.60115715E+00 ,  3.72587497E-09 ,  3.88012677E-09
      13 ,       41 ,  2.06217889E+00 , -4.78179107E+00 , -2.13793517E-09 ,  1.78479070E-10
      14 ,       41 ,  1.57934957E+00 , -4.91402281E+00 , -6.06441014E-09 , -1.97963610E-09
      15 ,       41 ,  1.08734275E+00 , -4.99752663E+00 , -1.98067602E-08 ,  2.32840798E-09
      16 ,       41 ,  5.89984885E-01 , -5.03206041E+00 ,  2.06766531E-08 , -4.54657154E-08
      17 ,       41 ,  9.10068827E-02 , -5.01740860E+00 , -2.92859229E-08 ,  3.96069024E-08
      18 ,       41 , -4.05846084E-01 , -4.95336421E+00 ,  6.76147884E-08 ,  6.76650580E-08
      19 ,       41 , -8.96707562E-01 , -4.83974827E+00 ,  9.16139645E-08 ,  4.51353474E-08
      20 ,       41 , -1.37749263E+00 , -4.67646509E+00 ,  6.19728185E-08 ,  1.18884574E-08
      21 ,       41 , -1.84381796E+00 , -4.46359179E+00 ,  3.88670027E-08 , -1.94764644E-09
      22 ,       41 , -2.29094753E+00 , -4.20149955E+00 ,  1.90718536E-08 , -9.36846592E-09
      23 ,       41 , -2.71377363E+00 , -3.89100190E+00 ,  3.25463229E-09 , -1.22780191E-08
      24 ,       41 , -3.10684370E+00 , -3.53352269E+00 , -7.21214266E-09 , -1.18458365E-08
      25 ,       41 , -3.46444295E+00 , -3.13127099E+00 , -1.14439044E-08 , -9.86596774E-09
      26 ,       41 , -3.78074037E+00 , -2.68740533E+00 , -1.22690714E-08 , -7.71279705E-09
      27 ,       41 , -4.04999993E+00 , -2.20616362E+00 , -1.14247469E-08 , -6.15068676E-09
      28 ,       41 , -4.26684924E+00 , -1.69293233E+00 ,  6.18592969E-09 , -7.62252889E-09
      29 ,       41 , -4.42658637E+00 , -1.15422893E+00 ,  1.94928201E-07 , -7.05736781E-08
      30 ,       41 , -4.52549273E+00 , -5.97579352E-01 , -3.74728276E-07 ,  5.41596112E-07
      31 ,       41 , -4.56111063E+00 , -3.12863334E-02 , -5.18399928E-08 , -8.03029235E-07
      32 ,       41 , -4.53244259E+00 ,  5.35896007E-01 ,  1.78238060E-07 ,  2.61801265E-07
      33 ,       41 , -4.44003791E+00 ,  1.09514620E+00 ,  6.96115650E-08 ,  4.13366525E-08
      34 ,       41 , -4.28595032E+00 ,  1.63796931E+00 , -2.33598323E-09 , -1.36777593E-08
      35 ,       41 , -4.07357386E+00 ,  2.15654905E+00 , -3.44885423E-08 , -5.86246673E-08
      36 ,       41 , -3.80738543E+00 ,  2.64401620E+00 ,  2.59378647E-08 , -4.93270282E-08
      37 ,       41 , -3.49263564E+00 ,  3.09460935E+00 , -3.21666767E-08 ,  6.44308306E-09
      38 ,       41 , -3.13503209E+00 ,  3.50372467E+00 , -3.82289438E-07 , -1.16478798E-07
      39 ,       41 , -2.74045257E+00 ,  3.86786915E+00 , -7.01114749E-08 ,  8.92208394E-08
      40 ,       41 , -2.31471335E+00 ,  4.18454186E+00 , -3.45405026E-07 ,  1.93470857E-08
      41 ,       41 , -1.86340470E+00 ,  4.45207184E+00 , -3.83354016E-07 ,  8.68892304E-08
      42 ,       41 , -1.39179481E+00 ,  4.66943906E+00 , -2.48350796E-07 ,  1.67865673E-07
      43 ,       41 , -9.04795516E-01 ,  4.83609965E+00 ,  7.88648126E-08 ,  1.50806918E-07
      44 ,       41 , -4.06979208E-01 ,  4.95183111E+00 ,  4.29017016E-07 , -6.27359239E-08
      45 ,       41 ,  9.73649624E-02 ,  5.01660699E+00 ,  1.27145513E-07 ,  3.09324489E-07
      46 ,       41 ,  6.04147092E-01 ,  5.03050703E+00 ,  3.44971808E-07 , -7.51729784E-07
      47 ,       41 ,  1.10937515E+00 ,  4.99366556E+00 ,  1.45824231E-07 , -4.97363672E-07
      48 ,       41 ,  1.60904542E+00 ,  4.90625950E+00 ,  3.79032894E-08 , -3.71009994E-07
      49 ,       41 ,  2.09903329E+00 ,  4.76853693E+00 , -5.64590018E-08 , -1.89654283E-07
      50 ,       41 ,  2.57499299E+00 ,  4.58088615E+00 , -8.59426954E-08 , -7.14257552E-08
      51 ,       41 ,  3.03227568E+00 ,  4.34394544E+00 , -2.21442698E-08 , -2.16699070E-08
      52 ,       41 ,  3.46587655E+00 ,  4.05875163E+00 , -2.43406640E-07 ,  4.66540138E-08
      53 ,       41 ,  3.87042321E+00 ,  3.72692382E+00 ,  1.10368591E-07 , -1.45604467E-07
      54 ,       41 ,  4.24021822E+00 ,  3.35087447E+00 ,  6.67922468E-08 ,  1.60934151E-07
      55 ,       41 ,  4.56934841E+00 ,  2.93403571E+00 ,  1.80784524E-08 ,  3.58877042E-08
      56 ,       41 ,  4.85187030E+00 ,  2.48108327E+00 ,  1.56485191E-08 ,  1.50580275E-08
      57 ,       41 ,  5.08207617E+00 ,  1.99813683E+00 ,  2.57850383E-08 ,  2.21729977E-09
      58 ,       41 ,  5.25483834E+00 ,  1.49291390E+00 ,  1.66797142E-07 , -1.10885693E-07
      59 ,       41 ,  5.36602407E+00 ,  9.74815994E-01 ,  1.36103795E-07 , -4.31042756E-09
      60 ,       41 ,  5.41297282E+00 ,  4.54926904E-01 , -5.25295923E-07 ,  2.33216752E-06
      61 ,       41 ,  5.39503304E+00 , -5.41036892E-02 ,  3.75784834E-06 , -2.72108144E-06
       1 ,       42 ,  6.03952084E+00 , -5.90644445E-02 , -2.62827441E-06 ,  1.32907270E-06
       2 ,       42 ,  6.04798095E+00 , -6.30467533E-01 ,  3.01648335E-08 , -5.79141979E-08
       3 ,       42 ,  5.98433669E+00 , -1.21174597E+00 , -2.40171616E-08 , -7.30863947E-08
       4 ,       42 ,  5.84975549E+00 , -1.78914863E+00 ,  5.37440951E-08 ,  3.15742285E-09
       5 ,       42 ,  5.64751711E+00 , -2.35073460E+00 , -7.15982418E-09 , -3.03857313E-09
       6 ,       42 ,  5.38239956E+00 , -2.88646587E+00 ,  1.38617331E-09 ,  3.20792702E-09
       7 ,       42 ,  5.06015040E+00 , -3.38816439E+00 ,  1.53643562E-11 ,  4.99427970E-09
       8 ,       42 ,  4.68704688E+00 , -3.84937637E+00 ,  1.69016697E-09 ,  6.46929057E-09
       9 ,       42 ,  4.26954673E+00 , -4.26517451E+00 ,  3.04612609E-09 ,  7.41830646E-09
      10 ,       42 ,  3.81402964E+00 , -4.63192420E+00 ,  4.04244955E-09 ,  7.74558327E-09
      11 ,       42 ,  3.32662514E+00 , -4.94703715E+00 ,  3.87220535E-09 ,  7.31873833E-09
      12 ,       42 ,  2.81311839E+00 , -5.20873208E+00 ,  2.26352501E-09 ,  6.04962984E-09
      13 ,       42 ,  2.27892162E+00 , -5.41581796E+00 , -3.16887860E-10 ,  4.17927256E-09
      14 ,       42 ,  1.72909772E+00 , -5.56751011E+00 ,  5.32855631E-10 ,  4.33816314E-09
      15 ,       42 ,  1.16842245E+00 , -5.66328521E+00 , -2.33312558E-08 ,  6.89697323E-09
      16 ,       42 ,  6.01472469E-01 , -5.70277801E+00 ,  4.62701692E-08 , -2.80363052E-08
      17 ,       42 ,  3.27286021E-02 , -5.68571997E+00 , -4.63539902E-08 , -5.10481624E-08
      18 ,       42 , -5.33315435E-01 , -5.61191924E+00 ,  1.18209020E-08 , -2.91539737E-09
      19 ,       42 , -1.09204710E+00 , -5.48128036E+00 ,  2.52185513E-08 ,  1.32980927E-09
      20 ,       42 , -1.63864007E+00 , -5.29386195E+00 ,  2.04431669E-08 , -4.79824428E-09
      21 ,       42 , -2.16797858E+00 , -5.04996991E+00 ,  1.35430661E-08 , -9.62990543E-09
      22 ,       42 , -2.67461007E+00 , -4.75028267E+00 ,  4.65747127E-09 , -1.20929935E-08
      23 ,       42 , -3.15273612E+00 , -4.39600260E+00 , -3.03670776E-09 , -1.16995262E-08
      24 ,       42 , -3.59625154E+00 , -3.98902453E+00 , -7.89148048E-09 , -9.57390002E-09
      25 ,       42 , -3.99884104E+00 , -3.53210771E+00 , -9.63971655E-09 , -7.11276447E-09
      26 ,       42 , -4.35413894E+00 , -3.02903260E+00 , -9.21569950E-09 , -5.08020658E-09
      27 ,       42 , -4.65595203E+00 , -2.48471916E+00 , -7.60582343E-09 , -3.74228626E-09
      28 ,       42 , -4.89853591E+00 , -1.90528128E+00 ,  5.01838934E-09 , -4.71376891E-09
      29 ,       42 , -5.07690440E+00 , -1.29799375E+00 ,  1.43600070E-07 , -5.18181995E-08
      30 ,       42 , -5.18714014E+00 , -6.71155921E-01 , -2.80856549E-07 ,  4.19348560E-07
      31 ,       42 , -5.22666683E+00 , -3.38503609E-02 , -5.34719959E-08 , -6.37545523E-07
      32 ,       42 , -5.19444307E+00 ,  6.04387477E-01 ,  1.65365151E-07 ,  2.24586449E-07
      33 ,       42 , -5.09104610E+00 ,  1.23395473E+00 ,  6.39829293E-08 ,  3.77361643E-08
      34 ,       42 , -4.91863080E+00 ,  1.84557564E+00 , -1.06051402E-09 , -3.29310046E-09
      35 ,       42 , -4.68077041E+00 ,  2.43065684E+00 , -1.49802366E-08 , -2.21101320E-08
      36 ,       42 , -4.38220524E+00 ,  2.98156328E+00 ,  9.14312626E-08 , -2.04668129E-09
      37 ,       42 , -4.02853778E+00 ,  3.49179128E+00 , -1.93743751E-07 , -4.48774614E-08
      38 ,       42 , -3.62591603E+00 ,  3.95603368E+00 , -1.38482487E-07 ,  5.43266686E-08
      39 ,       42 , -3.18074145E+00 ,  4.37014879E+00 , -1.83732348E-07 , -7.00259393E-08
      40 ,       42 , -2.69942728E+00 ,  4.73105541E+00 , -2.43218728E-07 ,  1.35777548E-08
      41 ,       42 , -2.18822105E+00 ,  5.03658056E+00 , -2.75270243E-07 ,  6.76389757E-08
      42 ,       42 , -1.65309439E+00 ,  5.28528595E+00 , -1.90955440E-07 ,  1.24894877E-07
      43 ,       42 , -1.09969544E+00 ,  5.47629469E+00 ,  1.67630699E-08 ,  1.29474971E-07
      44 ,       42 , -5.33354515E-01 ,  5.60913508E+00 ,  1.99688530E-07 ,  7.39862599E-08
      45 ,       42 ,  4.08682384E-02 ,  5.68361235E+00 , -1.87334206E-07 ,  6.72247309E-07
      46 ,       42 ,  6.18104771E-01 ,  5.69971576E+00 , -3.33065792E-08 , -3.20262095E-07
      47 ,       42 ,  1.19358162E+00 ,  5.65756488E+00 ,  1.74799469E-07 , -3.60507442E-07
      48 ,       42 ,  1.76251304E+00 ,  5.55739734E+00 ,  3.22684577E-08 , -2.74608581E-07
      49 ,       42 ,  2.31999431E+00 ,  5.39959911E+00 , -3.28487894E-08 , -1.40532636E-07
      50 ,       42 ,  2.86090503E+00 ,  5.18477736E+00 , -6.40316632E-08 , -5.59350745E-08
      51 ,       42 ,  3.37983251E+00 ,  4.91387540E+00 , -1.52618178E-08 , -1.62793822E-08
      52 ,       42 ,  3.87102672E+00 ,  4.58832718E+00 , -1.62449388E-07 ,  3.72053777E-08
      53 ,       42 ,  4.32839906E+00 ,  4.21024667E+00 ,  5.35536205E-08 , -8.62280700E-08
      54 ,       42 ,  4.74557775E+00 ,  3.78264356E+00 ,  3.83512214E-08 ,  9.32225013E-08
      55 ,       42 ,  5.11603164E+00 ,  3.30965272E+00 ,  7.36814906E-09 ,  3.46225120E-08
      56 ,       42 ,  5.43327167E+00 ,  2.79676014E+00 ,  6.08056273E-09 ,  1.67298075E-08
      57 ,       42 ,  5.69113453E+00 ,  2.25100446E+00 ,  1.90890788E-08 ,  9.58916964E-09
      58 ,       42 ,  5.88414803E+00 ,  1.68113159E+00 ,  1.21005370E-07 , -7.45746708E-08
      59 ,       42 ,  6.00797354E+00 ,  1.09767891E+00 ,  1.64657972E-07 , -2.43900302E-09
      60 ,       42 ,  6.05991951E+00 ,  5.12963142E-01 , -2.84458535E-07 , -4.75139119E-07
      61 ,       42 ,  6.03952084E+00 , -5.90644445E-02 ,  2.39881830E-06 ,  7.91795435E-08
       1 ,       43 ,  6.77452481E+00 , -6.45006704E-02 , -1.96851792E-06 ,  9.58861944E-07
       2 ,       43 ,  6.78483061E+00 , -7.07686013E-01 ,  6.32582671E-09 , -3.82285275E-08
       3 ,       43 ,  6.71452057E+00 , -1.36259922E+00 , -8.10322249E-09 , -3.61504652E-08
       4 ,       43 ,  6.56461196E+00 , -2.01402977E+00 ,  4.39104369E-08 ,  6.72686706E-09
       5 ,       43 ,  6.33846052E+00 , -2.64866405E+00 , -4.65854422E-09 , -1.66557992E-09
       6 ,       43 ,  6.04110783E+00 , -3.25520299E+00 , -9.87799085E-10 ,  2.40501347E-09
       7 ,       43 ,  5.67871640E+00 , -3.82433058E+00 , -2.71531267E-09 ,  3.49939739E-09
       8 ,       43 ,  5.25809934E+00 , -4.34858122E+00 , -2.29224874E-09 ,  4.51317069E-09
       9 ,       43 ,  4.78634623E+00 , -4.82214117E+00 , -8.81992197E-10 ,  5.48962940E-09
      10 ,       43 ,  4.27054351E+00 , -5.24061202E+00 , -3.92487380E-11 ,  6.03349893E-09
      11 ,       43 ,  3.71758416E+00 , -5.60076024E+00 ,  2.22392158E-10 ,  6.44551301E-09
      12 ,       43 ,  3.13405760E+00 , -5.90027252E+00 , -1.56565565E-10 ,  6.57378552E-09
      13 ,       43 ,  2.52620798E+00 , -6.13753261E+00 , -5.77986013E-10 ,  6.27427053E-09
      14 ,       43 ,  1.89994731E+00 , -6.31143041E+00 ,  3.36219361E-09 ,  8.95048141E-09
      15 ,       43 ,  1.26090998E+00 , -6.42121019E+00 , -1.38904740E-08 ,  4.20822142E-09
      16 ,       43 ,  6.14535655E-01 , -6.46636146E+00 ,  1.00262847E-07 , -4.08523340E-09
      17 ,       43 , -3.38309489E-02 , -6.44655355E+00 ,  3.85262087E-08 , -5.39973234E-08
      18 ,       43 , -6.78833745E-01 , -6.36161347E+00 ,  4.98850036E-08 ,  1.95448149E-08
      19 ,       43 , -1.31500197E+00 , -6.21154572E+00 ,  3.59778021E-08 ,  7.33572458E-09
      20 ,       43 , -1.93665891E+00 , -5.99659184E+00 ,  2.18313326E-08 , -4.72555963E-09
      21 ,       43 , -2.53785188E+00 , -5.71732673E+00 ,  9.11241842E-09 , -1.12729493E-08
      22 ,       43 , -3.11231310E+00 , -5.37478695E+00 , -5.51575243E-10 , -1.25382399E-08
      23 ,       43 , -3.65346137E+00 , -4.97062420E+00 , -5.56535436E-09 , -1.05795376E-08
      24 ,       43 , -4.15445446E+00 , -4.50727329E+00 , -6.86122340E-09 , -7.61025115E-09
      25 ,       43 , -4.60829991E+00 , -3.98812005E+00 , -6.44703669E-09 , -5.01291084E-09
      26 ,       43 , -5.00802889E+00 , -3.41764984E+00 , -5.48319694E-09 , -3.19298289E-09
      27 ,       43 , -5.34693077E+00 , -2.80155362E+00 , -4.12751087E-09 , -2.11331489E-09
      28 ,       43 , -5.61883750E+00 , -2.14676733E+00 ,  4.53281197E-09 , -2.68785302E-09
      29 ,       43 , -5.81843624E+00 , -1.46142310E+00 ,  1.04321294E-07 , -3.63197156E-08
      30 ,       43 , -5.94157866E+00 , -7.54698810E-01 , -2.15360640E-07 ,  3.18313605E-07
      31 ,       43 , -5.98554921E+00 , -3.65661237E-02 , -4.45986322E-08 , -4.93057212E-07
      32 ,       43 , -5.94925459E+00 ,  6.82546371E-01 ,  1.49869849E-07 ,  1.93018221E-07
      33 ,       43 , -5.83330522E+00 ,  1.39214209E+00 ,  4.04575657E-08 ,  4.31802859E-08
      34 ,       43 , -5.63997541E+00 ,  2.08205389E+00 , -9.86701355E-09 ,  7.30053628E-09
      35 ,       43 , -5.37304810E+00 ,  2.74280421E+00 , -2.59657277E-09 , -1.88295453E-08
      36 ,       43 , -5.03756845E+00 ,  3.36589000E+00 ,  7.93664062E-08 ,  2.19406089E-09
      37 ,       43 , -4.63954205E+00 ,  3.94396864E+00 , -1.78971902E-07 , -6.97880538E-08
      38 ,       43 , -4.18561752E+00 ,  4.47093876E+00 , -1.09810698E-08 ,  8.45624121E-08
      39 ,       43 , -3.68278871E+00 ,  4.94192531E+00 , -1.54595177E-07 , -3.25721886E-08
      40 ,       43 , -3.13814288E+00 ,  5.35318872E+00 , -1.72648186E-07 ,  1.23381270E-08
      41 ,       43 , -2.55867000E+00 ,  5.70198345E+00 , -1.93827884E-07 ,  5.30082760E-08
      42 ,       43 , -1.95113808E+00 ,  5.98639087E+00 , -1.33157186E-07 ,  9.41538614E-08
      43 ,       43 , -1.32203160E+00 ,  6.20514877E+00 ,  2.81815585E-08 ,  9.28048337E-08
      44 ,       43 , -6.77544982E-01 ,  6.35749482E+00 ,  2.09299734E-07 ,  1.76399529E-08
      45 ,       43 , -2.36204271E-02 ,  6.44303644E+00 ,  4.30420068E-08 ,  3.65824774E-07
      46 ,       43 ,  6.33981434E-01 ,  6.46165561E+00 ,  2.19664901E-07 , -4.16449124E-07
      47 ,       43 ,  1.28958946E+00 ,  6.41345356E+00 ,  2.00358404E-07 , -2.31262200E-07
      48 ,       43 ,  1.93751944E+00 ,  6.29873853E+00 ,  1.83564622E-08 , -1.99057975E-07
      49 ,       43 ,  2.57197159E+00 ,  6.11805774E+00 , -2.13965386E-08 , -1.01773582E-07
      50 ,       43 ,  3.18693888E+00 ,  5.87227380E+00 , -4.95134108E-08 , -4.14877891E-08
      51 ,       43 ,  3.77613714E+00 ,  5.56268450E+00 , -1.39436281E-08 , -1.16520284E-08
      52 ,       43 ,  4.33296906E+00 ,  5.19118277E+00 , -1.15075017E-07 ,  3.05145105E-08
      53 ,       43 ,  4.85053449E+00 ,  4.76045123E+00 ,  3.68795008E-08 , -5.71079885E-08
      54 ,       43 ,  5.32169963E+00 ,  4.27418236E+00 ,  1.30496462E-08 ,  5.61012025E-08
      55 ,       43 ,  5.73923671E+00 ,  3.73731097E+00 ,  6.66148147E-09 ,  2.51519079E-08
      56 ,       43 ,  6.09604297E+00 ,  3.15624200E+00 ,  4.46489312E-09 ,  1.05352412E-08
      57 ,       43 ,  6.38544407E+00 ,  2.53905297E+00 ,  1.68639042E-09 ,  9.97793979E-09
      58 ,       43 ,  6.60158270E+00 ,  1.89564807E+00 ,  8.17103867E-08 , -4.53214692E-08
      59 ,       43 ,  6.73988942E+00 ,  1.23783860E+00 ,  1.15464736E-07 , -1.71064804E-08
      60 ,       43 ,  6.79763062E+00 ,  5.79319357E-01 , -2.13580665E-07 ,  1.24513945E-06
      61 ,       43 ,  6.77452481E+00 , -6.45006704E-02 ,  1.87198325E-06 , -1.46771560E-06
       1 ,       44 ,  7.61263805E+00 , -7.04599961E-02 , -1.42229997E-06 ,  7.90806231E-07
       2 ,       44 ,  7.62500468E+00 , -7.95447625E-01 , -1.23725011E-08 , -2.26226744E-08
       3 ,       44 ,  7.54704353E+00 , -1.53422328E+00 , -5.68370007E-09 , -1.73460063E-08
       4 ,       44 ,  7.37962666E+00 , -2.26992784E+00 ,  3.18214181E-08 ,  7.22481852E-09
       5 ,       44 ,  7.12620509E+00 , -2.98770396E+00 , -2.71638839E-09 , -2.06593882E-09
       6 ,       44 ,  6.79211892E+00 , -3.67483359E+00 , -1.68496931E-09 ,  1.73525326E-09
       7 ,       44 ,  6.38399656E+00 , -4.32071678E+00 , -2.19948660E-09 ,  3.69353903E-09
       8 ,       44 ,  5.90925289E+00 , -4.91674264E+00 , -7.21929851E-09 ,  2.89714456E-09
       9 ,       44 ,  5.37568837E+00 , -5.45609039E+00 , -4.98605213E-09 ,  3.63232772E-09
      10 ,       44 ,  4.79118652E+00 , -5.93349039E+00 , -4.46758349E-09 ,  4.07436285E-09
      11 ,       44 ,  4.16350368E+00 , -6.34496962E+00 , -4.26862301E-09 ,  5.04988479E-09
      12 ,       44 ,  3.50014171E+00 , -6.68760191E+00 , -4.06420734E-09 ,  6.29224803E-09
      13 ,       44 ,  2.80829180E+00 , -6.95927840E+00 , -3.12337983E-09 ,  7.66665982E-09
      14 ,       44 ,  2.09483595E+00 , -7.15851006E+00 , -1.82160475E-10 ,  1.28565300E-08
      15 ,       44 ,  1.36639241E+00 , -7.28426939E+00 , -2.94652624E-09 ,  2.84217637E-09
      16 ,       44 ,  6.29391985E-01 , -7.33587577E+00 ,  1.82201369E-08 ,  5.82879933E-08
      17 ,       44 , -1.09827166E-01 , -7.31292603E+00 , -1.36292100E-08 ,  3.36204228E-09
      18 ,       44 , -8.44917307E-01 , -7.21527022E+00 ,  3.02246209E-08 ,  1.58938011E-08
      19 ,       44 , -1.56942204E+00 , -7.04303123E+00 ,  2.18107518E-08 , -4.84510273E-09
      20 ,       44 , -2.27669032E+00 , -6.79666580E+00 ,  1.18191013E-08 , -1.33606238E-08
      21 ,       44 , -2.95981362E+00 , -6.47706309E+00 ,  3.72912152E-09 , -1.54417386E-08
      22 ,       44 , -3.61159631E+00 , -6.08567528E+00 , -1.62876772E-09 , -1.33207819E-08
      23 ,       44 , -4.22456936E+00 , -5.62467184E+00 , -3.78430987E-09 , -9.61272969E-09
      24 ,       44 , -4.79105661E+00 , -5.09710591E+00 , -3.41514350E-09 , -6.12696707E-09
      25 ,       44 , -5.30330060E+00 , -4.50707698E+00 , -2.19802287E-09 , -3.56271454E-09
      26 ,       44 , -5.75365069E+00 , -3.85987021E+00 , -1.20782618E-09 , -1.96193960E-09
      27 ,       44 , -6.13480988E+00 , -3.16204954E+00 , -4.16370734E-10 , -1.09798271E-09
      28 ,       44 , -6.44012757E+00 , -2.42148157E+00 ,  5.04371299E-09 , -1.33309265E-09
      29 ,       44 , -6.66391622E+00 , -1.64727057E+00 ,  7.47915866E-08 , -2.38606682E-08
      30 ,       44 , -6.80176044E+00 , -8.49593183E-01 , -1.69697600E-07 ,  2.35005812E-07
      31 ,       44 , -6.85078249E+00 , -3.94347938E-02 , -3.20268176E-08 , -3.73991706E-07
      32 ,       44 , -6.80982837E+00 ,  7.71755608E-01 ,  1.23668927E-07 ,  1.45499032E-07
      33 ,       44 , -6.67954769E+00 ,  1.57245999E+00 ,  2.30366994E-08 ,  1.24320098E-08
      34 ,       44 , -6.46235468E+00 ,  2.35149380E+00 ,  3.29748759E-09 , -1.99542207E-08
      35 ,       44 , -6.16227629E+00 ,  3.09837318E+00 ,  3.70760429E-08 , -1.00276106E-08
      36 ,       44 , -5.78470937E+00 ,  3.80361009E+00 , -1.50489539E-08 , -1.28304191E-08
      37 ,       44 , -5.33612102E+00 ,  4.45891213E+00 , -1.08141347E-07 , -3.05254725E-08
      38 ,       44 , -4.82372932E+00 ,  5.05727968E+00 , -6.37559220E-09 ,  4.91614245E-08
      39 ,       44 , -4.25519934E+00 ,  5.59300745E+00 , -9.79447537E-08 , -8.68272183E-09
      40 ,       44 , -3.63838078E+00 ,  6.06160862E+00 , -1.22256385E-07 ,  1.10800887E-08
      41 ,       44 , -2.98110363E+00 ,  6.45968493E+00 , -1.38245102E-07 ,  4.50769239E-08
      42 ,       44 , -2.29103851E+00 ,  6.78476728E+00 , -1.00968705E-07 ,  7.88759748E-08
      43 ,       44 , -1.57562033E+00 ,  7.03514920E+00 ,  8.57298976E-09 ,  8.21720184E-08
      44 ,       44 , -8.42028464E-01 ,  7.20973117E+00 ,  1.37137870E-07 ,  3.52708985E-08
      45 ,       44 , -9.72133101E-02 ,  7.30788969E+00 , -2.27496060E-10 ,  3.09025927E-07
      46 ,       44 ,  6.52042012E-01 ,  7.32938063E+00 ,  1.04267571E-07 , -3.64080961E-07
      47 ,       44 ,  1.39903679E+00 ,  7.27428297E+00 ,  2.01724618E-07 , -1.32583005E-07
      48 ,       44 ,  2.13705628E+00 ,  7.14298668E+00 , -6.49528458E-09 , -1.44716595E-07
      49 ,       44 ,  2.85927511E+00 ,  6.93622654E+00 , -2.02885002E-08 , -7.22321686E-08
      50 ,       44 ,  3.55867237E+00 ,  6.65516184E+00 , -4.21514925E-08 , -2.86614121E-08
      51 ,       44 ,  4.22796999E+00 ,  6.30150063E+00 , -1.45173719E-08 , -8.54971053E-09
      52 ,       44 ,  4.85960718E+00 ,  5.87766464E+00 , -1.01271007E-07 ,  2.16299739E-08
      53 ,       44 ,  5.44576352E+00 ,  5.38698874E+00 ,  4.12872368E-08 , -5.34837399E-08
      54 ,       44 ,  5.97844324E+00 ,  4.83394506E+00 ,  1.49162615E-09 ,  5.17417345E-08
      55 ,       44 ,  6.44963209E+00 ,  4.22437844E+00 ,  5.34224485E-09 ,  1.68685807E-08
      56 ,       44 ,  6.85153553E+00 ,  3.56573595E+00 ,  1.60600953E-09 ,  6.23019064E-09
      57 ,       44 ,  7.17690374E+00 ,  2.86726991E+00 ,  4.48269831E-09 ,  2.98835282E-09
      58 ,       44 ,  7.41944527E+00 ,  2.14019092E+00 ,  4.42622005E-08 , -2.71883684E-08
      59 ,       44 ,  7.57432738E+00 ,  1.39774403E+00 ,  8.25367256E-08 , -2.38053455E-08
      60 ,       44 ,  7.63875805E+00 ,  6.55174730E-01 , -1.58691472E-07 ,  5.51507782E-07
      61 ,       44 ,  7.61263805E+00 , -7.04599961E-02 ,  1.37887466E-06 , -8.14943797E-07
       1 ,       45 ,  8.56823807E+00 , -7.69952333E-02 , -1.04536905E-06 ,  6.58485226E-07
       2 ,       45 ,  8.58292887E+00 , -8.95206621E-01 , -2.78720680E-08 , -1.21087578E-08
       3 ,       45 ,  8.49620795E+00 , -1.72951623E+00 , -9.66198687E-09 , -5.00285573E-09
       4 ,       45 ,  8.30880404E+00 , -2.56119286E+00 ,  2.00176097E-08 ,  7.31092648E-09
       5 ,       45 ,  8.02428690E+00 , -3.37363485E+00 , -6.82644637E-10 , -3.89555446E-09
       6 ,       45 ,  7.64833760E+00 , -4.15252242E+00 , -1.89587599E-09 , -7.75974275E-10
       7 ,       45 ,  7.18811063E+00 , -4.88580465E+00 ,  3.22286997E-09 ,  6.49528098E-09
       8 ,       45 ,  6.65169902E+00 , -5.56357337E+00 , -1.46831895E-08 ,  1.46168661E-09
       9 ,       45 ,  6.04770486E+00 , -6.17786378E+00 , -1.07607034E-08 ,  2.25689336E-09
      10 ,       45 ,  5.38491199E+00 , -6.72241302E+00 , -1.00709114E-08 ,  3.16775658E-09
      11 ,       45 ,  4.67205415E+00 , -7.19240174E+00 , -9.47974338E-09 ,  4.70404974E-09
      12 ,       45 ,  3.91766901E+00 , -7.58419911E+00 , -8.42066276E-09 ,  6.69941181E-09
      13 ,       45 ,  3.13002604E+00 , -7.89512742E+00 , -6.75400611E-09 ,  9.48348140E-09
      14 ,       45 ,  2.31711478E+00 , -8.12325811E+00 , -7.13823850E-09 ,  1.60349279E-08
      15 ,       45 ,  1.48667987E+00 , -8.26724743E+00 ,  9.42148706E-09 ,  3.00780502E-09
      16 ,       45 ,  6.46288960E-01 , -8.32621643E+00 , -2.85934799E-08 ,  7.02838499E-09
      17 ,       45 , -1.96579105E-01 , -8.29967773E+00 , -2.53495468E-08 , -3.67414392E-08
      18 ,       45 , -1.03443798E+00 , -8.18750909E+00 ,  1.06550061E-08 , -7.34533169E-09
      19 ,       45 , -1.85970075E+00 , -7.98997260E+00 ,  1.02122267E-08 , -1.50554274E-08
      20 ,       45 , -2.66460105E+00 , -7.70777653E+00 ,  4.69709874E-09 , -1.98085381E-08
      21 ,       45 , -3.44113902E+00 , -7.34217551E+00 , -1.08721069E-10 , -1.83803684E-08
      22 ,       45 , -4.18106276E+00 , -6.89510228E+00 , -1.81570192E-09 , -1.35158162E-08
      23 ,       45 , -4.87589527E+00 , -6.36932171E+00 , -1.23707556E-09 , -8.63153213E-09
      24 ,       45 , -5.51701569E+00 , -5.76859434E+00 ,  3.50663612E-10 , -5.09055304E-09
      25 ,       45 , -6.09580077E+00 , -5.09783264E+00 ,  1.77155254E-09 , -2.74759297E-09
      26 ,       45 , -6.60382801E+00 , -4.36323007E+00 ,  2.72315995E-09 , -1.45222956E-09
      27 ,       45 , -7.03313510E+00 , -3.57234044E+00 ,  3.56328086E-09 , -8.71061763E-10
      28 ,       45 , -7.37652182E+00 , -2.73408552E+00 ,  7.43043047E-09 , -1.11967343E-09
      29 ,       45 , -7.62787146E+00 , -1.85867317E+00 ,  5.44497524E-08 , -1.56576074E-08
      30 ,       45 , -7.78246100E+00 , -9.57416340E-01 , -1.34019499E-07 ,  1.69415941E-07
      31 ,       45 , -7.83722483E+00 , -4.24562250E-02 , -1.20986637E-08 , -2.68890176E-07
      32 ,       45 , -7.79093864E+00 ,  8.73592891E-01 ,  1.01002059E-07 ,  1.17926820E-07
      33 ,       45 , -7.64429796E+00 ,  1.77804616E+00 ,  1.82832353E-08 ,  1.06707757E-08
      34 ,       45 , -7.39988014E+00 ,  2.65855822E+00 ,  8.13126867E-09 , -6.05232039E-09
      35 ,       45 , -7.06199475E+00 ,  3.50349943E+00 , -3.55037700E-09 , -8.27593290E-09
      36 ,       45 , -6.63644352E+00 ,  4.30226307E+00 , -3.21754882E-08 , -1.41047915E-08
      37 ,       45 , -6.13022143E+00 ,  5.04548014E+00 , -3.24752008E-08 ,  9.22937362E-09
      38 ,       45 , -5.55119478E+00 ,  5.72513357E+00 , -1.79640114E-08 ,  3.79473297E-09
      39 ,       45 , -4.90779018E+00 ,  6.33457722E+00 , -5.77493659E-08 , -1.89168375E-09
      40 ,       45 , -4.20872105E+00 ,  6.86847560E+00 , -7.89092393E-08 ,  1.45684163E-08
      41 ,       45 , -3.46276910E+00 ,  7.32268676E+00 , -9.23905407E-08 ,  4.37262925E-08
      42 ,       45 , -2.67862899E+00 ,  7.69411170E+00 , -6.93536114E-08 ,  7.44410195E-08
      43 ,       45 , -1.86481619E+00 ,  7.98053306E+00 ,  5.94580762E-09 ,  8.07662155E-08
      44 ,       45 , -1.02963253E+00 ,  8.18046169E+00 ,  9.96839018E-08 ,  4.45950170E-08
      45 ,       45 , -1.81180084E-01 ,  8.29300596E+00 ,  8.39384423E-09 ,  1.96231773E-07
      46 ,       45 ,  6.72588016E-01 ,  8.31777452E+00 ,  5.05426895E-08 , -3.27815392E-07
      47 ,       45 ,  1.52379176E+00 ,  8.25481965E+00 ,  1.86674756E-07 , -7.04874905E-08
      48 ,       45 ,  2.36453586E+00 ,  8.10462573E+00 , -3.81152171E-08 , -1.05574324E-07
      49 ,       45 ,  3.18682118E+00 ,  7.86814473E+00 , -2.68081300E-08 , -4.97439800E-08
      50 ,       45 ,  3.98246826E+00 ,  7.54687917E+00 , -4.01568895E-08 , -1.86852438E-08
      51 ,       45 ,  4.74306583E+00 ,  7.14301031E+00 , -1.66575870E-08 , -6.77742844E-09
      52 ,       45 ,  5.45995725E+00 ,  6.65956777E+00 , -9.83768973E-08 ,  9.64391213E-09
      53 ,       45 ,  6.12427789E+00 ,  6.10063322E+00 ,  4.06262947E-08 , -5.37774337E-08
      54 ,       45 ,  6.72705592E+00 ,  5.47156832E+00 ,  6.13877632E-09 ,  5.73718485E-08
      55 ,       45 ,  7.25938786E+00 ,  4.77925283E+00 ,  3.09270621E-09 ,  1.02739855E-08
      56 ,       45 ,  7.71269772E+00 ,  4.03231576E+00 , -8.52810039E-10 ,  3.02363651E-09
      57 ,       45 ,  8.07908544E+00 ,  3.24133885E+00 ,  6.33061127E-09 , -9.73004105E-10
      58 ,       45 ,  8.35176739E+00 ,  2.41900864E+00 ,  2.48521370E-08 , -2.23490767E-08
      59 ,       45 ,  8.52560787E+00 ,  1.58018876E+00 ,  6.56856283E-08 , -2.51259752E-08
      60 ,       45 ,  8.59773642E+00 ,  7.41877613E-01 , -8.78360472E-08 ,  3.57023935E-07
      61 ,       45 ,  8.56823807E+00 , -7.69952333E-02 ,  9.96009557E-07 , -6.43667580E-07
       1 ,       46 ,  9.65773305E+00 , -8.41649450E-02 , -7.52738765E-07 ,  5.18831535E-07
       2 ,       46 ,  9.67506061E+00 , -1.00862126E+00 , -2.95234918E-08 ,  5.73822702E-09
       3 ,       46 ,  9.57832757E+00 , -1.95178087E+00 , -9.79910428E-09 ,  5.26148198E-09
       4 ,       46 ,  9.36811766E+00 , -2.89278098E+00 ,  1.00647427E-08 ,  7.66735319E-09
       5 ,       46 ,  9.04814607E+00 , -3.81304259E+00 ,  2.09905471E-09 , -2.20930971E-09
       6 ,       46 ,  8.62448485E+00 , -4.69643338E+00 , -5.44221221E-09 , -9.34806487E-09
       7 ,       46 ,  8.10488480E+00 , -5.52925997E+00 ,  1.41823949E-08 ,  1.84793156E-08
       8 ,       46 ,  7.49820537E+00 , -6.30014351E+00 , -1.45099986E-08 ,  1.22350897E-08
       9 ,       46 ,  6.81395444E+00 , -6.99981929E+00 , -1.15762510E-11 ,  9.42783718E-09
      10 ,       46 ,  6.06193430E+00 , -7.62089261E+00 , -7.70119331E-10 ,  8.29083216E-09
      11 ,       46 ,  5.25198636E+00 , -8.15757636E+00 , -4.57363298E-09 ,  9.64666553E-09
      12 ,       46 ,  4.39382481E+00 , -8.60543096E+00 , -5.77731829E-09 ,  1.15143167E-08
      13 ,       46 ,  3.49694693E+00 , -8.96112332E+00 , -6.96203298E-09 ,  1.51481628E-08
      14 ,       46 ,  2.57060658E+00 , -9.22221676E+00 , -1.07140678E-08 ,  2.29241866E-08
      15 ,       46 ,  1.62383692E+00 , -9.38700085E+00 ,  3.40140569E-08 ,  1.45876147E-08
      16 ,       46 ,  6.65508243E-01 , -9.45436647E+00 ,  2.57256296E-08 ,  4.81965303E-08
      17 ,       46 , -2.95592457E-01 , -9.42372872E+00 ,  4.50402775E-08 , -1.80487913E-09
      18 ,       46 , -1.25067309E+00 , -9.29499833E+00 ,  3.94137787E-08 , -3.34476745E-08
      19 ,       46 , -2.19085142E+00 , -9.06860003E+00 ,  2.55153451E-08 , -4.29020533E-08
      20 ,       46 , -3.10708526E+00 , -8.74553471E+00 ,  1.68814382E-08 , -3.41095192E-08
      21 ,       46 , -3.99012904E+00 , -8.32748035E+00 ,  1.09566368E-08 , -2.22390410E-08
      22 ,       46 , -4.83052807E+00 , -7.81692386E+00 ,  6.62474822E-09 , -1.38157920E-08
      23 ,       46 , -5.61866014E+00 , -7.21731369E+00 ,  3.87603931E-09 , -8.92508527E-09
      24 ,       46 , -6.34483291E+00 , -6.53321911E+00 ,  2.73785408E-09 , -6.18000407E-09
      25 ,       46 , -6.99944202E+00 , -5.77047887E+00 ,  2.43924761E-09 , -4.29697407E-09
      26 ,       46 , -7.57318998E+00 , -4.93631882E+00 ,  2.92648738E-09 , -2.94476699E-09
      27 ,       46 , -8.05735896E+00 , -4.03941641E+00 ,  5.07654669E-09 , -1.83490700E-09
      28 ,       46 , -8.44412267E+00 , -3.08989124E+00 ,  1.13199332E-08 , -1.58820019E-09
      29 ,       46 , -8.72687358E+00 , -2.09920522E+00 ,  4.46837161E-08 , -1.23527285E-08
      30 ,       46 , -8.90053517E+00 , -1.07996465E+00 , -1.01564105E-07 ,  1.18992886E-07
      31 ,       46 , -8.96182526E+00 , -4.56286471E-02 ,  6.99481151E-09 , -1.79697945E-07
      32 ,       46 , -8.90943849E+00 ,  9.89858237E-01 ,  6.25644998E-08 ,  9.33407232E-08
      33 ,       46 , -8.74412414E+00 ,  2.01247890E+00 ,  1.02721809E-08 ,  2.96234807E-09
      34 ,       46 , -8.46864872E+00 ,  3.00856377E+00 , -1.45717016E-08 , -5.32948430E-09
      35 ,       46 , -8.08764821E+00 ,  3.96517843E+00 , -1.49183912E-08 , -6.77262311E-09
      36 ,       46 , -7.60738947E+00 ,  4.87044465E+00 , -7.75214436E-09 , -8.63062561E-09
      37 ,       46 , -7.03547102E+00 ,  5.71377177E+00 , -9.46947537E-09 , -6.12458706E-09
      38 ,       46 , -6.38049731E+00 ,  6.48598903E+00 , -9.14507477E-09 , -3.08006744E-09
      39 ,       46 , -5.65175985E+00 ,  7.17938294E+00 , -2.23904109E-08 ,  4.92555103E-09
      40 ,       46 , -4.85895172E+00 ,  7.78765385E+00 , -2.87603829E-08 ,  2.18876506E-08
      41 ,       46 , -4.01193418E+00 ,  8.30581258E+00 , -2.74465515E-08 ,  5.11456196E-08
      42 ,       46 , -3.12056459E+00 ,  8.73004014E+00 , -4.36339904E-09 ,  8.74260846E-08
      43 ,       46 , -2.19458738E+00 ,  9.05753298E+00 ,  5.00339341E-08 ,  1.04411974E-07
      44 ,       46 , -1.24358354E+00 ,  9.28635309E+00 ,  1.14324249E-07 ,  6.93422882E-08
      45 ,       46 , -2.76969900E-01 ,  9.41529874E+00 ,  5.07450017E-08 ,  9.01227360E-08
      46 ,       46 ,  6.95962673E-01 ,  9.44380760E+00 ,  3.35929353E-08 , -2.75543257E-07
      47 ,       46 ,  1.66598475E+00 ,  9.37190038E+00 ,  2.87927999E-07 ,  8.00277178E-10
      48 ,       46 ,  2.62385019E+00 ,  9.20017009E+00 , -9.72801557E-09 , -7.08152652E-08
      49 ,       46 ,  3.56021756E+00 ,  8.92981947E+00 , -1.19347556E-09 , -3.76872858E-08
      50 ,       46 ,  4.46558439E+00 ,  8.56274679E+00 , -1.67644292E-08 , -1.96831930E-08
      51 ,       46 ,  5.33024768E+00 ,  8.10167782E+00 , -5.79009343E-09 , -1.34016839E-08
      52 ,       46 ,  6.14430414E+00 ,  7.55033947E+00 , -7.97433938E-08 , -5.89041676E-09
      53 ,       46 ,  6.89770354E+00 ,  6.91366751E+00 ,  3.01608463E-08 , -4.30174210E-08
      54 ,       46 ,  7.58036769E+00 ,  6.19803775E+00 ,  1.62229602E-08 ,  4.40920758E-08
      55 ,       46 ,  8.18238636E+00 ,  5.41150671E+00 , -1.28655007E-09 ,  4.54273693E-09
      56 ,       46 ,  8.69429910E+00 ,  4.56404437E+00 , -2.98039281E-09 ,  1.04663086E-09
      57 ,       46 ,  9.10746914E+00 ,  3.66773825E+00 ,  2.80152672E-09 , -4.50977876E-10
      58 ,       46 ,  9.41455292E+00 ,  2.73694494E+00 ,  1.42828903E-08 , -1.45694631E-08
      59 ,       46 ,  9.61006486E+00 ,  1.78835983E+00 ,  4.40632615E-08 , -2.09563557E-08
      60 ,       46 ,  9.69103308E+00 ,  8.40968978E-01 , -8.26859570E-08 ,  3.69794849E-07
      61 ,       46 ,  9.65773305E+00 , -8.41649450E-02 ,  7.70183066E-07 , -6.33943552E-07
       1 ,       47 ,  1.08998442E+01 , -9.20341066E-02 , -5.75109048E-07 ,  4.11807346E-07
       2 ,       47 ,  1.09201739E+01 , -1.13758197E+00 , -3.88696048E-08 ,  2.52944035E-08
       3 ,       47 ,  1.08120105E+01 , -2.20478167E+00 , -1.15812837E-08 ,  3.01177536E-08
       4 ,       47 ,  1.05757871E+01 , -3.27034015E+00 ,  9.98951397E-09 ,  3.05915777E-08
       5 ,       47 ,  1.02153942E+01 , -4.31343229E+00 ,  1.90241541E-08 ,  4.98634943E-08
       6 ,       47 ,  9.73735276E+00 , -5.31587046E+00 ,  3.45361408E-08 ,  1.62422520E-08
       7 ,       47 ,  9.15009111E+00 , -6.26209937E+00 ,  7.03576829E-08 ,  6.59923862E-08
       8 ,       47 ,  8.46333684E+00 , -7.13907143E+00 ,  3.66040511E-08 ,  5.99262617E-08
       9 ,       47 ,  7.68762316E+00 , -7.93604439E+00 ,  5.48234148E-08 ,  6.84760696E-08
      10 ,       47 ,  6.83390595E+00 , -8.64433394E+00 ,  7.56701644E-08 ,  8.44190117E-08
      11 ,       47 ,  5.91328311E+00 , -9.25704714E+00 ,  1.22062691E-07 ,  8.73145811E-08
      12 ,       47 ,  4.93680592E+00 , -9.76881750E+00 ,  1.78071707E-07 ,  7.09040518E-08
      13 ,       47 ,  3.91536996E+00 , -1.01755583E+01 ,  2.19821119E-07 ,  4.21933863E-08
      14 ,       47 ,  2.85967196E+00 , -1.04742470E+01 ,  2.24912125E-07 , -1.37606114E-08
      15 ,       47 ,  1.78021826E+00 , -1.06627493E+01 ,  2.17365630E-07 , -1.12558082E-08
      16 ,       47 ,  6.87370462E-01 , -1.07396898E+01 ,  7.39837185E-08 , -2.61501078E-08
      17 ,       47 , -4.08585750E-01 , -1.07043711E+01 ,  6.41819179E-08 , -3.44794238E-08
      18 ,       47 , -1.49736237E+00 , -1.05567426E+01 ,  6.53851061E-08 , -8.79037668E-08
      19 ,       47 , -2.56859428E+00 , -1.02974184E+01 ,  5.97884035E-08 , -1.01062482E-07
      20 ,       47 , -3.61178064E+00 , -9.92773840E+00 ,  3.47806287E-08 , -9.94534012E-08
      21 ,       47 , -4.61625429E+00 , -9.44986950E+00 ,  2.90496857E-09 , -9.30509372E-08
      22 ,       47 , -5.57119056E+00 , -8.86693636E+00 , -2.66674714E-08 , -8.75067055E-08
      23 ,       47 , -6.46566523E+00 , -8.18317116E+00 , -4.93692239E-08 , -8.08323259E-08
      24 ,       47 , -7.28876958E+00 , -7.40406735E+00 , -6.20589701E-08 , -6.93237969E-08
      25 ,       47 , -8.02978618E+00 , -6.53651925E+00 , -6.42176405E-08 , -5.33131163E-08
      26 ,       47 , -8.67842456E+00 , -5.58892690E+00 , -5.32572579E-08 , -3.28004329E-08
      27 ,       47 , -9.22510840E+00 , -4.57124454E+00 , -3.27102682E-08 , -1.48426193E-08
      28 ,       47 , -9.66129824E+00 , -3.49495279E+00 , -1.29500149E-09 , -5.18456367E-09
      29 ,       47 , -9.97982568E+00 , -2.37293967E+00 ,  4.29934693E-08 , -7.60006513E-09
      30 ,       47 , -1.01752090E+01 , -1.21928423E+00 , -7.15277812E-08 ,  8.68491317E-08
      31 ,       47 , -1.02439171E+01 , -4.89483085E-02 ,  1.63052815E-08 , -1.00718934E-07
      32 ,       47 , -1.01845518E+01 ,  1.12260539E+00 ,  3.43986294E-08 ,  8.05006744E-08
      33 ,       47 , -9.99792476E+00 ,  2.27983914E+00 , -5.92907630E-09 ,  5.13614196E-09
      34 ,       47 , -9.68702142E+00 ,  3.40757303E+00 , -3.07744083E-08 , -1.43824717E-08
      35 ,       47 , -9.25685363E+00 ,  4.49138651E+00 , -1.38433878E-08 ,  1.62490202E-10
      36 ,       47 , -8.71422188E+00 ,  5.51795539E+00 , -1.11477494E-08 , -1.57089178E-08
      37 ,       47 , -8.06741436E+00 ,  6.47530149E+00 , -2.69649605E-09 , -3.80884720E-09
      38 ,       47 , -7.32587641E+00 ,  7.35294463E+00 , -1.30131383E-08 ,  5.76797923E-09
      39 ,       47 , -6.49988257E+00 ,  8.14195958E+00 , -3.86955487E-08 ,  3.54999466E-08
      40 ,       47 , -5.60023826E+00 ,  8.83495074E+00 , -4.39023444E-08 ,  8.20007740E-08
      41 ,       47 , -4.63803037E+00 ,  9.42596395E+00 , -2.87012495E-08 ,  1.45854310E-07
      42 ,       47 , -3.62443736E+00 ,  9.91035794E+00 ,  1.48234214E-08 ,  2.35102276E-07
      43 ,       47 , -2.57060190E+00 ,  1.02846576E+01 ,  9.80460849E-08 ,  3.19351203E-07
      44 ,       47 , -1.48756254E+00 ,  1.05464091E+01 ,  1.98904630E-07 ,  3.29864664E-07
      45 ,       47 , -3.86236564E-01 ,  1.06940533E+01 ,  2.47140416E-07 ,  2.06490878E-07
      46 ,       47 ,  7.22556779E-01 ,  1.07268301E+01 ,  2.95273954E-07 , -5.78206917E-08
      47 ,       47 ,  1.82804528E+00 ,  1.06447230E+01 ,  6.29714698E-07 ,  1.75327926E-08
      48 ,       47 ,  2.91943826E+00 ,  1.04484500E+01 ,  3.63596329E-07 , -6.75680069E-08
      49 ,       47 ,  3.98586048E+00 ,  1.01395024E+01 ,  3.15819164E-07 , -1.18989847E-07
      50 ,       47 ,  5.01629934E+00 ,  9.72023371E+00 ,  2.12252549E-07 , -1.32996294E-07
      51 ,       47 ,  5.99957958E+00 ,  9.19399495E+00 ,  1.41931463E-07 , -1.15760100E-07
      52 ,       47 ,  6.92437942E+00 ,  8.56531169E+00 ,  4.55013349E-08 , -8.31201318E-08
      53 ,       47 ,  7.77930176E+00 ,  7.84009543E+00 ,  5.78666519E-08 , -8.07722174E-08
      54 ,       47 ,  8.55301323E+00 ,  7.02587772E+00 ,  2.74216295E-08 , -2.00069856E-08
      55 ,       47 ,  9.23446233E+00 ,  6.13205314E+00 , -1.45647457E-09 , -1.90101524E-08
      56 ,       47 ,  9.81318594E+00 ,  5.17011370E+00 , -5.99641998E-09 , -8.25019838E-09
      57 ,       47 ,  1.02797110E+01 ,  4.15385402E+00 , -3.73314158E-10 , -2.81172008E-09
      58 ,       47 ,  1.06260552E+01 ,  3.09952314E+00 ,  1.11614469E-08 , -1.17631413E-08
      59 ,       47 ,  1.08463290E+01 ,  2.02589340E+00 ,  2.56114338E-08 , -4.61253937E-09
      60 ,       47 ,  1.09374333E+01 ,  9.54209187E-01 , -5.12164900E-08 ,  1.73325828E-07
      61 ,       47 ,  1.08998442E+01 , -9.20341066E-02 ,  6.07140312E-07 , -4.02740353E-07
       1 ,       48 ,  1.23159290E+01 , -1.00674862E-01 , -3.86336318E-07 ,  4.83266384E-07
       2 ,       48 ,  1.23396844E+01 , -1.28424345E+00 ,  1.08606738E-09 , -2.61428118E-08
       3 ,       48 ,  1.22184814E+01 , -2.49280953E+00 , -4.48977239E-08 , -2.63728786E-08
       4 ,       48 ,  1.19525935E+01 , -3.70030774E+00 ,  2.90340276E-08 , -5.48268316E-08
       5 ,       48 ,  1.15461195E+01 , -4.88335791E+00 ,  2.53141485E-08 , -8.56303182E-08
       6 ,       48 ,  1.10060952E+01 , -6.02143837E+00 , -5.11272302E-08 , -1.07787062E-07
       7 ,       48 ,  1.03417205E+01 , -7.09688049E+00 , -9.00343180E-08 , -6.56311691E-08
       8 ,       48 ,  9.56370782E+00 , -8.09474158E+00 , -1.33988814E-07 , -1.07728256E-07
       9 ,       48 ,  8.68375275E+00 , -9.00259920E+00 , -2.37227074E-07 , -9.55900420E-08
      10 ,       48 ,  7.71411942E+00 , -9.81029976E+00 , -3.96600129E-07 , -2.26746213E-08
      11 ,       48 ,  6.66733219E+00 , -1.05096875E+01 , -5.20555404E-07 ,  5.63516877E-08
      12 ,       48 ,  5.55596270E+00 , -1.10943345E+01 , -6.08352294E-07 ,  1.80383466E-07
      13 ,       48 ,  4.39249924E+00 , -1.15592891E+01 , -6.13184369E-07 ,  3.18598648E-07
      14 ,       48 ,  3.18928489E+00 , -1.19008543E+01 , -5.07562841E-07 ,  2.95403086E-07
      15 ,       48 ,  1.95850946E+00 , -1.21164074E+01 , -3.14640790E-07 ,  4.87302583E-07
      16 ,       48 ,  7.12240674E-01 , -1.22042657E+01 , -1.20015301E-07 ,  4.02761764E-07
      17 ,       48 , -5.37520230E-01 , -1.21636020E+01 , -1.15430144E-08 ,  1.12981552E-07
      18 ,       48 , -1.77877285E+00 , -1.19944113E+01 ,  7.19430849E-08 ,  9.57155621E-08
      19 ,       48 , -2.99945562E+00 , -1.16975268E+01 ,  7.08446608E-08 ,  2.18325610E-08
      20 ,       48 , -4.18740085E+00 , -1.12746803E+01 ,  5.13456435E-08 ,  7.05459584E-09
      21 ,       48 , -5.33031920E+00 , -1.07286020E+01 ,  3.89213129E-08 ,  3.91956942E-08
      22 ,       48 , -6.41582528E+00 , -1.00631491E+01 ,  3.84292093E-08 ,  7.94193011E-08
      23 ,       48 , -7.43151388E+00 , -9.28345157E+00 ,  4.35498255E-08 ,  1.01296231E-07
      24 ,       48 , -8.36509416E+00 , -8.39605853E+00 ,  4.26436242E-08 ,  1.00701525E-07
      25 ,       48 , -9.20458481E+00 , -7.40906746E+00 ,  4.83487094E-08 ,  8.94274253E-08
      26 ,       48 , -9.93856757E+00 , -6.33221466E+00 ,  4.08281639E-08 ,  7.17226079E-08
      27 ,       48 , -1.05564900E+01 , -5.17690624E+00 ,  3.51085220E-08 ,  5.29760615E-08
      28 ,       48 , -1.10490003E+01 , -3.95617051E+00 ,  3.23929972E-08 ,  3.68249242E-08
      29 ,       48 , -1.14082896E+01 , -2.68451823E+00 ,  5.10080578E-08 ,  3.67491656E-08
      30 ,       48 , -1.16284126E+01 , -1.37770600E+00 ,  1.08024077E-08 ,  5.46680935E-08
      31 ,       48 , -1.17055529E+01 , -5.24090574E-02 ,  8.88717298E-08 , -6.98629678E-08
      32 ,       48 , -1.16382057E+01 ,  1.27417766E+00 ,  9.70975177E-08 ,  3.75021573E-08
      33 ,       48 , -1.14272559E+01 ,  2.58478131E+00 , -1.22093926E-08 ,  7.34765910E-09
      34 ,       48 , -1.10759410E+01 ,  3.86249959E+00 , -1.76374036E-08 , -1.42543519E-09
      35 ,       48 , -1.05897051E+01 ,  5.09121900E+00 ,  9.92199625E-09 ,  1.00541616E-08
      36 ,       48 , -9.97596000E+00 ,  6.25597025E+00 ,  4.32827919E-08 , -4.23487455E-08
      37 ,       48 , -9.24378185E+00 ,  7.34319824E+00 ,  7.09343884E-08 , -8.34750679E-08
      38 ,       48 , -8.40357406E+00 ,  8.34093540E+00 ,  8.02118391E-08 , -9.62164120E-08
      39 ,       48 , -7.46672923E+00 ,  9.23887993E+00 ,  6.08159884E-08 , -1.16623522E-07
      40 ,       48 , -6.44531678E+00 ,  1.00283900E+01 ,  2.85219141E-08 , -1.08735295E-07
      41 ,       48 , -5.35181616E+00 ,  1.07024124E+01 ,  1.05659274E-08 , -6.71787617E-08
      42 ,       48 , -4.19890780E+00 ,  1.12553674E+01 ,  3.97262677E-08 , -4.67217164E-08
      43 ,       48 , -2.99932564E+00 ,  1.16830114E+01 ,  1.11149487E-07 , -1.18261221E-07
      44 ,       48 , -1.76576909E+00 ,  1.19822991E+01 ,  1.52289953E-07 , -2.83586874E-07
      45 ,       48 , -5.10867238E-01 ,  1.21512600E+01 ,  3.22156681E-08 , -3.38354175E-07
      46 ,       48 ,  7.52815384E-01 ,  1.21889063E+01 , -2.54648581E-07 , -8.31281940E-07
      47 ,       48 ,  2.01274387E+00 ,  1.20951782E+01 , -5.28710373E-07 , -4.95897367E-07
      48 ,       48 ,  3.25636282E+00 ,  1.18709367E+01 , -7.62459681E-07 , -4.04566568E-07
      49 ,       48 ,  4.47104527E+00 ,  1.15180049E+01 , -6.81245868E-07 , -2.20420180E-07
      50 ,       48 ,  5.64405556E+00 ,  1.10392589E+01 , -5.03736527E-07 ,  4.76751336E-08
      51 ,       48 ,  6.76254062E+00 ,  1.04387661E+01 , -1.69249095E-07 ,  3.76826992E-07
      52 ,       48 ,  7.81356428E+00 ,  9.72196602E+00 , -1.72208883E-07 ,  1.37678290E-07
      53 ,       48 ,  8.78419860E+00 ,  8.89588393E+00 , -5.37244093E-08 ,  1.51055965E-07
      54 ,       48 ,  9.66168500E+00 ,  7.96936804E+00 , -3.36329137E-09 ,  1.12326868E-07
      55 ,       48 ,  1.04336768E+01 ,  6.95333455E+00 ,  2.16570436E-08 ,  7.44426869E-08
      56 ,       48 ,  1.10885727E+01 ,  5.86100392E+00 ,  2.44181340E-08 ,  3.80728031E-08
      57 ,       48 ,  1.16159486E+01 ,  4.70810778E+00 ,  1.63826564E-08 ,  9.59711601E-09
      58 ,       48 ,  1.20070933E+01 ,  3.51304224E+00 ,  8.30789498E-08 ,  1.65898055E-09
      59 ,       48 ,  1.22556503E+01 ,  2.29693799E+00 ,  4.44971930E-08 , -5.25582407E-08
      60 ,       48 ,  1.23583650E+01 ,  1.08360859E+00 , -8.84503078E-08 ,  1.52531543E-07
      61 ,       48 ,  1.23159290E+01 , -1.00674862E-01 ,  4.27922898E-07 , -4.68816228E-07
       1 ,       49 ,  1.39303499E+01 , -1.10167382E-01 , -1.38224879E-06 ,  5.60907280E-07
       2 ,       49 ,  1.39580197E+01 , -1.45106144E+00 , -2.60818900E-07 ,  5.19056084E-08
       3 ,       49 ,  1.38219494E+01 , -2.82075568E+00 , -2.16192986E-07 ,  6.56806735E-08
       4 ,       49 ,  1.35222396E+01 , -4.19002163E+00 , -3.69851720E-07 ,  1.30598594E-07
       5 ,       49 ,  1.30632340E+01 , -5.53257003E+00 , -5.25632587E-07 ,  2.52718626E-07
       6 ,       49 ,  1.24525594E+01 , -6.82522572E+00 , -6.55445483E-07 ,  4.09855527E-07
       7 ,       49 ,  1.17002941E+01 , -8.04791880E+00 , -7.67744126E-07 ,  6.03460095E-07
       8 ,       49 ,  1.08182697E+01 , -9.18355277E+00 , -9.46288533E-07 ,  9.36140419E-07
       9 ,       49 ,  9.81950102E+00 , -1.02177938E+01 , -1.03896086E-06 ,  1.34823558E-06
      10 ,       49 ,  8.71773727E+00 , -1.11388141E+01 , -1.00136058E-06 ,  1.70588799E-06
      11 ,       49 ,  7.52712355E+00 , -1.19370164E+01 , -9.11976641E-07 ,  2.07508396E-06
      12 ,       49 ,  6.26196096E+00 , -1.26047586E+01 , -7.47705110E-07 ,  2.36266220E-06
      13 ,       49 ,  4.93655229E+00 , -1.31360971E+01 , -5.07071009E-07 ,  2.42824446E-06
      14 ,       49 ,  3.56511882E+00 , -1.35265604E+01 , -2.30046024E-07 ,  2.17791424E-06
      15 ,       49 ,  2.16177344E+00 , -1.37729636E+01 , -4.24773738E-08 ,  1.59096174E-06
      16 ,       49 ,  7.40534612E-01 , -1.38732702E+01 ,  3.07170702E-07 , -1.17228942E-05
      17 ,       49 , -6.84633931E-01 , -1.38265039E+01 ,  3.88438998E-07 ,  3.93091371E-06
      18 ,       49 , -2.09977290E+00 , -1.36327128E+01 ,  8.01532586E-07 ,  4.52744550E-06
      19 ,       49 , -3.49088103E+00 , -1.32929832E+01 ,  1.17256979E-06 ,  4.27801409E-06
      20 ,       49 , -4.84388651E+00 , -1.28094985E+01 ,  1.37148115E-06 ,  3.55752365E-06
      21 ,       49 , -6.14464921E+00 , -1.21856367E+01 ,  1.39436953E-06 ,  2.71220963E-06
      22 ,       49 , -7.37900536E+00 , -1.14260955E+01 ,  1.28864459E-06 ,  1.93885497E-06
      23 ,       49 , -8.53286433E+00 , -1.05370323E+01 ,  1.10548790E-06 ,  1.31185058E-06
      24 ,       49 , -9.59236396E+00 , -9.52620205E+00 ,  8.98037877E-07 ,  8.41644354E-07
      25 ,       49 , -1.05440866E+01 , -8.40307366E+00 ,  6.83373029E-07 ,  5.09121576E-07
      26 ,       49 , -1.13753322E+01 , -7.17890488E+00 ,  5.00083088E-07 ,  2.85131642E-07
      27 ,       49 , -1.20744380E+01 , -5.86675383E+00 ,  3.31919786E-07 ,  1.39903539E-07
      28 ,       49 , -1.26311268E+01 , -4.48140987E+00 ,  1.82338515E-07 ,  4.66474603E-08
      29 ,       49 , -1.30368593E+01 , -3.03923115E+00 ,  1.07700715E-07 , -1.00804910E-08
      30 ,       49 , -1.32851597E+01 , -1.55788551E+00 ,  9.29046910E-08 , -4.79433991E-09
      31 ,       49 , -1.33718854E+01 , -5.60018540E-02 ,  4.22655630E-07 , -4.69547764E-08
      32 ,       49 , -1.32954105E+01 ,  1.44724880E+00 ,  3.40248486E-07 , -4.68019101E-08
      33 ,       49 , -1.30567042E+01 ,  2.93261412E+00 ,  1.42283139E-07 , -4.77678455E-08
      34 ,       49 , -1.26592944E+01 ,  4.38122785E+00 ,  1.82972939E-07 , -8.90174377E-08
      35 ,       49 , -1.21091213E+01 ,  5.77504768E+00 ,  1.16326721E-07 , -8.16486931E-08
      36 ,       49 , -1.14142967E+01 ,  7.09723201E+00 ,  2.60667054E-07 , -1.81808031E-07
      37 ,       49 , -1.05847964E+01 ,  8.33243252E+00 ,  4.46201913E-07 , -3.48341746E-07
      38 ,       49 , -9.63211562E+00 ,  9.46699110E+00 ,  7.05917620E-07 , -7.10344056E-07
      39 ,       49 , -8.56891941E+00 ,  1.04890411E+01 ,  1.08419570E-06 , -1.32546480E-06
      40 ,       49 , -7.40871435E+00 ,  1.13885232E+01 ,  1.45509828E-06 , -2.20754961E-06
      41 ,       49 , -6.16556319E+00 ,  1.21571325E+01 ,  1.76042364E-06 , -3.44274071E-06
      42 ,       49 , -4.85385473E+00 ,  1.27882185E+01 ,  1.87928353E-06 , -4.95434533E-06
      43 ,       49 , -3.48813434E+00 ,  1.32766594E+01 ,  1.69546076E-06 , -6.32410538E-06
      44 ,       49 , -2.08299400E+00 ,  1.36187320E+01 ,  1.17664510E-06 , -6.87978122E-06
      45 ,       49 , -6.53015181E-01 ,  1.38119944E+01 ,  5.29295282E-07 , -5.80370618E-06
      46 ,       49 ,  7.87245402E-01 ,  1.38551962E+01 , -2.00886503E-07 ,  1.43703019E-05
      47 ,       49 ,  2.22323999E+00 ,  1.37482278E+01 , -3.18806365E-07 , -4.05257626E-06
      48 ,       49 ,  3.64039788E+00 ,  1.34921140E+01 , -6.81198651E-07 , -4.35601986E-06
      49 ,       49 ,  5.02409252E+00 ,  1.30890581E+01 , -1.07098083E-06 , -3.95252673E-06
      50 ,       49 ,  6.35962275E+00 ,  1.25425353E+01 , -1.24017474E-06 , -3.16783039E-06
      51 ,       49 ,  7.63222350E+00 ,  1.18574334E+01 , -1.30336459E-06 , -2.41737785E-06
      52 ,       49 ,  8.82712098E+00 ,  1.10402359E+01 , -8.88741761E-07 , -1.32641644E-06
      53 ,       49 ,  9.92964642E+00 ,  1.00992392E+01 , -6.13284731E-07 , -7.29761064E-07
      54 ,       49 ,  1.09254218E+01 ,  9.04479098E+00 , -4.77229501E-07 , -4.54895857E-07
      55 ,       49 ,  1.18006293E+01 ,  7.88953819E+00 , -3.01453100E-07 , -2.29763350E-07
      56 ,       49 ,  1.25423742E+01 ,  6.64866512E+00 , -1.75979411E-07 , -1.04200064E-07
      57 ,       49 ,  1.31391498E+01 ,  5.34010297E+00 , -8.42450183E-08 , -3.84979319E-08
      58 ,       49 ,  1.35814119E+01 ,  3.98468634E+00 , -1.23909271E-07 , -3.10587411E-08
      59 ,       49 ,  1.38622659E+01 ,  2.60622661E+00 , -1.65345212E-07 , -5.44503899E-08
      60 ,       49 ,  1.39782700E+01 ,  1.23146252E+00 , -1.03626131E-07 ,  2.50453164E-07
      61 ,       49 ,  1.39303499E+01 , -1.10167382E-01 ,  1.06910358E-06 , -6.25497778E-07

