AR_w,S_w,W0_kgf,b_w
7.0,80.0,43002.66857670074,23.664319132398465
7.0,80.66666666666667,43015.501686237054,23.762715894162156
7.0,81.33333333333333,43028.89692266699,23.860706890897706
7.0,82.0,43043.84920758193,23.958297101421877
7.0,82.66666666666667,43060.045256849684,24.05549140355829
7.0,83.33333333333333,43076.4461255369,24.152294576982396
7.0,84.0,43094.304224045474,24.24871130596428
7.0,84.66666666666667,43113.06263369452,24.34474618201362
7.0,85.33333333333333,43132.62544028097,24.440403706431145
7.0,86.0,43153.108333069926,24.535688292770594
7.0,86.66666666666667,43174.421975729056,24.63060426921489
7.0,87.33333333333333,43196.51739530632,24.72515588087026
7.0,88.0,43218.382919516866,24.819347291981714
7.0,88.66666666666667,43242.13110461188,24.91318258807306
7.0,89.33333333333333,43266.44213720587,25.006665778014735
7.0,90.0,43291.67317824155,25.099800796022265
7.0,90.66666666666667,43317.54914245568,25.192591503588247
7.0,91.33333333333333,43343.924888437294,25.285041691350507
7.0,92.0,43370.855450446004,25.37715508089904
7.0,92.66666666666667,43398.19269123449,25.46893532652409
7.0,93.33333333333333,43427.25792118421,25.56038601690775
7.0,94.0,43457.34498369477,25.65151067676132
7.0,94.66666666666667,43487.35444472565,25.74231276841043
7.0,95.33333333333333,43516.72677026188,25.832795693330084
7.0,96.0,43547.37784337393,25.92296279363144
7.0,96.66666666666666,43578.150702259496,26.01281735350223
7.0,97.33333333333333,43609.89380702007,26.102362600602522
7.0,98.0,43642.14206476525,26.191601707417586
7.0,98.66666666666666,43674.91854199654,26.280537792569362
7.0,99.33333333333333,43707.96148981492,26.36917392208814
7.0,100.0,43741.63607474762,26.457513110645905
7.0,100.66666666666666,43774.71698281046,26.54555832275273
7.0,101.33333333333333,43809.20867884763,26.63331247391757
7.0,102.0,43844.1371024142,26.720778431774775
7.0,102.66666666666666,43879.49177840783,26.807959017177467
7.0,103.33333333333333,43915.26257512072,26.894857005259077
7.0,104.0,43951.45028098279,26.98147512646408
7.0,104.66666666666666,43988.02472111809,27.06781606754905
7.0,105.33333333333333,44024.986795033525,27.15388247255507
7.0,106.0,44062.266577718925,27.23967694375247
7.0,106.66666666666666,44099.97514460511,27.325202042558928
7.0,107.33333333333333,44138.04556447474,27.410460290431704
7.0,108.0,44176.4697510027,27.49545416973504
7.0,108.66666666666666,44215.23986646579,27.58018612458347
7.0,109.33333333333333,44254.34831224283,27.664658561661902
7.0,110.0,44293.3054494953,27.74887385102322
7.0,110.66666666666666,44333.0538789458,27.832834326864138
7.0,111.33333333333333,44373.11944770673,27.916542288280137
7.0,112.0,44413.76276359317,28.0
7.0,112.66666666666666,44454.450001733116,28.083209693100727
7.0,113.33333333333333,44495.4346440115,28.166173565703478
7.0,114.0,44536.71052908441,28.24889378365107
7.0,114.66666666666666,44577.80290497502,28.331372481167705
7.0,115.33333333333333,44619.632856471246,28.413611761501446
7.0,116.0,44661.736770521966,28.495613697550016
7.0,116.66666666666666,44704.10915241944,28.577380332470412
7.0,117.33333333333333,44746.74466107142,28.658913680272903
7.0,118.0,44789.638103669924,28.74021572639983
7.0,118.66666666666666,44832.784430583,28.821288428289716
7.0,119.33333333333333,44876.17873045676,28.902133715927157
7.0,120.0,44919.81622551778,28.982753492378876
7.083333333333333,80.0,42893.09070808316,23.804761428476166
7.083333333333333,80.66666666666667,42907.44230430473,23.903742152409713
7.083333333333333,81.33333333333333,42922.273610600154,24.002314703192923
7.083333333333333,82.0,42938.62496422865,24.100484089190683
7.083333333333333,82.66666666666667,42955.52955507687,24.19825521717538
7.083333333333333,83.33333333333333,42974.95130995824,24.29563289518875
7.083333333333333,84.0,42994.780750007805,24.392621835300936
7.083333333333333,84.66666666666667,43014.227053896975,24.489226656271168
7.083333333333333,85.33333333333333,43034.56170782554,24.585451886114363
7.083333333333333,86.0,43056.209008393314,24.681301964577692
7.083333333333333,86.66666666666667,43078.69352329799,24.77678124553084
7.083333333333333,87.33333333333333,43101.73451247978,24.87189399927378
7.083333333333333,88.0,43125.68089538571,24.966644414765337
7.083333333333333,88.66666666666667,43149.26580721072,25.061036601775985
7.083333333333333,89.33333333333333,43174.525741223435,25.15507459296787
7.083333333333333,90.0,43200.47384433042,25.248762345905195
7.083333333333333,90.66666666666667,43227.10237126792,25.34210374499762
7.083333333333333,91.33333333333333,43254.36961032675,25.435102603379534
7.083333333333333,92.0,43282.20261612685,25.52776266472772
7.083333333333333,92.66666666666667,43310.71190797002,25.620087605019794
7.083333333333333,93.33333333333333,43339.8187483367,25.712081034235855
7.083333333333333,94.0,43369.506977225545,25.80374649800554
7.083333333333333,94.66666666666667,43399.76102739172,25.895087479202605
7.083333333333333,95.33333333333333,43430.06844050299,25.98610739948901
7.083333333333333,96.0,43461.388602470324,26.076809620810597
7.083333333333333,96.66666666666666,43493.49813302108,26.167197446845968
7.083333333333333,97.33333333333333,43525.86097692003,26.257274124410635
7.083333333333333,98.0,43558.720051047574,26.34704284481783
7.083333333333333,98.66666666666666,43591.581292013456,26.4365067451978
7.083333333333333,99.33333333333333,43625.38048978733,26.525668909777018
7.083333333333333,100.0,43659.639896047374,26.61453237111885
7.083333333333333,100.66666666666666,43694.348197830484,26.703100111327064
7.083333333333333,101.33333333333333,43729.49446176046,26.79137506321349
7.083333333333333,102.0,43765.06811820063,26.879360111431225
7.083333333333333,102.66666666666666,43801.06375988143,26.967058093574504
7.083333333333333,103.33333333333333,43837.46195098053,27.054471801246542
7.083333333333333,104.0,43874.257858371675,27.141603981096374
7.083333333333333,104.66666666666666,43911.4422242282,27.22845733582585
7.083333333333333,105.33333333333333,43949.006086224,27.31503452516784
7.083333333333333,106.0,43986.940765806714,27.401338166836545
7.083333333333333,106.66666666666666,44025.23785702799,27.487370837451067
7.083333333333333,107.33333333333333,44063.88921590033,27.57313507343294
7.083333333333333,108.0,44102.85774419995,27.65863337187866
7.083333333333333,108.66666666666666,44142.19384144352,27.74386819140803
7.083333333333333,109.33333333333333,44181.86125711937,27.828841952989066
7.083333333333333,110.0,44221.85279772883,27.91355704074038
7.083333333333333,110.66666666666666,44262.16148548569,27.998015802711606
7.083333333333333,111.33333333333333,44302.7805502817,28.082220551642834
7.083333333333333,112.0,44343.70342201005,28.166173565703478
7.083333333333333,112.66666666666666,44384.9237232283,28.249877089211477
7.083333333333333,113.33333333333333,44426.435262143445,28.333333333333336
7.083333333333333,114.0,44468.23202590228,28.416544476765644
7.083333333333333,114.66666666666666,44510.308174172074,28.49951266639874
7.083333333333333,115.33333333333333,44552.658032996515,28.582240017962977
7.083333333333333,116.0,44595.27608891332,28.664728616658255
7.083333333333333,116.66666666666666,44638.15698332077,28.746980517767234
7.083333333333333,117.33333333333333,44681.29550708041,28.82899774725287
7.083333333333333,118.0,44724.68659534489,28.91078230234065
7.083333333333333,118.66666666666666,44768.32532259978,28.992336152086043
7.083333333333333,119.33333333333333,44812.206897908916,29.07366123792767
7.083333333333333,120.0,44856.32666035394,29.154759474226502
7.166666666666667,80.0,42790.82984928589,23.944379994757295
7.166666666666667,80.66666666666667,42806.10013001884,24.043941255774005
7.166666666666667,81.33333333333333,42822.390963958336,24.143091949642425
7.166666666666667,82.0,42839.56893047019,24.241837114102278
7.166666666666667,82.66666666666667,42857.75636803373,24.340181684704913
7.166666666666667,83.33333333333333,42876.85576557792,24.438130497691965
7.166666666666667,84.0,42896.838283755016,24.535688292770594
7.166666666666667,84.66666666666667,42917.15772198665,24.632859715789756
7.166666666666667,85.33333333333333,42939.05864472508,24.729649321321876
7.166666666666667,86.0,42961.51547337747,24.826061575153908
7.166666666666667,86.66666666666667,42984.75219766528,24.92210085669166
7.166666666666667,87.33333333333333,43008.240112202424,25.017771461281058
7.166666666666667,88.0,43032.94697110823,25.11307760244982
7.166666666666667,88.66666666666667,43058.37253693026,25.208023414072837
7.166666666666667,89.33333333333333,43084.48538738374,25.302612952464457
7.166666666666667,90.0,43111.270968848345,25.39685019840059
7.166666666666667,90.66666666666667,43138.710195464824,25.490739059073547
7.166666666666667,91.33333333333333,43166.78471433917,25.58428336998235
7.166666666666667,92.0,43195.476870449755,25.67748689676101
7.166666666666667,92.66666666666667,43224.73714618699,25.770353336947306
7.166666666666667,93.33333333333333,43254.613647659025,25.862886321694432
7.166666666666667,94.0,43285.05871220535,25.955089417427686
7.166666666666667,94.66666666666667,43316.05716224484,26.046966127448403
7.166666666666667,95.33333333333333,43347.59437036956,26.13851989348712
7.166666666666667,96.0,43379.656234503695,26.229754097208
7.166666666666667,96.66666666666666,43412.22915440682,26.32067206166624
7.166666666666667,97.33333333333333,43445.300009436556,26.411277052720408
7.166666666666667,98.0,43478.8561374919,26.501572280401277
7.166666666666667,98.66666666666666,43512.88531506444,26.59156090023884
7.166666666666667,99.33333333333333,43547.375738329036,26.68124601454904
7.166666666666667,100.0,43582.316005211476,26.770630673681687
7.166666666666667,100.66666666666666,43617.69509837362,26.859717877231034
7.166666666666667,101.33333333333333,43653.502369061825,26.948510575210314
7.166666666666667,102.0,43689.72752176763,27.03701166919155
7.166666666666667,102.66666666666666,43726.36059965245,27.125224013411902
7.166666666666667,103.33333333333333,43763.39197069295,27.213150415847768
7.166666666666667,104.0,43800.81231450473,27.30079363925769
7.166666666666667,104.66666666666666,43838.61260980605,27.388156402195293
7.166666666666667,105.33333333333333,43876.629080983534,27.475241379993168
7.166666666666667,106.0,43915.16186723915,27.562051205718827
7.166666666666667,106.66666666666666,43954.04925293105,27.64858847110363
7.166666666666667,107.33333333333333,43993.28329792446,27.734855727445606
7.166666666666667,108.0,44032.856306989044,27.820855486487112
7.166666666666667,108.66666666666666,44072.76082041361,27.906590221268125
7.166666666666667,109.33333333333333,44112.989605051596,27.99206236695602
7.166666666666667,110.0,44153.535645773954,28.077274321652617
7.166666666666667,110.66666666666666,44194.39213730785,28.16222844717923
7.166666666666667,111.33333333333333,44235.552476440746,28.246927069840517
7.166666666666667,112.0,44277.01025457109,28.331372481167705
7.166666666666667,112.66666666666666,44318.759250587456,28.415566938642
7.166666666666667,113.33333333333333,44360.79342405948,28.49951266639874
7.166666666666667,114.0,44403.106908724156,28.583211855912904
7.166666666666667,114.66666666666666,44445.6940062536,28.666666666666664
7.166666666666667,115.33333333333333,44488.54918028894,28.749879226799468
7.166666666666667,116.0,44531.66705072796,28.832851633741214
7.166666666666667,116.66666666666666,44575.042388253605,28.915585954829123
7.166666666666667,117.33333333333333,44618.67010909142,28.998084227908727
7.166666666666667,118.0,44662.54526998515,29.08034846191955
7.166666666666667,118.66666666666666,44706.6630633794,29.162380637465873
7.166666666666667,119.33333333333333,44751.018812799986,29.24418270737314
7.166666666666667,120.0,44795.60796842208,29.32575659723036
7.25,80.0,42690.63345369966,24.08318915758459
7.25,80.66666666666667,42706.97887234881,24.183327590167018
7.25,81.33333333333333,42724.27120021836,24.28305307548181
7.25,82.0,42742.54932295807,24.38237068047322
7.25,82.66666666666667,42761.74763537988,24.48128536930472
7.25,83.33333333333333,42781.836795206764,24.579802006254376
7.25,84.0,42802.78872177564,24.677925358506133
7.25,84.66666666666667,42824.57652829601,24.775660098841634
7.25,85.33333333333333,42847.17445847426,24.873010808236838
7.25,86.0,42870.55782717562,24.969981978367546
7.25,86.66666666666667,42894.702964823235,25.06657801402763
7.25,87.33333333333333,42919.587165260586,25.162803235463784
7.25,88.0,42945.18863682498,25.25866188063018
7.25,88.66666666666667,42971.48645640179,25.354158107366402
7.25,89.33333333333333,42998.46052624767,25.449295995501853
7.25,90.0,43026.09153338815,25.544079548889602
7.25,90.66666666666667,43054.19605516849,25.638512697372548
7.25,91.33333333333333,43083.08371595492,25.73259929868467
7.25,92.0,43112.57478999076,25.826343140289914
7.25,92.66666666666667,43142.65273873298,25.91974794116126
7.25,93.33333333333333,43173.301638466204,26.01281735350223
7.25,94.0,43204.50615182603,26.105554964413226
7.25,94.66666666666667,43236.25150090348,26.197964297504743
7.25,95.33333333333333,43268.52344182801,26.29004881445956
7.25,96.0,43301.308240734266,26.38181191654584
7.25,96.66666666666666,43334.59265102513,26.473256946083026
7.25,97.33333333333333,43368.36389184915,26.564387187862373
7.25,98.0,43402.609627717015,26.655205870523677
7.25,98.66666666666666,43437.317949186785,26.745716167890013
7.25,99.33333333333333,43472.47735455257,26.83592120026191
7.25,100.0,43508.07673247583,26.92582403567252
7.25,100.66666666666666,43544.105345502816,27.01542769110519
7.25,101.33333333333333,43580.55281441567,27.104735133674826
7.25,102.0,43617.40910336754,27.193749281774295
7.25,102.66666666666666,43654.66450575657,27.2824730061872
7.25,103.33333333333333,43692.30963079559,27.370909131168197
7.25,104.0,43730.33539073755,27.45906043549196
7.25,104.66666666666666,43767.750210684535,27.546929653471967
7.25,105.33333333333333,43806.50306776418,27.63451947595012
7.25,106.0,43845.612557391636,27.721832551258224
7.25,106.66666666666666,43885.06782945194,27.808871486152277
7.25,107.33333333333333,43924.86256163329,27.895638846720587
7.25,108.0,43964.98924368478,27.982137159266443
7.25,108.66666666666666,44005.44059470313,28.068368911166413
7.25,109.33333333333333,44046.20955443372,28.1543365517049
7.25,110.0,44087.28927496669,28.24004249288588
7.25,110.66666666666666,44128.673112806515,28.3254891102225
7.25,111.33333333333333,44170.35462129623,28.410678743505347
7.25,112.0,44212.327543377396,28.495613697550013
7.25,112.66666666666666,44254.58580466853,28.580296242924657
7.25,113.33333333333333,44297.12350684571,28.664728616658255
7.25,114.0,44339.93492131023,28.7489130229301
7.25,114.66666666666666,44383.01448312848,28.83285163374121
7.25,115.33333333333333,44426.356785230484,28.91654658956817
7.25,116.0,44469.956572854535,29.000000000000004
7.25,116.66666666666666,44513.808738225365,29.08321394435858
7.25,117.33333333333333,44557.908315454755,29.166190472303143
7.25,118.0,44602.25047565357,29.248931604419333
7.25,118.66666666666666,44646.83052224504,29.33143933279329
7.25,119.33333333333333,44691.643886469836,29.413715621571285
7.25,120.0,44736.68612307339,29.49576240750525
7.333333333333333,80.0,42594.58914370073,24.221202832779934
7.333333333333333,80.66666666666667,42612.017063416504,24.32191512927293
7.333333333333333,81.33333333333333,42630.40393658184,24.422212112018933
7.333333333333333,82.0,42649.71858598276,24.522098876999358
7.333333333333333,82.66666666666667,42669.931200676125,24.62158041682585
7.333333333333333,83.33333333333333,42691.013261206965,24.72066162365221
7.333333333333333,84.0,42712.93746973902,24.819347291981714
7.333333333333333,84.66666666666667,42735.677684722046,24.917642121374342
7.333333333333333,85.33333333333333,42759.208859752325,25.01555071905829
7.333333333333333,86.0,42783.50698631236,25.113077602449817
7.333333333333333,86.66666666666667,42808.54904010279,25.210227201585383
7.333333333333333,87.33333333333333,42834.31736598004,25.30700386146974
7.333333333333333,88.0,42860.78189994892,25.40341184434353
7.333333333333333,88.66666666666667,42887.92670401078,25.499455331873705
7.333333333333333,89.33333333333333,42915.732217275945,25.595138427269955
7.333333333333333,90.0,42943.18255007185,25.69046515733026
7.333333333333333,90.66666666666667,42972.242078222385,25.78543947441829
7.333333333333333,91.33333333333333,43001.908878100934,25.880065258375563
7.333333333333333,92.0,43032.16567206473,25.974346318370873
7.333333333333333,92.66666666666667,43062.99634397183,26.068286394689537
7.333333333333333,93.33333333333333,43094.38537510293,26.161889160464774
7.333333333333333,94.0,43126.31781657426,26.25515822335362
7.333333333333333,94.66666666666667,43158.77926327753,26.34809712715934
7.333333333333333,95.33333333333333,43191.75582924791,26.440709353402585
7.333333333333333,96.0,43225.23412436917,26.5329983228432
7.333333333333333,96.66666666666666,43259.20123233142,26.624967396954474
7.333333333333333,97.33333333333333,43293.64468976253,26.716619879351835
7.333333333333333,98.0,43328.55246646098,26.807959017177463
7.333333333333333,98.66666666666666,43363.91294666197,26.89898800244268
7.333333333333333,99.33333333333333,43399.714911273964,26.989709973329546
7.333333333333333,100.0,43435.93782727922,27.080128015453198
7.333333333333333,100.66666666666666,43472.590607102735,27.17024516308644
7.333333333333333,101.33333333333333,43509.6534302399,27.26006440034783
7.333333333333333,102.0,43547.116504043785,27.349588662354687
7.333333333333333,102.66666666666666,43584.970356369595,27.438820836342234
7.333333333333333,103.33333333333333,43623.2058225346,27.5277637627501
7.333333333333333,104.0,43661.81403291293,27.616420236277303
7.333333333333333,104.66666666666666,43700.78640112963,27.70479300690686
7.333333333333333,105.33333333333333,43740.11461282006,27.792884780901108
7.333333333333333,106.0,43779.7906149233,27.880698221768643
7.333333333333333,106.66666666666666,43819.80660547959,27.96823595120404
7.333333333333333,107.33333333333333,43860.15502390483,28.055500550001085
7.333333333333333,108.0,43900.82854171554,28.142494558940577
7.333333333333333,108.66666666666666,43941.82005368028,28.229220479653502
7.333333333333333,109.33333333333333,43983.12266937478,28.3156807754604
7.333333333333333,110.0,44024.72970511903,28.401877872187725
7.333333333333333,110.66666666666666,44066.6346762765,28.487814158961996
7.333333333333333,111.33333333333333,44108.83128989652,28.57349198898245
7.333333333333333,112.0,44151.31343768167,28.658913680272903
7.333333333333333,112.66666666666666,44194.07518926403,28.744081516413466
7.333333333333333,113.33333333333333,44237.11078577411,28.828997747252874
7.333333333333333,114.0,44280.41463368759,28.91366458960192
7.333333333333333,114.66666666666666,44323.98129893626,28.998084227908727
7.333333333333333,115.33333333333333,44367.80550126955,29.082258814916315
7.333333333333333,116.0,44411.882108854465,29.166190472303146
7.333333333333333,116.66666666666666,44456.20613310219,29.249881291307073
7.333333333333333,117.33333333333333,44500.772723710266,29.333333333333332
7.333333333333333,118.0,44545.57716390973,29.416548630546945
7.333333333333333,118.66666666666666,44590.614865907635,29.499529186450115
7.333333333333333,119.33333333333333,44635.88136651534,29.582276976445055
7.333333333333333,120.0,44681.37232295396,29.664793948382652
7.416666666666667,80.0,42501.42955291293,24.358434541926815
7.416666666666667,80.66666666666667,42519.89152384295,24.459717450898278
7.416666666666667,81.33333333333333,42539.289930446736,24.560582693051526
7.416666666666667,82.0,42559.58283347352,24.661035393240624
7.416666666666667,82.66666666666667,42580.764429017036,24.761080572364186
7.416666666666667,83.33333333333333,42602.79536649694,24.86072315029383
7.416666666666667,84.0,42625.64907455156,24.95996794869737
7.416666666666667,84.66666666666667,42649.30010364734,25.058819693761407
7.416666666666667,85.33333333333333,42673.72406696487,25.157283018817612
7.416666666666667,86.0,42698.89758502237,25.25536246687688
7.416666666666667,86.66666666666667,42724.79823376133,25.353062493075228
7.416666666666667,87.33333333333333,42751.40449584163,25.450387467035195
7.416666666666667,88.0,42778.69571491484,25.547341675146296
7.416666666666667,88.66666666666667,42806.65205266338,25.643929322767818
7.416666666666667,89.33333333333333,42835.254448410364,25.740154536357306
7.416666666666667,90.0,42864.48458112097,25.836021365527625
7.416666666666667,90.66666666666667,42894.32483362992,25.931533785035633
7.416666666666667,91.33333333333333,42924.75825894348,26.026695696705122
7.416666666666667,92.0,42955.76854847518,26.121510931286753
7.416666666666667,92.66666666666667,42987.340002086465,26.215983250257423
7.416666666666667,93.33333333333333,43019.45749981231,26.310116347561486
7.416666666666667,94.0,43052.10647516148,26.403913851296114
7.416666666666667,94.66666666666667,43085.27288988935,26.497379325342933
7.416666666666667,95.33333333333333,43118.94321014835,26.590516270948097
7.416666666666667,96.0,43153.10438392872,26.68332812825267
7.416666666666667,96.66666666666666,43187.74381970786,26.775818277775276
7.416666666666667,97.33333333333333,43222.84936623306,26.86799004184885
7.416666666666667,98.0,43258.40929336748,26.959846686013133
7.416666666666667,98.66666666666666,43294.41227393406,27.051391420364638
7.416666666666667,99.33333333333333,43330.84736649707,27.14262740086564
7.416666666666667,100.0,43367.70399902457,27.233557730613654
7.416666666666667,100.66666666666666,43404.97195337946,27.324185461072965
7.416666666666667,101.33333333333333,43442.641350590224,27.41451359326945
7.416666666666667,102.0,43480.702636855414,27.504545078950134
7.416666666666667,102.66666666666666,43519.14657023972,27.59428282170864
7.416666666666667,103.33333333333333,43557.96420802142,27.68372967807786
7.416666666666667,104.0,43597.14689465428,27.77288845859093
7.416666666666667,104.66666666666666,43636.68625030914,27.86176192881164
7.416666666666667,105.33333333333333,43676.574159962605,27.950352810335367
7.416666666666667,106.0,43716.80276300248,28.038663781761546
7.416666666666667,106.66666666666666,43757.364443321334,28.126697479638647
7.416666666666667,107.33333333333333,43798.25181987173,28.214456499382646
7.416666666666667,108.0,43839.45773765786,28.30194339616981
7.416666666666667,108.66666666666666,43880.97525914009,28.389160685804793
7.416666666666667,109.33333333333333,43922.79765603062,28.476110845564722
7.416666666666667,110.0,43964.91840145925,28.562796315020236
7.416666666666667,110.66666666666666,44007.33116249,28.64921949683408
7.416666666666667,111.33333333333333,44050.02979297021,28.735382757538172
7.416666666666667,112.0,44093.00832669502,28.821288428289716
7.416666666666667,112.66666666666666,44136.26097087083,28.906938805607055
7.416666666666667,113.33333333333333,44179.78209986279,28.992336152086047
7.416666666666667,114.0,44223.566249211675,29.077482697097423
7.416666666666667,114.66666666666666,44267.60810990703,29.162380637465873
7.416666666666667,115.33333333333333,44311.90252290317,29.247032138131363
7.416666666666667,116.0,44356.44447386679,29.331439332793295
7.416666666666667,116.66666666666666,44401.2290881443,29.415604324537984
7.416666666666667,117.33333333333333,44446.25162593828,29.499529186450115
7.416666666666667,118.0,44491.50747768315,29.58321596220848
7.416666666666667,118.66666666666666,44536.99215961018,29.666666666666668
7.416666666666667,119.33333333333333,44582.70130949301,29.749883286419053
7.416666666666667,120.0,44628.630682565126,29.832867780352597
7.5,80.0,42412.64089471011,24.49489742783178
7.5,80.66666666666667,42432.116870150574,24.596747752497688
7.5,81.33333333333333,42452.508301343114,24.698178070456937
7.5,82.0,42473.78460777626,24.79919353527449
7.5,82.66666666666667,42495.91757280384,24.899799195977465
7.5,83.33333333333333,42518.88019345954,25.0
7.5,84.0,42542.64661529385,25.099800796022265
7.5,84.66666666666667,42567.19207140923,25.199206336708304
7.5,85.33333333333333,42592.49282537791,25.298221281347036
7.5,86.0,42618.52611775384,25.39685019840059
7.5,86.66666666666667,42645.270115915235,25.495097567963924
7.5,87.33333333333333,42672.703866995405,25.592967784139454
7.5,88.0,42700.80725368067,25.69046515733026
7.5,88.66666666666667,42729.5609526713,25.787593916455254
7.5,89.33333333333333,42758.94639561874,25.88435821108957
7.5,90.0,42788.945732366774,25.98076211353316
7.5,90.66666666666667,42819.54179633852,26.076809620810597
7.5,91.33333333333333,42850.718071922856,26.1725046566048
7.5,92.0,42882.458663726014,26.267851073127396
7.5,92.66666666666667,42914.74826756376,26.362852652928137
7.5,93.33333333333333,42947.57214307943,26.457513110645905
7.5,94.0,42980.91608788163,26.551836094703507
7.5,94.66666666666667,43014.76641310328,26.645825188948454
7.5,95.33333333333333,43049.10992029087,26.739483914241873
7.5,96.0,43083.93387953979,26.832815729997478
7.5,96.66666666666666,43119.22600879733,26.92582403567252
7.5,97.33333333333333,43154.97445426057,27.018512172212592
7.5,98.0,43191.16777180196,27.110883423451916
7.5,98.66666666666666,43227.794909359436,27.20294101747088
7.5,99.33333333333333,43264.84519023313,27.294688127912362
7.5,100.0,43302.30829723414,27.386127875258307
7.5,100.66666666666666,43340.174257634404,27.47726332806817
7.5,101.33333333333333,43378.43342887116,27.568097504180443
7.5,102.0,43417.07648496139,27.65863337187866
7.5,102.66666666666666,43456.094403585346,27.748873851023212
7.5,103.33333333333333,43495.478453800926,27.83882181415011
7.5,104.0,43535.22018435274,27.92848008753788
7.5,104.66666666666666,43575.3114125427,28.017851452243796
7.5,105.33333333333333,43615.74421363022,28.106938645110393
7.5,106.0,43656.51091073321,28.19574435974337
7.5,106.66666666666666,43697.60406520208,28.2842712474619
7.5,107.33333333333333,43739.0164674408,28.372521918222215
7.5,108.0,43780.74112815106,28.460498941515414
7.5,108.66666666666666,43822.77126997692,28.54820484724039
7.5,109.33333333333333,43865.1003195282,28.635642126552707
7.5,110.0,43907.721899763186,28.722813232690147
7.5,110.66666666666666,43950.629822711155,28.809720581775867
7.5,111.33333333333333,43993.81808251781,28.89636655359978
7.5,112.0,44037.280848796305,28.982753492378876
7.5,112.66666666666666,44081.01246026861,29.068883707497264
7.5,113.33333333333333,44125.00741868228,29.154759474226505
7.5,114.0,44169.26038298887,29.24038303442689
7.5,114.66666666666666,44213.71277224955,29.32575659723036
7.5,115.33333333333333,44258.466319332285,29.410882339705484
7.5,116.0,44303.462736351226,29.495762407505254
7.5,116.66666666666666,44348.69725764148,29.58039891549808
7.5,117.33333333333333,44394.165249126156,29.664793948382652
7.5,118.0,44439.86220381373,29.748949561287034
7.5,118.66666666666666,44485.78373747948,29.832867780352593
7.5,119.33333333333333,44531.92558452229,29.916550603303182
7.5,120.0,44578.28359398845,30.0
7.583333333333333,80.0,42355.97427325732,24.63060426921489
7.583333333333333,80.66666666666667,42347.94711110163,24.73301886592541
7.583333333333333,81.33333333333333,42369.10163890002,24.835011129004506
7.583333333333333,82.0,42391.31704812437,24.93658624056896
7.583333333333333,82.66666666666667,42414.36961328451,25.037749277618563
7.583333333333333,83.33333333333333,42438.23304655895,25.13850521499726
7.583333333333333,84.0,42462.88217421511,25.238858928247925
7.583333333333333,84.66666666666667,42488.292877699474,25.33881519636535
7.583333333333333,85.33333333333333,42514.442038464134,25.438378704451882
7.583333333333333,86.0,42541.30748625419,25.537554046279894
7.583333333333333,86.66666666666667,42568.86795060186,25.636345726765004
7.583333333333333,87.33333333333333,42597.1030152964,25.73475816435386
7.583333333333333,88.0,42625.99307561627,25.832795693330084
7.583333333333333,88.66666666666667,42655.51929812869,25.93046256604168
7.583333333333333,89.33333333333333,42685.6635828765,26.02776295505329
7.583333333333333,90.0,42716.34820538169,26.124700955226263
7.583333333333333,90.66666666666667,42747.67716606254,26.221280585729513
7.583333333333333,91.33333333333333,42779.57394347408,26.317505791983994
7.583333333333333,92.0,42812.02303546376,26.413380447543375
7.583333333333333,92.66666666666667,42845.009514771264,26.508908355913533
7.583333333333333,93.33333333333333,42878.51900248669,26.60409325231322
7.583333333333333,94.0,42912.537642976866,26.698938805378262
7.583333333333333,94.66666666666667,42947.05208018506,26.793448618811443
7.583333333333333,95.33333333333333,42982.04943521649,26.887626232980185
7.583333333333333,96.0,43017.517285128546,26.981475126464083
7.583333333333333,96.66666666666666,43053.443642849925,27.074998717554088
7.583333333333333,97.33333333333333,43089.81693815906,27.168200365705328
7.583333333333333,98.0,43126.625999656535,27.26108337294515
7.583333333333333,98.66666666666666,43163.86003767077,27.353650985238186
7.583333333333333,99.33333333333333,43201.50862804131,27.445906393809945
7.583333333333333,100.0,43239.56169672654,27.53785273643051
7.583333333333333,100.66666666666666,43278.00950518744,27.629493098659786
7.583333333333333,101.33333333333333,43316.84263650176,27.720830515055717
7.583333333333333,102.0,43356.051982165896,27.81186797034676
7.583333333333333,102.66666666666666,43395.62872954499,27.902608400569928
7.583333333333333,103.33333333333333,43435.564349934255,27.99305469417568
7.583333333333333,104.0,43475.850587196495,28.083209693100724
7.583333333333333,104.66666666666666,43516.47944694391,28.17307619380997
7.583333333333333,105.33333333333333,43557.443186233395,28.262656948308624
7.583333333333333,106.0,43598.734303747275,28.35195466512553
7.583333333333333,106.66666666666666,43640.345530432714,28.44097201026872
7.583333333333333,107.33333333333333,43682.26982057482,28.52971160815413
7.583333333333333,108.0,43724.500343280066,28.61817604250837
7.583333333333333,108.66666666666666,43767.03047434827,28.70636785724651
7.583333333333333,109.33333333333333,43809.85378851207,28.794289557325616
7.583333333333333,110.0,43852.964052025134,28.88194360957494
7.583333333333333,110.66666666666666,43896.355215580195,28.96933244350346
7.583333333333333,111.33333333333333,43940.0214075404,29.056458452085618
7.583333333333333,112.0,43983.95692746764,29.143323992525858
7.583333333333333,112.66666666666666,44028.15623993243,29.229931387002754
7.583333333333333,113.33333333333333,44072.613968591635,29.31628292339335
7.583333333333333,114.0,44117.32489051994,29.402380855978315
7.583333333333333,114.66666666666666,44162.28393078296,29.488227406128626
7.583333333333333,115.33333333333333,44207.48615723963,29.573824762974287
7.583333333333333,116.0,44252.92677556272,29.659175084055637
7.583333333333333,116.66666666666666,44298.60112446691,29.74428049595791
7.583333333333333,117.33333333333333,44344.50467113416,29.829143094929456
7.583333333333333,118.0,44390.63300682719,29.913764947484182
7.583333333333333,118.66666666666666,44436.9818426817,29.998148090988696
7.583333333333333,119.33333333333333,44483.54700566919,30.08229453423466
7.583333333333333,120.0,44530.32443472197,30.166206257996713
7.666666666666667,80.0,42313.904310280566,24.765567494675615
7.666666666666667,80.66666666666667,42266.73216360988,24.86854327145932
7.666666666666667,81.33333333333333,42288.83263246725,24.97109440043739
7.666666666666667,82.0,42311.954718938425,25.073226092121985
7.666666666666667,82.66666666666667,42335.897148826385,25.17494345133228
7.666666666666667,83.33333333333333,42360.632499350424,25.276251480171837
7.666666666666667,84.0,42386.13624344593,25.377155080899044
7.666666666666667,84.66666666666667,42412.38487865883,25.477659058695153
7.666666666666667,85.33333333333333,42439.35587376411,25.577768124334504
7.666666666666667,86.0,42467.02761871941,25.677486896761014
7.666666666666667,86.66666666666667,42495.37937771121,25.776819905574943
7.666666666666667,87.33333333333333,42524.39124507062,25.8757715934338
7.666666666666667,88.0,42554.04410385426,25.974346318370877
7.666666666666667,88.66666666666667,42584.31958690269,26.072548356034897
7.666666666666667,89.33333333333333,42615.200040203395,26.17038190185403
7.666666666666667,90.0,42646.66848839935,26.267851073127396
7.666666666666667,90.66666666666667,42678.70860229702,26.36495991104692
7.666666666666667,91.33333333333333,42711.30466823839,26.461712382652454
7.666666666666667,92.0,42744.44155921248,26.558112382722786
7.666666666666667,92.66666666666667,42778.10470759137,26.654163735605074
7.666666666666667,93.33333333333333,42812.28007938416,26.749870196985174
7.666666666666667,94.0,42846.95414991036,26.84523545560118
7.666666666666667,94.66666666666667,42882.11388080156,26.940263134902334
7.666666666666667,95.33333333333333,42917.74669824704,27.034956794655486
7.666666666666667,96.0,42953.8404724047,27.129319932501076
7.666666666666667,96.66666666666666,42990.38349790461,27.223355985460557
7.666666666666667,97.33333333333333,43027.36447537788,27.317068331397174
7.666666666666667,98.0,43064.772493947785,27.410460290431704
7.666666666666667,98.66666666666666,43102.59701462478,27.503535126315022
7.666666666666667,99.33333333333333,43140.82785455123,27.59629604775894
7.666666666666667,100.0,43179.455172044996,27.68874620972692
7.666666666666667,100.66666666666666,43218.46945239488,27.780888714686178
7.666666666666667,101.33333333333333,43257.861494363686,27.872726613822497
7.666666666666667,102.0,43297.62239735827,27.964262908219126
7.666666666666667,102.66666666666666,43337.74354922758,28.055500550001085
7.666666666666667,103.33333333333333,43378.21661465353,28.14644244344607
7.666666666666667,104.0,43419.03352410066,28.23709144606316
7.666666666666667,104.66666666666666,43460.18646329353,28.327450369640477
7.666666666666667,105.33333333333333,43501.66786319259,28.417521981262823
7.666666666666667,106.0,43543.47039044069,28.507309004300403
7.666666666666667,106.66666666666666,43585.586938254855,28.596814119369622
7.666666666666667,107.33333333333333,43628.01061773891,28.68603996526689
7.666666666666667,108.0,43670.73474959459,28.77498913987632
7.666666666666667,108.66666666666666,43713.75285620955,28.863664201052355
7.666666666666667,109.33333333333333,43757.05865410245,28.95206766747795
7.666666666666667,110.0,43800.646046706606,29.04020201949934
7.666666666666667,110.66666666666666,43844.50911747408,29.12806969993797
7.666666666666667,111.33333333333333,43888.64212328401,29.215673114880577
7.666666666666667,112.0,43933.03948813947,29.303014634447884
7.666666666666667,112.66666666666666,43977.69579713794,29.39009659354283
7.666666666666667,113.33333333333333,44022.60579070217,29.47692129257886
7.666666666666667,114.0,44067.76435905736,29.563490998188968
7.666666666666667,114.66666666666666,44113.16653694359,29.649807943916116
7.666666666666667,115.33333333333333,44158.80749855083,29.73587433088562
7.666666666666667,116.0,44204.68255266621,29.82169232846006
7.666666666666667,116.66666666666666,44250.78713802306,29.90726407487727
7.666666666666667,117.33333333333333,44297.11681884188,29.99259167787198
7.666666666666667,118.0,44343.66728055413,30.07767721528155
7.666666666666667,118.66666666666666,44390.43432569997,30.16252273563632
7.666666666666667,119.33333333333333,44437.41386999202,30.247130258735112
7.666666666666667,120.0,44484.60193853693,30.331501776206203
7.75,80.0,42273.82912113215,24.89979919597747
7.75,80.66666666666667,42228.18742558947,25.003333111140737
7.75,81.33333333333333,42211.47182294502,25.106440076867397
7.75,82.0,42235.68226050612,25.209125331911064
7.75,82.66666666666667,42260.486211259005,25.311394008759507
7.75,83.33333333333333,42286.06592032268,25.413251136628176
7.75,84.0,42312.39747659194,25.51470164434615
7.75,84.66666666666667,42339.45796456965,25.615750363139213
7.75,85.33333333333333,42367.225412678694,25.716402029314548
7.75,86.0,42395.678744791956,25.816661286851176
7.75,86.66666666666667,42424.79773474607,25.91653268990022
7.75,87.33333333333333,42454.56296362531,26.016020705198812
7.75,88.0,42484.95577961887,26.115129714401192
7.75,88.66666666666667,42515.958260270774,26.213864016330493
7.75,89.33333333333333,42547.55317695613,26.312227829154516
7.75,90.0,42579.72396143105,26.410225292488516
7.75,90.66666666666667,42612.45467431473,26.50786046942806
7.75,91.33333333333333,42645.729975373935,26.60513734851473
7.75,92.0,42679.53509548972,26.70205984563738
7.75,92.66666666666667,42713.85581019529,26.798631805871484
7.75,93.33333333333333,42748.67841468263,26.89485700525908
7.75,94.0,42783.98849187913,26.99073915253156
7.75,94.66666666666667,42819.77573334888,27.086281890777602
7.75,95.33333333333333,42856.0266379723,27.181488799058325
7.75,96.0,42892.72935584404,27.276363393971714
7.75,96.66666666666666,42929.87245068933,27.370909131168197
7.75,97.33333333333333,42967.444881914,27.465129406819358
7.75,98.0,43005.43598758723,27.55902755904134
7.75,98.66666666666666,43043.835468300174,27.652606869274848
7.75,99.33333333333333,43082.63337184817,27.745870563623217
7.75,100.0,43121.820078687626,27.838821814150112
7.75,100.66666666666666,43161.3862881217,27.93146374013841
7.75,101.33333333333333,43201.323005172606,28.0237994093116
7.75,102.0,43241.62152810052,28.115831839019098
7.75,102.66666666666666,43282.27343653215,28.207563997386703
7.75,103.33333333333333,43323.270580164186,28.298998804433584
7.75,104.0,43364.60506800939,28.39013913315678
7.75,104.66666666666666,43406.26925815483,28.480987810584566
7.75,105.33333333333333,43448.25574800383,28.571547618799606
7.75,106.0,43490.557364975226,28.66182129593303
7.75,106.66666666666666,43533.16715763487,28.751811537130433
7.75,107.33333333333333,43576.07838723591,28.841520995490747
7.75,108.0,43619.284519646106,28.93095228297887
7.75,108.66666666666666,43662.77921764138,29.020107971313042
7.75,109.33333333333333,43706.556333546454,29.10899059282773
7.75,110.0,43750.609902204145,29.19760264131287
7.75,110.66666666666666,43794.934134256604,29.285946572830234
7.75,111.33333333333333,43839.52340972188,29.374024806507762
7.75,112.0,43884.372271851214,29.461839725312473
7.75,112.66666666666666,43929.475421252406,29.54939367680269
7.75,113.33333333333333,43974.82771026608,29.636688973860313
7.75,114.0,44020.424137582064,29.7237278954037
7.75,114.66666666666666,44066.259843084066,29.81051268708183
7.75,115.33333333333333,44112.33010291116,29.89704556195032
7.75,116.0,44158.630324725695,29.983328701129903
7.75,116.66666666666666,44205.156043177674,30.069364254447862
7.75,117.33333333333333,44251.90291555563,30.155154341063046
7.75,118.0,44298.866717615696,30.240701050074883
7.75,118.66666666666666,44346.04333957993,30.32600644111695
7.75,119.33333333333333,44393.42878229612,30.41107254493556
7.75,120.0,44441.019153551424,30.495901363953813
7.833333333333333,80.0,42235.658208614484,25.033311140691453
7.833333333333333,80.66666666666667,42191.49803928314,25.1374002014705
7.833333333333333,81.33333333333333,42150.872534607835,25.2410600235234
7.833333333333333,82.0,42161.9230191224,25.344295873693817
7.833333333333333,82.66666666666667,42187.93582084042,25.447112911989755
7.833333333333333,83.33333333333333,42214.33396931167,25.549516194593153
7.833333333333333,84.0,42241.46812891293,25.65151067676132
7.833333333333333,84.66666666666667,42269.315943375834,25.75310121562493
7.833333333333333,85.33333333333333,42297.85597445877,25.85429257288709
7.833333333333333,86.0,42327.06765496397,25.955089417427686
7.833333333333333,86.66666666666667,42356.9312446371,26.055496327817075
7.833333333333333,87.33333333333333,42387.427788742854,26.155517794742874
7.833333333333333,88.0,42418.539079128015,26.25515822335362
7.833333333333333,88.66666666666667,42450.24761759722,26.354421935522616
7.833333333333333,89.33333333333333,42482.536581441695,26.45331317203533
7.833333333333333,90.0,42515.38979097354,26.551836094703507
7.833333333333333,90.66666666666667,42548.791678929156,26.649994788408915
7.833333333333333,91.33333333333333,42582.727261617234,26.74779326307956
7.833333333333333,92.0,42617.18211169445,26.84523545560118
7.833333333333333,92.66666666666667,42652.14233246258,26.94232523166642
7.833333333333333,93.33333333333333,42687.59453358777,27.03906638756433
7.833333333333333,94.0,42723.525808150225,27.135462651912412
7.833333333333333,94.66666666666667,42759.92371093941,27.23151768733347
7.833333333333333,95.33333333333333,42796.77623791619,27.327235092079434
7.833333333333333,96.0,42834.07180676855,27.422618401604176
7.833333333333333,96.66666666666666,42871.79923849338,27.517671090087223
7.833333333333333,97.33333333333333,42909.94773994106,27.612396571910313
7.833333333333333,98.0,42948.50688726427,27.70679820308847
7.833333333333333,98.66666666666666,42987.4666102165,27.800879282657387
7.833333333333333,99.33333333333333,43026.81717724948,27.894643054018655
7.833333333333333,100.0,43066.54918136211,27.988092706244444
7.833333333333333,100.66666666666666,43106.653526656984,28.081231375343133
7.833333333333333,101.33333333333333,43147.12141556289,28.17406214548725
7.833333333333333,102.0,43187.94433668536,28.26658805020514
7.833333333333333,102.66666666666666,43229.11405324898,28.358812073537603
7.833333333333333,103.33333333333333,43270.62259209814,28.450737151160855
7.833333333333333,104.0,43312.46223322448,28.54236617147686
7.833333333333333,104.66666666666666,43354.16287655256,28.633701976672327
7.833333333333333,105.33333333333333,43396.64204272197,28.724747363747362
7.833333333333333,106.0,43439.43056460851,28.81550508551487
7.833333333333333,106.66666666666666,43482.52163959139,28.905977851571734
7.833333333333333,107.33333333333333,43525.90867278044,28.99616832924271
7.833333333333333,108.0,43569.58526914868,29.086079144497976
7.833333333333333,108.66666666666666,43613.54522602079,29.175712882845247
7.833333333333333,109.33333333333333,43657.78252589931,29.26507209019729
7.833333333333333,110.0,43702.291329610394,29.354159273715656
7.833333333333333,110.66666666666666,43747.06596975289,29.44297690263145
7.833333333333333,111.33333333333333,43792.10094443502,29.5315274090439
7.833333333333333,112.0,43837.39091128395,29.619813188697417
7.833333333333333,112.66666666666666,43882.9306817144,29.707836601737856
7.833333333333333,113.33333333333333,43928.715215443335,29.79559997344873
7.833333333333333,114.0,43974.73961523839,29.883105594967873
7.833333333333333,114.66666666666666,44020.99912188843,29.970355723985364
7.833333333333333,115.33333333333333,44067.48910938533,30.057352585423164
7.833333333333333,116.0,44114.20508030674,30.144098372097098
7.833333333333333,116.66666666666666,44161.14266138991,30.23059524536176
7.833333333333333,117.33333333333333,44208.29759928749,30.31684533573886
7.833333333333333,118.0,44255.66575649666,30.40285074352952
7.833333333333333,118.66666666666666,44303.24310745321,30.488613539410995
7.833333333333333,119.33333333333333,44351.02573478288,30.57413576501841
7.833333333333333,120.0,44399.00982570253,30.659419433511786
7.916666666666667,80.0,42199.306459142936,25.166114784235834
7.916666666666667,80.66666666666667,42156.581429864586,25.270756045498743
7.916666666666667,81.33333333333333,42117.345918937295,25.374965790891007
7.916666666666667,82.0,42091.90247328836,25.478749315197298
7.916666666666667,82.66666666666667,42118.05240545317,25.582111805799858
7.916666666666667,83.33333333333333,42145.301519711764,25.685058345704068
7.916666666666667,84.0,42173.21452842603,25.787593916455254
7.916666666666667,84.66666666666667,42201.82655385673,25.889723400951542
7.916666666666667,85.33333333333333,42231.116666615904,25.991451586157236
7.916666666666667,86.0,42260.58844757869,26.092783165721002
7.916666666666667,86.66666666666667,42291.17519101786,26.193722742502853
7.916666666666667,87.33333333333333,42322.38214437882,26.29427483101386
7.916666666666667,88.0,42354.19152267567,26.394443859772206
7.916666666666667,88.66666666666667,42386.5913637509,26.49423417357906
7.916666666666667,89.33333333333333,42419.55492095523,26.59365003571759
7.916666666666667,90.0,42453.07156716535,26.692695630078276
7.916666666666667,90.66666666666667,42487.12609038245,26.791375063213493
7.916666666666667,91.33333333333333,42521.70384739782,26.88969236632423
7.916666666666667,92.0,42556.79073733227,26.987651497181695
7.916666666666667,92.66666666666667,42592.373176649584,27.08525634198634
7.916666666666667,93.33333333333333,42628.43807554857,27.182510717166817
7.916666666666667,94.0,42664.972815645146,27.279418371121235
7.916666666666667,94.66666666666667,42701.965228862035,27.375982985902887
7.916666666666667,95.33333333333333,42739.403577450365,27.472208178852714
7.916666666666667,96.0,42777.27653507219,27.568097504180443
7.916666666666667,96.66666666666666,42815.57316887848,27.663654454496385
7.916666666666667,97.33333333333333,42854.28292252157,27.75888246229584
7.916666666666667,98.0,42893.395600045136,27.85378490139775
7.916666666666667,98.66666666666666,42932.9013505993,27.948365088339443
7.916666666666667,99.33333333333333,42972.79065393113,28.042626283729007
7.916666666666667,100.0,43013.054306605205,28.13657169355689
7.916666666666667,100.66666666666666,43053.68340891136,28.230204470468227
7.916666666666667,101.33333333333333,43094.66935241938,28.323527714997333
7.916666666666667,102.0,43136.00380814397,28.416544476765644
7.916666666666667,102.66666666666666,43177.678715284645,28.50925775564453
7.916666666666667,103.33333333333333,43219.686270508435,28.60167050288419
7.916666666666667,104.0,43262.261408095364,28.69378562220979
7.916666666666667,104.66666666666666,43304.91224718338,28.785605970886056
7.916666666666667,105.33333333333333,43347.873771053666,28.877134360751395
7.916666666666667,106.0,43391.1391089571,28.968373559222595
7.916666666666667,106.66666666666666,43434.70160116009,29.05932629027116
7.916666666666667,107.33333333333333,43478.554790907496,29.149995235372206
7.916666666666667,108.0,43522.692416751524,29.24038303442689
7.916666666666667,108.66666666666666,43567.10840522709,29.33049228665925
7.916666666666667,109.33333333333333,43611.796863855525,29.420325551488304
7.916666666666667,110.0,43656.75207445944,29.50988534937629
7.916666666666667,110.66666666666666,43701.96848677268,29.59917416265378
7.916666666666667,111.33333333333333,43747.440712330186,29.688194436322476
7.916666666666667,112.0,43793.16351862348,29.776948578836393
7.916666666666667,112.66666666666666,43839.13182350844,29.865438962862147
7.916666666666667,113.33333333333333,43885.34068985261,29.953667926019047
7.916666666666667,114.0,43931.78532041,30.041637771599603
7.916666666666667,114.66666666666666,43978.46105291248,30.129350769271113
7.916666666666667,115.33333333333333,44025.36335536667,30.21680915575891
7.916666666666667,116.0,44072.48782154668,30.304015135511886
7.916666666666667,116.66666666666666,44119.83016667305,30.390970881350782
7.916666666666667,117.33333333333333,44167.38622326888,30.477678535099894
7.916666666666667,118.0,44215.15193718495,30.5641402082026
7.916666666666667,118.66666666666666,44263.12336378544,30.650357982321257
7.916666666666667,119.33333333333333,44311.29666428722,30.73633390992202
7.916666666666667,120.0,44359.668102244796,30.822070014844883
8.0,80.0,42164.693743754295,25.298221281347036
8.0,80.66666666666667,42123.35983447087,25.403411844343534
8.0,81.33333333333333,42085.4570126377,25.508168626278653
8.0,82.0,42050.30224270302,25.612496949731394
8.0,82.66666666666667,42050.61610872414,25.716402029314548
8.0,83.33333333333333,42078.63492954797,25.81988897471611
8.0,84.0,42107.274816905214,25.92296279363144
8.0,84.66666666666667,42136.629514431246,26.025628394590846
8.0,85.33333333333333,42166.64873593319,26.127890589687233
8.0,86.0,42197.31286376875,26.229754097208
8.0,86.66666666666667,42228.60306459846,26.331223544175334
8.0,87.33333333333333,42260.501250337205,26.43230346879868
8.0,88.0,42292.99004143561,26.5329983228432
8.0,88.66666666666667,42326.052732328484,26.633312473917574
8.0,89.33333333333333,42359.67325890184,26.733250207684563
8.0,90.0,42393.836167841124,26.832815729997478
8.0,90.66666666666667,42428.52658773342,26.932013168965543
8.0,91.33333333333333,42463.73020180736,27.030846576951056
8.0,92.0,42499.433222202104,27.129319932501073
8.0,92.66666666666667,42535.62236566582,27.227437142216182
8.0,93.33333333333333,42572.28483059095,27.325202042558928
8.0,94.0,42609.40827530071,27.422618401604176
8.0,94.66666666666667,42646.98079750748,27.519689920733722
8.0,95.33333333333333,42684.9909148692,27.616420236277303
8.0,96.0,42723.4275465758,27.712812921102035
8.0,96.66666666666666,42762.27999590168,27.808871486152277
8.0,97.33333333333333,42801.53793366562,27.9045993819418
8.0,98.0,42841.19138254288,27.999999999999996
8.0,98.66666666666666,42881.23070217843,28.095076674273965
8.0,99.33333333333333,42921.64657505399,28.189832682487964
8.0,100.0,42962.42999306376,28.284271247461902
8.0,100.66666666666666,43003.57224475827,28.37839553839035
8.0,101.33333333333333,43045.064903217026,28.472208672083493
8.0,102.0,43086.899814514174,28.5657137141714
8.0,102.66666666666666,43129.069086743264,28.658913680272903
8.0,103.33333333333333,43171.56507956992,28.751811537130433
8.0,104.0,43214.3803942821,28.844410203711913
8.0,104.66666666666666,43257.507864311476,28.936712552280937
8.0,105.33333333333333,43300.94054619879,29.028721409436322
8.0,106.0,43344.67171097987,29.120439557122072
8.0,106.66666666666666,43388.69483596919,29.211869733608857
8.0,107.33333333333333,43433.0035969194,29.303014634447884
8.0,108.0,43477.5918605373,29.393876913398138
8.0,108.66666666666666,43522.453677336925,29.484459183327974
8.0,109.33333333333333,43567.58327481234,29.574764017091777
8.0,110.0,43612.97505091357,29.664793948382655
8.0,110.66666666666666,43658.62356780964,29.754551472561865
8.0,111.33333333333333,43704.52354592449,29.844039047465856
8.0,112.0,43750.66985823148,29.93325909419153
8.0,112.66666666666666,43797.05752479376,30.02221399786054
8.0,113.33333333333333,43843.68170753786,30.110906108363242
8.0,114.0,43890.53770524931,30.199337741083
8.0,114.66666666666666,43937.62094877883,30.28751117760146
8.0,115.33333333333333,43984.92699644924,30.37542866638538
8.0,116.0,44032.451529653066,30.463092423455635
8.0,116.66666666666666,44080.190348631644,30.550504633038933
8.0,117.33333333333333,44128.139368427095,30.63766744820282
8.0,118.0,44176.29461499895,30.72458299147443
8.0,118.66666666666666,44224.65222149751,30.81125335544358
8.0,119.33333333333333,44273.20842468674,30.897680603350583
8.0,120.0,44321.95956150954,30.983866769659336
8.083333333333334,80.0,42131.66455757843,25.429641497014202
8.083333333333334,80.66666666666667,42091.75995301944,25.535378508170886
8.083333333333334,81.33333333333333,42055.164173138524,25.640679484842916
8.083333333333334,82.0,42021.27213006034,25.745549777259242
8.083333333333334,82.66666666666667,41989.82061706735,25.84999462712173
8.083333333333334,83.33333333333333,42014.48401592478,25.954019170662395
8.083333333333334,84.0,42044.03890126598,26.057628441590765
8.083333333333334,84.66666666666667,42074.11506204831,26.16082737393619
8.083333333333334,85.33333333333333,42104.842743022185,26.263620804789614
8.083333333333334,86.0,42136.20277003846,26.3660134769492
8.083333333333334,86.66666666666667,42168.17673345164,26.468010041473757
8.083333333333334,87.33333333333333,42200.74695016886,26.56961506014802
8.083333333333334,88.0,42233.89642795569,26.670833007863354
8.083333333333334,88.66666666666667,42267.608831842444,26.771668274917467
8.083333333333334,89.33333333333333,42301.86845248724,26.87212516923645
8.083333333333334,90.0,42336.66017636284,26.972207918522354
8.083333333333334,90.66666666666667,42371.96945764494,27.071920672329274
8.083333333333334,91.33333333333333,42407.782291688476,27.171267504070872
8.083333333333334,92.0,42444.08518998802,27.270252412962126
8.083333333333334,92.66666666666667,42480.86515652508,27.368879325897794
8.083333333333334,93.33333333333333,42518.109665412834,27.46715209927022
8.083333333333334,94.0,42555.80663975591,27.565074520728825
8.083333333333334,94.66666666666667,42593.94443164762,27.662650310883485
8.083333333333334,95.33333333333333,42632.51180323404,27.759883124954094
8.083333333333334,96.0,42671.497908778,27.85677655436824
8.083333333333334,96.66666666666666,42710.892277662315,27.953334128309077
8.083333333333334,97.33333333333333,42750.68479827405,28.049559315215237
8.083333333333334,98.0,42790.865702717536,28.145455524234578
8.083333333333334,98.66666666666666,42831.425552305955,28.24102610663351
8.083333333333334,99.33333333333333,42872.35522378549,28.33627435716355
8.083333333333334,100.0,42913.64589624897,28.431203515386635
8.083333333333334,100.66666666666666,42955.28903869901,28.525816766960805
8.083333333333334,101.33333333333333,42997.27639822273,28.62011724488757
8.083333333333334,102.0,43039.59998874355,28.71410803072246
8.083333333333334,102.66666666666666,43082.252080316735,28.80779215574996
8.083333333333334,103.33333333333333,43125.22518893865,28.90117260212426
8.083333333333334,104.0,43168.51206684059,28.994252303976847
8.083333333333334,104.66666666666666,43212.10569324061,29.08703414849227
8.083333333333334,105.33333333333333,43255.99926552806,29.179520976953075
8.083333333333334,106.0,43300.18619085755,29.27171558575502
8.083333333333334,106.66666666666666,43344.66007812972,29.363620727393652
8.083333333333334,107.33333333333333,43389.414730338605,29.455239111423136
8.083333333333334,108.0,43434.44413726587,29.546573405388315
8.083333333333334,108.66666666666666,43479.74246850345,29.637626235730973
8.083333333333334,109.33333333333333,43525.30406678792,29.728400188671067
8.083333333333334,110.0,43571.12344162978,29.818897811063824
8.083333333333334,110.66666666666666,43617.19526322298,29.909121611233516
8.083333333333334,111.33333333333333,43663.514356619955,29.999074059784654
8.083333333333334,112.0,43710.075696159154,30.088757590391356
8.083333333333334,112.66666666666666,43756.87440013169,30.17817460056559
8.083333333333334,113.33333333333333,43803.90572567598,30.26732745240503
8.083333333333334,114.0,43851.16506388825,30.356218473321082
8.083333333333334,114.66666666666666,43898.64793513887,30.444849956747838
8.083333333333334,115.33333333333333,43946.34998458407,30.53322416283249
8.083333333333334,116.0,43994.26697786389,30.621343319107783
8.083333333333334,116.66666666666666,44042.39479697706,30.709209621147135
8.083333333333334,117.33333333333333,44090.72943632443,30.796825233202927
8.083333333333334,118.0,44139.26699891321,30.884192288828494
8.083333333333334,118.66666666666666,44188.003692714025,30.97131289148431
8.083333333333334,119.33333333333333,44236.93582716385,31.0581891151289
8.083333333333334,120.0,44286.05980980804,31.144823004794876
8.166666666666666,80.0,42100.30753219903,25.56038601690775
8.166666666666666,80.66666666666667,42061.712629382295,25.666666666666664
8.166666666666666,81.33333333333333,42026.38541450358,25.772509040103607
8.166666666666666,82.0,41993.719392334824,25.877918514955304
8.166666666666666,82.66666666666667,41963.45522492142,25.982900359873437
8.166666666666666,83.33333333333333,41953.3418349887,26.087459737497543
8.166666666666666,84.0,41982.896990685775,26.19160170741759
8.166666666666666,84.66666666666667,42013.93148127045,26.29533122903084
8.166666666666666,85.33333333333333,42045.34837585615,26.398653164297773
8.166666666666666,86.0,42077.38555355624,26.501572280401277
8.166666666666666,86.66666666666667,42110.025010118916,26.60409325231322
8.166666666666666,87.33333333333333,42143.24945002528,26.706220665272394
8.166666666666666,88.0,42177.042251767474,26.807959017177467
8.166666666666666,88.66666666666667,42211.38743516437,26.909312720898523
8.166666666666666,89.33333333333333,42246.269630575116,27.010286106510524
8.166666666666666,90.0,42281.67404988283,27.110883423451916
8.166666666666666,90.66666666666667,42317.58645912914,27.211108842611402
8.166666666666666,91.33333333333333,42353.9931526908,27.310966458345792
8.166666666666666,92.0,42390.88092889686,27.410460290431704
8.166666666666666,92.66666666666667,42428.237066992835,27.50959428595372
8.166666666666666,93.33333333333333,42466.04930536523,27.60837232113154
8.166666666666666,94.0,42504.30582094633,27.70679820308847
8.166666666666666,94.66666666666667,42542.99520972428,27.80487567156363
8.166666666666666,95.33333333333333,42582.10646828998,27.902608400569925
8.166666666666666,96.0,42621.62897635602,28.0
8.166666666666666,96.66666666666666,42661.552480188504,28.09705401718202
8.166666666666666,97.33333333333333,42701.867076895884,28.193773938387334
8.166666666666666,98.0,42742.56319952357,28.290163190291658
8.166666666666666,98.66666666666666,42783.63160290576,28.386225141391687
8.166666666666666,99.33333333333333,42825.06335023019,28.48196310337864
8.166666666666666,100.0,42866.849800273565,28.577380332470412
8.166666666666666,100.66666666666666,42908.98259526899,28.67248003070385
8.166666666666666,101.33333333333333,42951.453649368916,28.76726534718855
8.166666666666666,102.0,42994.255137669425,28.861739379323623
8.166666666666666,102.66666666666666,43037.379485764235,28.955905173978664
8.166666666666666,103.33333333333333,43080.819359798734,29.049765728640374
8.166666666666666,104.0,43124.5676569959,29.143323992525854
8.166666666666666,104.66666666666666,43168.617496628365,29.236582867663888
8.166666666666666,105.33333333333333,43212.9622114119,29.32954520994525
8.166666666666666,106.0,43257.59533929782,29.422213830143146
8.166666666666666,106.66666666666666,43302.510615642255,29.51459149490487
8.166666666666666,107.33333333333333,43347.70196573269,29.606680927715548
8.166666666666666,108.0,43393.1634976524,29.698484809834994
8.166666666666666,108.66666666666666,43438.88949546524,29.79000578120864
8.166666666666666,109.33333333333333,43484.87441270404,29.88124644135329
8.166666666666666,110.0,43531.11286614678,29.972209350218634
8.166666666666666,110.66666666666666,43577.59962986563,30.06289702902529
8.166666666666666,111.33333333333333,43624.32962953555,30.1533119610802
8.166666666666666,112.0,43671.29793698818,30.243456592570013
8.166666666666666,112.66666666666666,43718.4997650001,30.333333333333332
8.166666666666666,113.33333333333333,43765.93046230237,30.42294455761236
8.166666666666666,114.0,43813.585508801494,30.51229260478471
8.166666666666666,114.66666666666666,43861.46051100075,30.601379780076
8.166666666666666,115.33333333333333,43909.5511976123,30.690208355253777
8.166666666666666,116.0,43957.85341535114,30.77878056930348
8.166666666666666,116.66666666666666,44006.36312490141,30.86709862908689
8.166666666666666,117.33333333333333,44055.076397047655,30.95516470998373
8.166666666666666,118.0,44103.98940896266,31.042980956516832
8.166666666666666,118.66666666666666,44153.09844064467,31.13054948296144
8.166666666666666,119.33333333333333,44202.399871497044,31.217872373939187
8.166666666666666,120.0,44251.89017704355,31.304951684997054
8.25,80.0,42070.475655941926,25.69046515733026
8.25,80.66666666666667,42033.15255984453,25.79728667902886
8.25,81.33333333333333,41999.05731558768,25.903667693977237
8.25,82.0,41967.5823910978,26.009613607279906
8.25,82.66666666666667,41938.4721969218,26.115129714401192
8.25,83.33333333333333,41911.86201889729,26.22022120425379
8.25,84.0,41924.489079762425,26.324893162176366
8.25,84.66666666666667,41955.654957931,26.42915057280502
8.25,85.33333333333333,41988.068109455606,26.5329983228432
8.25,86.0,42020.76463540315,26.636441203734407
8.25,86.66666666666667,42054.05223505872,26.739483914241877
8.25,87.33333333333333,42087.9139841136,26.842131062939096
8.25,88.0,42122.33361619876,26.94438717061496
8.25,88.66666666666667,42157.295491064324,27.046256672597043
8.25,89.33333333333333,42192.78456460198,27.147743920996454
8.25,90.0,42228.78636058575,27.248853186877426
8.25,90.66666666666667,42265.28694401666,27.349588662354687
8.25,91.33333333333333,42302.27289596509,27.44995446262161
8.25,92.0,42339.731289813004,27.54995462791182
8.25,92.66666666666667,42377.64966880518,27.649593125396983
8.25,93.33333333333333,42416.016024825556,27.748873851023216
8.25,94.0,42454.818778320885,27.847800631288642
8.25,94.66666666666667,42494.04675929923,27.946377224964237
8.25,95.33333333333333,42533.68918933675,28.044607324760314
8.25,96.0,42573.73566453003,28.142494558940577
8.25,96.66666666666666,42614.176139336414,28.240042492885877
8.25,97.33333333333333,42655.00091124826,28.337254630609507
8.25,98.0,42696.20060625138,28.43413441622586
8.25,98.66666666666666,42737.766165020425,28.530685235374207
8.25,99.33333333333333,42779.68882980834,28.626910416599273
8.25,100.0,42821.96013198883,28.722813232690143
8.25,100.66666666666666,42864.57188021407,28.818396901979124
8.25,101.33333333333333,42907.516149152536,28.913664589601918
8.25,102.0,42950.78526877356,29.008619408720573
8.25,102.66666666666666,42994.371814147904,29.103264421710495
8.25,103.33333333333333,43038.268595735455,29.197602641312866
8.25,104.0,43082.4686501329,29.291637031753616
8.25,104.66666666666666,43126.965231255934,29.385370509830224
8.25,105.33333333333333,43171.751801932536,29.478805945967352
8.25,106.0,43216.822025884765,29.57194616524249
8.25,106.66666666666666,43262.169760078265,29.66479394838265
8.25,107.33333333333333,43307.78904741987,29.75735203273302
8.25,108.0,43353.67410978496,29.8496231131986
8.25,108.66666666666666,43399.81934135702,29.941609843159736
8.25,109.33333333333333,43446.21930226345,30.033314835362415
8.25,110.0,43492.868712491996,30.124740662784138
8.25,110.66666666666666,43539.76244607365,30.215889859476256
8.25,111.33333333333333,43586.89552551822,30.306764921383476
8.25,112.0,43634.263116490205,30.397368307141328
8.25,112.66666666666666,43681.860522712166,30.487702438852292
8.25,113.33333333333333,43729.683181085245,30.577769702841312
8.25,114.0,43777.726657015206,30.667572450391308
8.25,114.66666666666666,43825.98663993457,30.757112998459395
8.25,115.33333333333333,43874.45893901075,30.84639363037436
8.25,116.0,43923.139479031735,30.935416596516042
8.25,116.66666666666666,43972.02429646029,31.024184114977142
8.25,117.33333333333333,44021.10953564901,31.11269837220809
8.25,118.0,44070.39144520834,31.20096152364539
8.25,118.66666666666666,44119.866374520636,31.28897569432403
8.25,119.33333333333333,44169.53077039317,31.376742979474464
8.25,120.0,44219.38117384385,31.464265445104548
8.333333333333334,80.0,42042.10539580889,25.819888974716115
8.333333333333334,80.66666666666667,42006.0180261291,25.927248643506744
8.333333333333334,81.33333333333333,41973.11991917007,26.034165586355517
8.333333333333334,82.0,41942.80283754883,26.14064523559687
8.333333333333334,82.66666666666667,41914.81482407782,26.246692913372705
8.333333333333334,83.33333333333333,41889.29106536101,26.352313834736496
8.333333333333334,84.0,41868.06123610926,26.457513110645905
8.333333333333334,84.66666666666667,41900.03687330381,26.562295750848715
8.333333333333334,85.33333333333333,41932.499592634726,26.666666666666668
8.333333333333334,86.0,41966.24875152455,26.770630673681687
8.333333333333334,86.66666666666667,42000.16800303527,26.8741924943285
8.333333333333334,87.33333333333333,42034.65098221404,26.977356760397743
8.333333333333334,88.0,42069.68176316668,27.0801280154532
8.333333333333334,88.66666666666667,42105.24503159493,27.18251071716682
8.333333333333334,89.33333333333333,42141.326055588084,27.284509239574835
8.333333333333334,90.0,42177.91065808459,27.386127875258307
8.333333333333334,90.66666666666667,42214.985190892396,27.48737083745107
8.333333333333334,91.33333333333333,42252.53651016544,27.58824226207808
8.333333333333334,92.0,42290.55195324096,27.68874620972692
8.333333333333334,92.66666666666667,42329.01931674998,27.78888666755511
8.333333333333334,93.33333333333333,42367.92683591947,27.888667551135853
8.333333333333334,94.0,42407.26316499033,27.988092706244444
8.333333333333334,94.66666666666667,42447.017358681645,28.087165910587863
8.333333333333334,95.33333333333333,42487.178854635815,28.185890875479604
8.333333333333334,96.0,42527.73745678403,28.284271247461902
8.333333333333334,96.66666666666666,42568.68331957643,28.382310609877337
8.333333333333334,97.33333333333333,42610.00693302399,28.48001248439177
8.333333333333334,98.0,42651.699108504006,28.577380332470412
8.333333333333334,98.66666666666666,42693.7509652835,28.674417556808752
8.333333333333334,99.33333333333333,42736.15391771859,28.771127502720116
8.333333333333334,100.0,42778.899663089825,28.867513459481287
8.333333333333334,100.66666666666666,42821.980170037394,28.963578661637946
8.333333333333334,101.33333333333333,42865.38766756135,29.059326290271155
8.333333333333334,102.0,42909.114634554724,29.154759474226505
8.333333333333334,102.66666666666666,42953.15378983975,29.249881291307073
8.333333333333334,103.33333333333333,42997.49808267884,29.34469476943168
8.333333333333334,104.0,43042.14068373392,29.43920288775949
8.333333333333334,104.66666666666666,43087.074976450014,29.533408577782247
8.333333333333334,105.33333333333333,43132.294548838996,29.627314724385297
8.333333333333334,106.0,43177.79318564272,29.720924166878348
8.333333333333334,106.66666666666666,43223.5648608549,29.814239699997195
8.333333333333334,107.33333333333333,43269.60373058233,29.90726407487727
8.333333333333334,108.0,43315.90412622789,30.000000000000004
8.333333333333334,108.66666666666666,43362.46054797841,30.09245014211298
8.333333333333334,109.33333333333333,43409.26765858141,30.18461712712472
8.333333333333334,110.0,43456.32027739582,30.276503540974918
8.333333333333334,110.66666666666666,43503.6133747028,30.368111930480996
8.333333333333334,111.33333333333333,43550.6882327975,30.459444804161777
8.333333333333334,112.0,43598.4475214508,30.550504633038933
8.333333333333334,112.66666666666666,43646.4330370535,30.64129385141706
8.333333333333334,113.33333333333333,43694.64030169676,30.73181485764296
8.333333333333334,114.0,43743.0649634041,30.822070014844883
8.333333333333334,114.66666666666666,43791.70279175009,30.912061651652344
8.333333333333334,115.33333333333333,43840.54967366092,31.001792062897124
8.333333333333334,116.0,43889.60160938804,31.091263510296052
8.333333333333334,116.66666666666666,43938.85470864677,31.18047822311618
8.333333333333334,117.33333333333333,43988.305186911915,31.269438398822864
8.333333333333334,118.0,44037.94936186285,31.3581462037113
8.333333333333334,118.66666666666666,44087.78364997125,31.446603773522014
8.333333333333334,119.33333333333333,44137.804563224774,31.534813214040838
8.333333333333334,120.0,44188.00870598032,31.622776601683796
8.416666666666666,80.0,42015.13667376901,25.94866727470475
8.416666666666666,80.66666666666667,41980.250650577924,26.05656240651181
8.416666666666666,81.33333333333333,41948.51649678932,26.16401260425387
8.416666666666666,82.0,41919.32556637367,26.271023327359494
8.416666666666666,82.66666666666667,41892.42942214259,26.377599924515074
8.416666666666666,83.33333333333333,41867.963077014974,26.483747636784503
8.416666666666666,84.0,41845.715595108864,26.589471600616662
8.416666666666666,84.66666666666667,41846.65839698785,26.694776850745747
8.416666666666666,85.33333333333333,41879.564919848715,26.79966832298904
8.416666666666666,86.0,41913.28168108307,26.904150856946465
8.416666666666666,86.66666666666667,41947.817581846364,27.008229198606198
8.416666666666666,87.33333333333333,41982.9071422413,27.111908002860208
8.416666666666666,88.0,42018.534763977164,27.215191835933595
8.416666666666666,88.66666666666667,42054.68544644622,27.318085177731213
8.416666666666666,89.33333333333333,42091.34475824895,27.420592424105077
8.416666666666666,90.0,42128.49881034344,27.52271788904577
8.416666666666666,90.66666666666667,42166.134230710464,27.62446580680088
8.416666666666666,91.33333333333333,42204.23814043524,27.725840333923554
8.416666666666666,92.0,42242.79813111312,27.826845551253797
8.416666666666666,92.66666666666667,42281.802243494196,27.927485465835346
8.416666666666666,93.33333333333333,42321.23894728759,28.02776401277054
8.416666666666666,94.0,42361.09712205224,28.127685057015743
8.416666666666666,94.66666666666667,42401.36603910599,28.227252395119464
8.416666666666666,95.33333333333333,42442.03534438987,28.32646975690562
8.416666666666666,96.0,42483.095042228975,28.42534080710379
8.416666666666666,96.66666666666666,42524.535479935155,28.5238691469287
8.416666666666666,97.33333333333333,42566.347333200865,28.622058315610744
8.416666666666666,98.0,42608.52159223669,28.719911791879394
8.416666666666666,98.66666666666666,42651.04954860884,28.81743299540131
8.416666666666666,99.33333333333333,42693.92278273497,28.91462528817476
8.416666666666666,100.0,42737.13315200035,29.011491975882016
8.416666666666666,100.66666666666666,42780.672779458706,29.10803630920124
8.416666666666666,101.33333333333333,42824.53404308367,29.204261485079343
8.416666666666666,102.0,42868.70956554046,29.30017064796722
8.416666666666666,102.66666666666666,42913.19220444749,29.395766891018695
8.416666666666666,103.33333333333333,42957.975043101724,29.491053257254517
8.416666666666666,104.0,43003.051381641,29.586032740692577
8.416666666666666,104.66666666666666,43048.41472862028,29.68070828744564
8.416666666666666,105.33333333333333,43094.0587929786,29.775082796787576
8.416666666666666,106.0,43139.97747637607,29.86915912218934
8.416666666666666,106.66666666666666,43186.164865880804,29.96294007232564
8.416666666666666,107.33333333333333,43232.61522698746,30.056428412053368
8.416666666666666,108.0,43279.322996949755,30.14962686336267
8.416666666666666,108.66666666666666,43326.2827784103,30.24253810630171
8.416666666666666,109.33333333333333,43373.48933331301,30.335164779875882
8.416666666666666,110.0,43420.93757708268,30.427509482922414
8.416666666666666,110.66666666666666,43468.62257305867,30.519574774961143
8.416666666666666,111.33333333333333,43516.53952716963,30.611363177022277
8.416666666666666,112.0,43564.68378283701,30.702877172451878
8.416666666666666,112.66666666666666,43613.05081609616,30.794119207695772
8.416666666666666,113.33333333333333,43661.636230924014,30.885091693062673
8.416666666666666,114.0,43710.435754763144,30.975797003467076
8.416666666666666,114.66666666666666,43759.44523423298,31.066237479152687
8.416666666666666,115.33333333333333,43808.660631018545,31.15641542639689
8.416666666666666,116.0,43858.07801792862,31.24633311819698
8.416666666666666,116.66666666666666,43907.69357511497,31.33599279493861
8.416666666666666,117.33333333333333,43957.50358644494,31.42539666504713
8.416666666666666,118.0,44007.5044360206,31.51454690562228
8.416666666666666,118.66666666666666,44057.69260483685,31.603445663056704
8.416666666666666,119.33333333333333,44108.064667572864,31.69209505363899
8.416666666666666,120.0,44158.617289509864,31.780497164141405
8.5,80.0,41989.512633105056,26.076809620810597
8.5,80.66666666666667,41955.79517134887,26.185237571323785
8.5,81.33333333333333,41925.19333268802,26.293218390553356
8.5,82.0,41897.09832787091,26.40075756488817
8.5,82.66666666666667,41871.38870238752,26.50786046942806
8.5,83.33333333333333,41847.828517167916,26.61453237111885
8.5,84.0,41826.580202067715,26.720778431774775
8.5,84.66666666666667,41807.425437558675,26.826603710993062
8.5,85.33333333333333,41828.59216118989,26.93201316896554
8.5,86.0,41862.89017829065,27.03701166919155
8.5,86.66666666666667,41897.84846837609,27.141603981096377
8.5,87.33333333333333,41933.52946862517,27.24579478255926
8.5,88.0,41969.73917872144,27.349588662354687
8.5,88.66666666666667,42006.4628985493,27.452990122510638
8.5,89.33333333333333,42043.68648461313,27.556003580587177
8.5,90.0,42081.39632384155,27.65863337187866
8.5,90.66666666666667,42119.579308867236,27.760883751542686
8.5,91.33333333333333,42158.22281468521,27.862758896658693
8.5,92.0,42197.31467660014,27.964262908219126
8.5,92.66666666666667,42236.84316938035,28.0653998130557
8.5,93.33333333333333,42276.796987540794,28.166173565703478
8.5,94.0,42317.16522668446,28.26658805020514
8.5,94.66666666666667,42357.93736583588,28.36664708185771
8.5,95.33333333333333,42399.10325070524,28.46635440890409
8.5,96.0,42440.65307782619,28.5657137141714
8.5,96.66666666666666,42482.577379514274,28.664728616658255
8.5,97.33333333333333,42524.86700959631,28.763402673072832
8.5,98.0,42567.513129865125,28.861739379323623
8.5,98.66666666666666,42610.50719721645,28.959742171964628
8.5,99.33333333333333,42653.840951428094,29.05741442959668
8.5,100.0,42697.506403544125,29.154759474226502
8.5,100.66666666666666,42741.49582482903,29.25178057258509
8.5,101.33333333333333,42785.80173625961,29.348480937406848
8.5,102.0,42830.41689852395,29.444863728670914
8.5,102.66666666666666,42875.33430249886,29.540932054806035
8.5,103.33333333333333,42920.54716017949,29.63668897386031
8.5,104.0,42966.04889603606,29.73213749463701
8.5,104.66666666666666,43011.83313877388,29.827280577797676
8.5,105.33333333333333,43057.8937134755,29.92212113693368
8.5,106.0,43104.224634103775,30.01666203960727
8.5,106.66666666666666,43150.82009634683,30.11090610836324
8.5,107.33333333333333,43197.67447078671,30.204856121712172
8.5,108.0,43244.7822963748,30.298514815086232
8.5,108.66666666666666,43292.13827419779,30.391884881768465
8.5,109.33333333333333,43339.73726151935,30.484968973796466
8.5,110.0,43387.57426608321,30.577769702841312
8.5,110.66666666666666,43435.6444406643,30.670289641062517
8.5,111.33333333333333,43483.943077855474,30.762531321939896
8.5,112.0,43532.46560507795,30.854497241083024
8.5,112.66666666666666,43581.20757980418,30.946189857019014
8.5,113.33333333333333,43630.164684982825,31.037611591959415
8.5,114.0,43679.33272465588,31.12876483254676
8.5,114.66666666666666,43728.707619758185,31.219651930581588
8.5,115.33333333333333,43778.28540409123,31.310275203730377
8.5,116.0,43828.062220462096,31.400636936215164
8.5,116.66666666666666,43878.034316980054,31.49073937948531
8.5,117.33333333333333,43928.198043503406,31.580584752872028
8.5,118.0,43978.549848229224,31.670175244226233
8.5,118.66666666666666,44029.08627441934,31.75951301054011
8.5,119.33333333333333,44079.803957256634,31.848600178553113
8.5,120.0,44130.69962082499,31.937438845342623
8.583333333333334,80.0,41965.1794236785,26.204325342711396
8.583333333333334,80.66666666666667,41932.59923572368,26.31328350641343
8.583333333333334,81.33333333333333,41903.099525060854,26.421792352357762
8.583333333333334,82.0,41876.07159663017,26.52985739376172
8.583333333333334,82.66666666666667,41851.396112671246,26.637484032009397
8.583333333333334,83.33333333333333,41828.840409321136,26.74467755980202
8.583333333333334,84.0,41808.56592406209,26.851443164195103
8.583333333333334,84.66666666666667,41790.357181117215,26.95778592952734
8.583333333333334,85.33333333333333,41779.18643598737,27.063710840245918
8.583333333333334,86.0,41814.3819697425,27.16922278363271
8.583333333333334,86.66666666666667,41849.84168391317,27.274326552435515
8.583333333333334,87.33333333333333,41885.98443438271,27.379026847408422
8.583333333333334,88.0,41922.76267914424,27.48332827976505
8.583333333333334,88.66666666666667,41960.046209246575,27.587235373548317
8.583333333333334,89.33333333333333,41997.821157897226,27.690752567920175
8.583333333333334,90.0,42036.07417729931,27.793884219374593
8.583333333333334,90.66666666666667,42074.79241451764,27.896634603876905
8.583333333333334,91.33333333333333,42113.96348868759,27.99900791893249
8.583333333333334,92.0,42153.57546947997,28.101008285587668
8.583333333333334,92.66666666666667,42193.61685674091,28.202639750365375
8.583333333333334,93.33333333333333,42234.076561232476,28.30390628713837
8.583333333333334,94.0,42274.943886404595,28.40481179894233
8.583333333333334,94.66666666666667,42316.20851113402,28.505360119731087
8.583333333333334,95.33333333333333,42357.86047337079,28.60555501607647
8.583333333333334,96.0,42399.8901546363,28.705400188814647
8.583333333333334,96.66666666666666,42442.28826532178,28.804899274641148
8.583333333333334,97.33333333333333,42485.045830738825,28.904055847656476
8.583333333333334,98.0,42528.15417787729,29.002873420864123
8.583333333333334,98.66666666666666,42571.604922828796,29.10135544762286
8.583333333333334,99.33333333333333,42615.38995883697,29.199505323054893
8.583333333333334,100.0,42659.50144493793,29.297326385411576
8.583333333333334,100.66666666666666,42703.931795157434,29.394821917398232
8.583333333333334,101.33333333333333,42748.67366823245,29.49199514745955
8.583333333333334,102.0,42793.719957827925,29.588849251026986
8.583333333333334,102.66666666666666,42839.06378322094,29.685387351729506
8.583333333333334,103.33333333333333,42884.69848042612,29.781612522569098
8.583333333333334,104.0,42930.61759373813,29.87752778706208
8.583333333333334,104.66666666666666,42976.81486766831,29.973136120347647
8.583333333333334,105.33333333333333,43023.284239254404,30.068440450264646
8.583333333333334,106.0,43070.019830722784,30.163443658397714
8.583333333333334,106.66666666666666,43117.01594248492,30.258148581093913
8.583333333333334,107.33333333333333,43164.26704644999,30.35255801045075
8.583333333333334,108.0,43211.767779637266,30.44667469527666
8.583333333333334,108.66666666666666,43259.51293807259,30.540501342024857
8.583333333333334,109.33333333333333,43307.49747095408,30.634040615701423
8.583333333333334,110.0,43355.71647507359,30.727295140748506
8.583333333333334,110.66666666666666,43404.16518948057,30.8202675019035
8.583333333333334,111.33333333333333,43452.83899037622,30.912960245034945
8.583333333333334,112.0,43501.73338622654,31.00537587795596
8.583333333333334,112.66666666666666,43550.84401308289,31.097516871215866
8.583333333333334,113.33333333333333,43600.16663010038,31.18938565887084
8.583333333333334,114.0,43649.69711524403,31.280984639234106
8.583333333333334,114.66666666666666,43699.431461173575,31.372316175606514
8.583333333333334,115.33333333333333,43749.365771298384,31.463382596987955
8.583333333333334,116.0,43799.496255994316,31.554186198770314
8.583333333333334,116.66666666666666,43849.81922897463,31.644729243412545
8.583333333333334,117.33333333333333,43900.33110380784,31.73501396109841
8.583333333333334,118.0,43951.02839057552,31.82504255037742
8.583333333333334,118.66666666666666,44001.90769266346,31.91481717878947
8.583333333333334,119.33333333333333,44052.96570368019,32.00433998347377
8.583333333333334,120.0,44104.199204496676,32.09361307176243
8.666666666666666,80.0,41942.08600433014,26.33122354417533
8.666666666666666,80.66666666666667,41910.613209828545,26.44070935340259
8.666666666666666,81.33333333333333,41882.186802992735,26.5497436689865
8.666666666666666,82.0,41856.19839522889,26.65833203084294
8.666666666666666,82.66666666666667,41832.530683868674,26.766479866512974
8.666666666666666,83.33333333333333,41810.95417309845,26.874192494328497
8.666666666666666,84.0,41791.62929375444,26.981475126464083
8.666666666666666,84.66666666666667,41774.343328768235,27.08833287188006
8.666666666666666,85.33333333333333,41759.01262084398,27.194770739161516
8.666666666666666,86.0,41767.376974213774,27.30079363925769
8.666666666666666,86.66666666666667,41803.687056610586,27.406406388125955
8.666666666666666,87.33333333333333,41840.25955386377,27.511613709284465
8.666666666666666,88.0,41877.53375194329,27.616420236277303
8.666666666666666,88.66666666666667,41915.36447538192,27.72083051505572
8.666666666666666,89.33333333333333,41953.67846907633,27.824849006278942
8.666666666666666,90.0,41992.46264039552,27.92848008753788
8.666666666666666,90.66666666666667,42031.704381176394,28.03172805550485
8.666666666666666,91.33333333333333,42071.39154545872,28.134597128012256
8.666666666666666,92.0,42111.512428444315,28.23709144606316
8.666666666666666,92.66666666666667,42152.055746601756,28.339215075776377
8.666666666666666,93.33333333333333,42193.010618844266,28.44097201026872
8.666666666666666,94.0,42234.3665487135,28.54236617147686
8.666666666666666,94.66666666666667,42276.113407506266,28.64340141192111
8.666666666666666,95.33333333333333,42318.24141828657,28.744081516413463
8.666666666666666,96.0,42360.74114072857,28.844410203711913
8.666666666666666,96.66666666666666,42403.603456740515,28.94439112812321
8.666666666666666,97.33333333333333,42446.81955682242,29.04402788105595
8.666666666666666,98.0,42490.38092711436,29.143323992525854
8.666666666666666,98.66666666666666,42534.27933709436,29.242282932615073
8.666666666666666,99.33333333333333,42578.50682788815,29.34090811288718
8.666666666666666,100.0,42623.05570115534,29.43920288775949
8.666666666666666,100.66666666666666,42667.918508518924,29.537170555834294
8.666666666666666,101.33333333333333,42713.088041507224,29.634814361190486
8.666666666666666,102.0,42758.55732197945,29.73213749463701
8.666666666666666,102.66666666666666,42804.31959300763,29.829143094929456
8.666666666666666,103.33333333333333,42850.368310189864,29.92583424995125
8.666666666666666,104.0,42896.69713337101,30.022213997860536
8.666666666666666,104.66666666666666,42943.2999187485,30.118285328204042
8.666666666666666,105.33333333333333,42990.170711342704,30.214051182999093
8.666666666666666,106.0,43037.3037378121,30.309514457784815
8.666666666666666,106.66666666666666,43084.693399594784,30.404678002643678
8.666666666666666,107.33333333333333,43132.334266359285,30.499544623194332
8.666666666666666,108.0,43180.22106974842,30.594117081556707
8.666666666666666,108.66666666666666,43228.34869740082,30.68839809729041
8.666666666666666,109.33333333333333,43276.71218723589,30.782390348307185
8.666666666666666,110.0,43325.30672198885,30.87609647175843
8.666666666666666,110.66666666666666,43374.12762398265,30.969519064898492
8.666666666666666,111.33333333333333,43423.17035012552,31.062660685924648
8.666666666666666,112.0,43472.430487122176,31.15552385479446
8.666666666666666,112.66666666666666,43521.90374688861,31.24811105402124
8.666666666666666,113.33333333333333,43571.585962159916,31.340424729448422
8.666666666666666,114.0,43621.47308228202,31.43246729100342
8.666666666666666,114.66666666666666,43671.561169178465,31.524241113431703
8.666666666666666,115.33333333333333,43721.846393483385,31.61574853701167
8.666666666666666,116.0,43772.32503083296,31.706991868250974
8.666666666666666,116.66666666666666,43822.99345830785,31.797973380564855
8.666666666666666,117.33333333333333,43873.84815101939,31.88869531493706
8.666666666666666,118.0,43924.88567883273,31.979159880563884
8.666666666666666,118.66666666666666,43976.10270322066,32.069369255481845
8.666666666666666,119.33333333333333,44027.4959742419,32.159325587179566
8.666666666666666,120.0,44079.06232763838,32.2490309931942
8.75,80.0,41920.18396082516,26.457513110645905
8.75,80.66666666666667,41889.790003250506,26.567524034680638
8.75,81.33333333333333,41862.40935764588,26.677081299622465
8.75,82.0,41837.43413157534,26.78619047195775
8.75,82.66666666666667,41814.748980101795,26.89485700525908
8.75,83.33333333333333,41794.12747274471,27.003086243366084
8.75,84.0,41775.72902363316,27.110883423451916
8.75,84.66666666666667,41759.34359231472,27.21825367898046
8.75,85.33333333333333,41744.88888830047,27.325202042558928
8.75,86.0,41732.28721112811,27.431733448690405
8.75,86.66666666666667,41759.075477953185,27.537852736430512
8.75,87.33333333333333,41796.354546077746,27.6435646519523
8.75,88.0,41834.017212592924,27.748873851023216
8.75,88.66666666666667,41872.350418921924,27.853784901397752
8.75,89.33333333333333,41911.19169821808,27.958302285129307
8.75,90.0,41950.495536878,28.062430400804562
8.75,90.66666666666667,41990.24956237117,28.166173565703478
8.75,91.33333333333333,42030.441854901845,28.269536017887994
8.75,92.0,42071.060926840924,28.372521918222215
8.75,92.66666666666667,42112.095703275365,28.475135352326834
8.75,93.33333333333333,42153.5355036046,28.577380332470412
8.75,94.0,42195.37002411821,28.679260799399973
8.75,94.66666666666667,42237.58932149405,28.78078062411326
8.75,95.33333333333333,42280.18379716021,28.881943609574936
8.75,96.0,42323.14418246824,28.982753492378876
8.75,96.66666666666666,42366.4615246286,29.08321394435858
8.75,97.33333333333333,42410.12717336288,29.183328574147716
8.75,98.0,42454.13276823,29.283100928692644
8.75,98.66666666666666,42498.47022658715,29.38253449471868
8.75,99.33333333333333,42543.13173214826,29.481632700151913
8.75,100.0,42588.10972410554,29.58039891549808
8.75,100.66666666666666,42633.39688678196,29.6788364551802
8.75,101.33333333333333,42678.98613978434,29.77694857883639
8.75,102.0,42724.87062862901,29.87473849257931
8.75,102.66666666666666,42771.04371581374,29.972209350218634
8.75,103.33333333333333,42817.498972310845,30.06936425444786
8.75,104.0,42864.23016945902,30.16620625799671
8.75,104.66666666666666,42911.23127123148,30.26273836475036
8.75,105.33333333333333,42958.496426860416,30.3589635308366
8.75,106.0,43006.019963798906,30.454884665682123
8.75,106.66666666666666,43053.79638100177,30.550504633038933
8.75,107.33333333333333,43101.82034250897,30.645826251981962
8.75,108.0,43150.08667131574,30.740852297878796
8.75,108.66666666666666,43198.59034351423,30.835585503332563
8.75,109.33333333333333,43247.32648269295,30.930028559098787
8.75,110.0,43296.29035458075,31.024184114977142
8.75,110.66666666666666,43345.47736192289,31.118054780678907
8.75,111.33333333333333,43394.883039577515,31.21164312667096
8.75,112.0,43444.503049821695,31.304951684997057
8.75,112.66666666666666,43494.33317785612,31.397982950077115
8.75,113.33333333333333,43544.36932749933,31.49073937948531
8.75,114.0,43594.60751706177,31.583223394707513
8.75,114.66666666666666,43645.043875390984,31.675437381878933
8.75,115.33333333333333,43695.67463807977,31.76738369250239
8.75,116.0,43746.49614382962,31.859064644147985
8.75,116.66666666666666,43797.50483096173,31.950482521134692
8.75,117.33333333333333,43848.697234068764,32.04163957519444
8.75,118.0,43900.0699808012,32.132538026119256
8.75,118.66666666666666,43951.61978878103,32.22318006239194
8.75,119.33333333333333,44003.343462637946,32.31356784180086
8.75,120.0,44055.23789116169,32.4037034920393
8.833333333333334,80.0,41899.42733791926,26.583202716502516
8.833333333333334,80.66666666666667,41870.084907192286,26.693736260695236
8.833333333333334,81.33333333333333,41843.7236864053,26.803813990632833
8.833333333333334,82.0,41819.73644866994,26.913441499245938
8.833333333333334,82.66666666666667,41798.00973343451,27.022624266014994
8.833333333333334,83.33333333333333,41778.3200770733,27.131367660166177
8.833333333333334,84.0,41760.82587061522,27.23967694375247
8.833333333333334,84.66666666666667,41745.319671001336,27.347557274624894
8.833333333333334,85.33333333333333,41731.72050207506,27.45501370929867
8.833333333333334,86.0,41719.95188754585,27.562051205718827
8.833333333333334,86.66666666666667,41715.98316796023,27.668674625929512
8.833333333333334,87.33333333333333,41754.065100625696,27.774888738651043
8.833333333333334,88.0,41792.24119462154,27.880698221768647
8.833333333333334,88.66666666666667,41830.94015749801,27.986107664736487
8.833333333333334,89.33333333333333,41870.297487695134,28.091121570900494
8.833333333333334,90.0,41910.11002036661,28.19574435974337
8.833333333333334,90.66666666666667,41950.36560995984,28.299980369054836
8.833333333333334,91.33333333333333,41991.05255456571,28.40383385703025
8.833333333333334,92.0,42032.15957580302,28.507309004300403
8.833333333333334,92.66666666666667,42073.67579979377,28.61040991589522
8.833333333333334,93.33333333333333,42115.590739160114,28.71314062314404
8.833333333333334,94.0,42157.89427597948,28.81550508551487
8.833333333333334,94.66666666666667,42200.57664563839,28.917507192395096
8.833333333333334,95.33333333333333,42243.62842152972,29.019150764815826
8.833333333333334,96.0,42287.04050054231,29.120439557122072
8.833333333333334,96.66666666666666,42330.80408929524,29.221377258590824
8.833333333333334,97.33333333333333,42374.91069107195,29.321967494998997
8.833333333333334,98.0,42419.35209341332,29.422213830143146
8.833333333333334,98.66666666666666,42464.12035633064,29.522119767312702
8.833333333333334,99.33333333333333,42509.207801102624,29.621688750718526
8.833333333333334,100.0,42554.60699962276,29.720924166878348
8.833333333333334,100.66666666666666,42600.310764265654,29.819829345960756
8.833333333333334,101.33333333333333,42646.312138242705,29.918407563089165
8.833333333333334,102.0,42692.60438641989,30.016662039607272
8.833333333333334,102.66666666666666,42739.18098657179,30.114595944307286
8.833333333333334,103.33333333333333,42786.035621047835,30.21221239462244
8.833333333333334,104.0,42833.16216882786,30.309514457784815
8.833333333333334,104.66666666666666,42880.554697946434,30.406505151949894
8.833333333333334,105.33333333333333,42928.207458265315,30.503187447288923
8.833333333333334,106.0,42976.114874576146,30.599564267050166
8.833333333333334,106.66666666666666,43024.27154001523,30.695638488590234
8.833333333333334,107.33333333333333,43072.67220977436,30.79141294437641
8.833333333333334,108.0,43121.311795092144,30.886890422961002
8.833333333333334,108.66666666666666,43170.18535751115,30.982073669928695
8.833333333333334,109.33333333333333,43219.28810338735,31.076965388817772
8.833333333333334,110.0,43268.61537863889,31.171568242016104
8.833333333333334,110.66666666666666,43318.16266372215,31.26588485163271
8.833333333333334,111.33333333333333,43367.92556882344,31.359917800345787
8.833333333333334,112.0,43417.899829256006,31.453669632227864
8.833333333333334,112.66666666666666,43468.08130105155,31.547142853548912
8.833333333333334,113.33333333333333,43518.46595673732,31.6403399335581
8.833333333333334,114.0,43569.04988128916,31.73326330524486
8.833333333333334,114.66666666666666,43619.82926825253,31.82591536608003
8.833333333333334,115.33333333333333,43670.80041602285,31.91829847873752
8.833333333333334,116.0,43721.959724277905,32.01041497179733
8.833333333333334,116.66666666666666,43773.30369055517,32.10226714043037
8.833333333333334,117.33333333333333,43824.8289069668,32.1938572470657
8.833333333333334,118.0,43876.53205704625,32.285187522040715
8.833333333333334,118.66666666666666,43928.40991272015,32.37626016423488
8.833333333333334,119.33333333333333,43980.45933139995,32.4670773416874
8.833333333333334,120.0,44032.67725318732,32.55764119219941
8.916666666666666,80.0,41879.772484271256,26.708300832013503
8.916666666666666,80.66666666666667,41851.45544494951,26.819354536934288
8.916666666666666,81.33333333333333,41826.088448825074,26.929950282579842
8.916666666666666,82.0,41803.06508568106,27.040093688200614
8.916666666666666,82.66666666666667,41782.273709760644,27.14979025906298
8.916666666666666,83.33333333333333,41763.49646386858,27.25904538966021
8.916666666666666,84.0,41746.88251069596,27.367864366808018
8.916666666666666,84.66666666666667,41732.235130176814,27.476252372629794
8.916666666666666,85.33333333333333,41719.47187681895,27.584214487436267
8.916666666666666,86.0,41708.51745262967,27.6917556925041
8.916666666666666,86.66666666666667,41699.30066403557,27.798880872757767
8.916666666666666,87.33333333333333,41712.577061926444,27.905594819358754
8.916666666666666,88.0,41752.03149901096,28.011902232205983
8.916666666666666,88.66666666666667,41791.21263432453,28.11780772235117
8.916666666666666,89.33333333333333,41830.93563247102,28.22331581433258
8.916666666666666,90.0,41871.24636700509,28.32843094843059
8.916666666666666,90.66666666666667,41911.993269078856,28.433157482848163
8.916666666666666,91.33333333333333,41953.16484682292,28.53749969581934
8.916666666666666,92.0,41994.750023594,28.64146178764857
8.916666666666666,92.66666666666667,42036.73811935803,28.745047882683682
8.916666666666666,93.33333333333333,42079.118833071225,28.848262031225072
8.916666666666666,94.0,42121.88222599683,28.951108211373647
8.916666666666666,94.66666666666667,42165.01870589982,29.05359033081989
8.916666666666666,95.33333333333333,42208.519012065844,29.15571222857633
8.916666666666666,96.0,42252.37420109424,29.257477676655586
8.916666666666666,96.66666666666666,42296.57563341866,29.358890381696042
8.916666666666666,97.33333333333333,42341.11496051195,29.459953986537197
8.916666666666666,98.0,42385.98411273516,29.560672071746495
8.916666666666666,98.66666666666666,42431.175287792175,29.661048157099533
8.916666666666666,99.33333333333333,42476.68093975595,29.761085703015308
8.916666666666666,100.0,42522.49376863249,29.860788111948196
8.916666666666666,100.66666666666666,42568.60671043241,29.96015872973825
8.916666666666666,101.33333333333333,42615.01292772132,30.059200846921318
8.916666666666666,102.0,42661.70580062192,30.15791770000044
8.916666666666666,102.66666666666666,42708.678918243204,30.256312472679884
8.916666666666666,103.33333333333333,42755.926070512454,30.354388297063224
8.916666666666666,104.0,42803.44124038882,30.452148254816656
8.916666666666666,104.66666666666666,42851.21859643716,30.549595378298836
8.916666666666666,105.33333333333333,42899.25248574293,30.64673265165835
8.916666666666666,106.0,42947.537427150186,30.743563011900015
8.916666666666666,106.66666666666666,42996.06810480502,30.840089349921005
8.916666666666666,107.33333333333333,43044.83936198895,30.936314511517942
8.916666666666666,108.0,43093.84619522668,31.0322412983658
8.916666666666666,108.66666666666666,43143.083748654455,31.12787246896974
8.916666666666666,109.33333333333333,43192.54730863517,31.223210739590648
8.916666666666666,110.0,43242.23229860793,31.318258785145343
8.916666666666666,110.66666666666666,43292.13427416034,31.413019240082253
8.916666666666666,111.33333333333333,43342.24891831177,31.50749469923342
8.916666666666666,112.0,43392.572036997924,31.60168771864355
8.916666666666666,112.66666666666666,43443.09955474584,31.695600816376885
8.916666666666666,113.33333333333333,43493.827510530646,31.78923647330265
8.916666666666666,114.0,43544.752053804965,31.88259713385972
8.916666666666666,114.66666666666666,43595.86944069253,31.975685206801188
8.916666666666666,115.33333333333333,43647.17603033816,32.06850306591951
8.916666666666666,116.0,43698.668281406746,32.16105305075276
8.916666666666666,116.66666666666666,43750.34274872415,32.253337467272715
8.916666666666666,117.33333333333333,43802.19608005307,32.34535858855521
8.916666666666666,118.0,43854.22501299805,32.437118655433416
8.916666666666666,118.66666666666666,43906.4263720331,32.52861987713452
8.916666666666666,119.33333333333333,43958.79706564667,32.61986443190032
8.916666666666666,120.0,44011.334083598515,32.71085446759225
9.0,80.0,41861.177909058795,26.832815729997478
9.0,80.66666666666667,41833.861233618445,26.94438717061496
9.0,81.33333333333333,41809.464333336175,27.055498516937366
9.0,82.0,41787.38174934492,27.16615541441225
9.0,82.66666666666667,41767.503584607715,27.27636339397171
9.0,83.33333333333333,41749.61471056457,27.386127875258307
9.0,84.0,41733.86342277933,27.49545416973504
9.0,84.66666666666667,41720.05528880204,27.60434748368452
9.0,85.33333333333333,41708.10913398849,27.712812921102035
9.0,86.0,41697.95079517783,27.820855486487112
9.0,86.66666666666667,41689.51013773309,27.92848008753788
9.0,87.33333333333333,41682.720778845876,28.035691537752374
9.0,88.0,41713.15307627168,28.142494558940577
9.0,88.66666666666667,41752.99537265821,28.24889378365107
9.0,89.33333333333333,41793.142687646134,28.35489375751565
9.0,90.0,41833.8477834946,28.460498941515414
9.0,90.66666666666667,41875.076188277075,28.5657137141714
9.0,91.33333333333333,41916.722811043655,28.6705423736629
9.0,92.0,41958.776769762764,28.77498913987632
9.0,92.66666666666667,42001.22757141972,28.879058156387302
9.0,93.33333333333333,42044.06509476603,28.982753492378876
9.0,94.0,42087.27957398315,29.086079144497972
9.0,94.66666666666667,42130.86158320424,29.189039038652847
9.0,95.33333333333333,42174.80202184161,29.291637031753616
9.0,96.0,42219.092100670874,29.393876913398138
9.0,96.66666666666666,42263.723328626606,29.49576240750525
9.0,97.33333333333333,42308.68750026715,29.597297173897484
9.0,98.0,42353.976683868925,29.698484809834994
9.0,98.66666666666666,42399.58321011381,29.799328851502676
9.0,99.33333333333333,42445.499661334885,29.899832775452108
9.0,100.0,42491.71886128876,30.0
9.0,100.66666666666666,42538.233865424474,30.099833886584822
9.0,101.33333333333333,42585.03795162052,30.199337741082996
9.0,102.0,42632.1246113645,30.298514815086232
9.0,102.66666666666666,42679.48754135023,30.397368307141324
9.0,103.33333333333333,42727.12063546962,30.495901363953813
9.0,104.0,42775.01797717758,30.594117081556707
9.0,104.66666666666666,42823.17383221,30.69201850644561
9.0,105.33333333333333,42871.582641635505,30.789608636681304
9.0,106.0,42920.239015223466,30.886890422961002
9.0,106.66666666666666,42969.137725111366,30.983866769659333
9.0,107.33333333333333,43018.273699755955,31.080540535840107
9.0,108.0,43067.64201815318,31.176914536239792
9.0,108.66666666666666,43117.237904313275,31.272991542223778
9.0,109.33333333333333,43167.056721977766,31.368774282716245
9.0,110.0,43217.09396956603,31.464265445104548
9.0,110.66666666666666,43267.34527534004,31.559467676119
9.0,111.33333333333333,43317.80639277606,31.654383582688826
9.0,112.0,43368.47319613311,31.74901573277509
9.0,112.66666666666666,43419.34167620873,31.843366656181313
9.0,113.33333333333333,43470.407936272335,31.937438845342626
9.0,114.0,43521.66818816792,32.03123475609393
9.0,114.66666666666666,43573.11874857784,32.12475680841802
9.0,115.33333333333333,43624.756035439874,32.218007387174026
9.0,116.0,43676.57656451022,32.31098884280703
9.0,116.66666666666666,43728.57694606565,32.4037034920393
9.0,117.33333333333333,43780.75388173818,32.49615361854384
9.0,118.0,43833.104161476076,32.58834147360065
9.0,118.66666666666666,43885.62466062539,32.68026927673638
9.0,119.33333333333333,43938.31233712646,32.77193921634788
9.0,120.0,43991.16422881994,32.863353450309965
9.083333333333332,80.0,41843.60414926915,26.956755492207634
9.083333333333332,80.66666666666667,41817.263856052545,27.068842277094568
9.083333333333332,81.33333333333333,41793.813933780155,27.18046684252825
9.083333333333332,82.0,41772.64999479669,27.291634860032357
9.083333333333332,82.66666666666667,41753.663828003766,27.402351886086144
9.083333333333332,83.33333333333333,41736.64294850231,27.512623365365293
9.083333333333332,84.0,41721.734780906896,27.622454633866266
9.083333333333332,84.66666666666667,41708.74711505503,27.731850921919285
9.083333333333332,85.33333333333333,41697.60000063776,27.8408173570948
9.083333333333332,86.0,41688.22036810704,27.949358967007928
9.083333333333332,86.66666666666667,41680.53910359747,28.057480682025286
9.083333333333332,87.33333333333333,41674.49077819481,28.165187337878255
9.083333333333332,88.0,41675.65240202513,28.2724836781867
9.083333333333332,88.66666666666667,41716.052031886335,28.37937435689675
9.083333333333332,89.33333333333333,41756.835730609186,28.485863940636317
9.083333333333332,90.0,41797.912745708534,28.59195691099159
9.083333333333332,90.66666666666667,41839.560743531685,28.697657666707844
9.083333333333332,91.33333333333333,41881.67322947975,28.80297052581749
9.083333333333332,92.0,41924.186992843184,28.90789972769842
9.083333333333332,92.66666666666667,41967.0917211447,29.012449435065324
9.083333333333332,93.33333333333333,42010.37746671967,29.116623735896606
9.083333333333332,94.0,42054.03463071298,29.220426645299572
9.083333333333332,94.66666666666667,42098.05394791469,29.323862107316096
9.083333333333332,95.33333333333333,42142.42647238386,29.426933996671213
9.083333333333332,96.0,42187.143563812155,29.5296461204668
9.083333333333332,96.66666666666666,42232.19687458377,29.632002219822326
9.083333333333332,97.33333333333333,42277.57833748967,29.73400597146491
9.083333333333332,98.0,42323.280154058055,29.835660989270313
9.083333333333332,98.66666666666666,42369.29478346475,29.936970825756937
9.083333333333332,99.33333333333333,42415.61493199052,30.037938973534413
9.083333333333332,100.0,42462.23354299341,30.13856886670854
9.083333333333332,100.66666666666666,42509.143787367015,30.238863882244132
9.083333333333332,101.33333333333333,42556.339054457654,30.338827341287338
9.083333333333332,102.0,42603.81294341412,30.438462510448847
9.083333333333332,102.66666666666666,42651.55925494665,30.53777260304941
9.083333333333332,103.33333333333333,42699.571983472335,30.636760780329094
9.083333333333332,104.0,42747.8453096258,30.735430152621362
9.083333333333332,104.66666666666666,42796.37359311571,30.833783780493466
9.083333333333332,105.33333333333333,42845.15136590829,30.931824675854116
9.083333333333332,106.0,42894.1733257205,31.029555803029687
9.083333333333332,106.66666666666666,42943.43432980649,31.126980079810004
9.083333333333332,107.33333333333333,42992.9293890223,31.22410037846478
9.083333333333332,108.0,43042.653662153614,31.32091952673165
9.083333333333332,108.66666666666666,43092.602450493774,31.417440308776833
9.083333333333332,109.33333333333333,43142.771192658794,31.513665466129307
9.083333333333332,110.0,43193.15545962736,31.609597698589372
9.083333333333332,110.66666666666666,43243.7509499946,31.705239665112487
9.083333333333332,111.33333333333333,43294.55348542883,31.80059398466918
9.083333333333332,112.0,43345.559006321244,31.895663237081827
9.083333333333332,112.66666666666666,43396.76356761898,31.99044996383903
9.083333333333332,113.33333333333333,43448.163334832534,32.084956668888374
9.083333333333332,114.0,43499.75458020913,32.17918581940817
9.083333333333332,114.66666666666666,43551.53367906415,32.27313984655902
9.083333333333332,115.33333333333333,43603.49710626254,32.36682114621562
9.083333333333332,116.0,43655.641432843855,32.46023207967969
9.083333333333332,116.66666666666666,43707.96332278335,32.55337497437435
9.083333333333332,117.33333333333333,43760.459529883236,32.64625212452078
9.083333333333332,118.0,43813.126894787885,32.73886579179757
9.083333333333332,118.66666666666666,43865.96234211717,32.83121820598329
9.083333333333332,119.33333333333333,43918.96287771264,32.92331156558289
9.083333333333332,120.0,43972.12558599124,33.015148038438355
9.166666666666666,80.0,41827.01364674068,27.080128015453198
9.166666666666666,80.66666666666667,41801.62674218449,27.192727786017432
9.166666666666666,81.33333333333333,41779.10163492625,27.30486322169652
9.166666666666666,82.0,41758.83511502846,27.416540019970913
9.166666666666666,82.66666666666667,41740.720597638385,27.527763762750105
9.166666666666666,83.33333333333333,41724.54815996517,27.63853991962833
9.166666666666666,84.0,41710.46435418,27.748873851023216
9.166666666666666,84.66666666666667,41698.27912935478,27.858770811202547
9.166666666666666,85.33333333333333,41687.91371537289,27.96823595120404
9.166666666666666,86.0,41679.29609717873,28.077274321652613
9.166666666666666,86.66666666666667,41672.35814544314,28.185890875479604
9.166666666666666,87.33333333333333,41667.03535153734,28.294090470548007
9.166666666666666,88.0,41663.26658433282,28.401877872187722
9.166666666666666,88.66666666666667,41680.03251388667,28.50925775564453
9.166666666666666,89.33333333333333,41721.748455316054,28.61623470844634
9.166666666666666,90.0,41763.43876556822,28.722813232690143
9.166666666666666,90.66666666666667,41805.411203233154,28.82899774725287
9.166666666666666,91.33333333333333,41847.943726239326,28.934792589929206
9.166666666666666,92.0,41890.90882529171,29.040202019499336
9.166666666666666,92.66666666666667,41934.25919539299,29.145230217729356
9.166666666666666,93.33333333333333,41977.985056731806,29.249881291307073
9.166666666666666,94.0,42022.076971920826,29.354159273715652
9.166666666666666,94.66666666666667,42066.52583113445,29.4580681270476
9.166666666666666,95.33333333333333,42111.322838017615,29.561611743761347
9.166666666666666,96.0,42156.45949631872,29.664793948382652
9.166666666666666,96.66666666666666,42201.94834954128,29.767618499152917
9.166666666666666,97.33333333333333,42247.739859788686,29.870089089626468
9.166666666666666,98.0,42293.84721330989,29.97220935021863
9.166666666666666,98.66666666666666,42340.26299350742,30.073982849706557
9.166666666666666,99.33333333333333,42386.98002650475,30.17541309668445
9.166666666666666,100.0,42433.99137131134,30.276503540974915
9.166666666666666,100.66666666666666,42481.29031046316,30.37725757499807
9.166666666666666,101.33333333333333,42528.8703411128,30.47767853509989
9.166666666666666,102.0,42576.725166543256,30.57776970284131
9.166666666666666,102.66666666666666,42624.848688082515,30.677534306249434
9.166666666666666,103.33333333333333,42673.23499739671,30.776975521032313
9.166666666666666,104.0,42721.878369141166,30.876096471758427
9.166666666666666,104.66666666666666,42770.77325395025,30.97490023300227
9.166666666666666,105.33333333333333,42819.91427174766,31.07338983045711
9.166666666666666,106.0,42869.29620536022,31.1715682420161
9.166666666666666,106.66666666666666,42918.91399441913,31.26943839882286
9.166666666666666,107.33333333333333,42968.76272953371,31.36700318629258
9.166666666666666,108.0,43018.83764672332,31.464265445104544
9.166666666666666,108.66666666666666,43069.134122094416,31.561227972167227
9.166666666666666,109.33333333333333,43119.64766674993,31.657893521556705
9.166666666666666,110.0,43170.37392191931,31.75426480542942
9.166666666666666,110.66666666666666,43221.3086542982,31.85034449491001
9.166666666666666,111.33333333333333,43272.447751587184,31.946135220955217
9.166666666666666,112.0,43323.78721821946,32.04163957519444
9.166666666666666,112.66666666666666,43375.32317126873,32.13686011074787
9.166666666666666,113.33333333333333,43427.0518365279,32.231799343022864
9.166666666666666,114.0,43478.96954475064,32.32645975048923
9.166666666666666,114.66666666666666,43531.072728047824,32.42084377543421
9.166666666666666,115.33333333333333,43583.35791643142,32.51495382469768
9.166666666666666,116.0,43635.82173449892,32.608792270388264
9.166666666666666,116.66666666666666,43688.46089825147,32.70236145058097
9.166666666666666,117.33333333333333,43741.27221203985,32.79566366999691
9.166666666666666,118.0,43794.25256563168,32.88870120066566
9.166666666666666,118.66666666666666,43847.39893139496,32.98147628257076
9.166666666666666,119.33333333333333,43900.70836159211,33.07399112427904
9.166666666666666,120.0,43954.17798577961,33.166247903554
9.25,80.0,41811.3706341213,27.202941017470888
9.25,80.66666666666667,41786.915058915925,27.31605144721079
9.25,81.33333333333333,41765.29350621159,27.42869543622761
9.25,82.0,41745.90403824778,27.54087870784082
9.25,82.66666666666667,41728.641639623136,27.65260686927485
9.25,83.33333333333333,41713.29887136409,27.76388541492947
9.25,84.0,41700.02141373647,27.874719729532707
9.25,84.66666666666667,41688.62131419204,27.98511509118136
9.25,85.33333333333333,41679.020940879884,28.09507667427397
9.25,86.0,41671.14929607931,28.20460955234091
9.25,86.66666666666667,41664.93920056698,28.313718700775897
9.25,87.33333333333333,41660.32703405352,28.422408999473166
9.25,88.0,41657.25249692256,28.53068523537421
9.25,88.66666666666667,41655.65839123072,28.63855210492784
9.25,89.33333333333333,41688.16509235402,28.74601421646718
9.25,90.0,41730.266699690525,28.853076092507017
9.25,90.66666666666667,41772.69732316612,28.95974217196463
9.25,91.33333333333333,41815.53294411057,29.066016812307346
9.25,92.0,41858.93745626514,29.171904291629644
9.25,92.66666666666667,41902.725267674854,29.277408810662646
9.25,93.33333333333333,41946.88322384398,29.382534494718684
9.25,94.0,41991.40204329804,29.487285395573462
9.25,94.66666666666667,42036.27276626776,29.59166549328825
9.25,95.33333333333333,42081.48674087117,29.695678697974444
9.25,96.0,42127.035610005085,29.79932885150268
9.25,96.66666666666666,42172.911298903295,29.902619729158626
9.25,97.33333333333333,42219.10600332163,30.0055550412475
9.25,98.0,42265.61217831412,30.10813843464919
9.25,98.66666666666666,42312.42252756481,30.210373494325857
9.25,99.33333333333333,42359.529993244105,30.31226374478378
9.25,100.0,42406.927746359004,30.4138126514911
9.25,100.66666666666666,42454.60917756976,30.515023622253132
9.25,101.33333333333333,42502.56788844636,30.615900008546753
9.25,102.0,42550.797683140656,30.71644510681534
9.25,102.66666666666666,42599.29256045092,30.81666215972565
9.25,103.33333333333333,42648.046706257504,30.9165543573881
9.25,104.0,42697.05448630926,31.016124838541643
9.25,104.66666666666666,42746.31043934213,31.11537669170448
9.25,105.33333333333333,42795.80927051153,31.214312956291913
9.25,106.0,42845.54584512267,31.312936623702353
9.25,106.66666666666666,42895.51518264251,31.411250638372657
9.25,107.33333333333333,42945.712450978746,31.50925789880386
9.25,108.0,42996.13296101223,31.606961258558215
9.25,108.66666666666666,43046.77216136962,31.704363527228654
9.25,109.33333333333333,43097.625633423915,31.80146747138146
9.25,110.0,43148.68908651142,31.898275815473163
9.25,110.66666666666666,43199.95835335432,31.994791242742416
9.25,111.33333333333333,43251.42938567839,32.091016396077784
9.25,112.0,43303.098250016425,32.18695387886216
9.25,112.66666666666666,43354.96112368812,32.28260625579457
9.25,113.33333333333333,43407.01429094759,32.37797605369016
9.25,114.0,43459.25413929084,32.47306576225903
9.25,114.66666666666666,43511.677155915095,32.567877834864625
9.25,115.33333333333333,43564.27992432284,32.662414689262235
9.25,116.0,43617.059121063874,32.756678708318404
9.25,116.66666666666666,43670.0115126085,32.85067224071171
9.25,117.33333333333333,43723.133952346114,32.94439760161556
9.25,118.0,43776.42337770304,33.03785707336358
9.25,118.66666666666666,43829.876807374385,33.13105290609803
9.25,119.33333333333333,43883.49133866433,33.223987318401946
9.25,120.0,43937.26414493027,33.31666249791537
9.333333333333332,80.0,41796.64102899129,27.325202042558928
9.333333333333332,80.66666666666667,41773.095607856114,27.438820836342234
9.333333333333332,81.33333333333333,41752.357203017214,27.551971093029096
9.333333333333332,82.0,41733.82523248014,27.664658561661902
9.333333333333332,82.66666666666667,41717.39619622273,27.776888874666213
9.333333333333332,83.33333333333333,41702.86506390769,27.88866755113585
9.333333333333332,84.0,41690.37664620431,27.999999999999996
9.333333333333332,84.66666666666667,41679.74503021122,28.110891523077353
9.333333333333332,85.33333333333333,41670.89368249216,28.221347318022296
9.333333333333332,86.0,41663.75258734061,28.3313724811677
9.333333333333332,86.66666666666667,41658.25548289901,28.44097201026872
9.333333333333332,87.33333333333333,41654.33960682878,28.550150807151805
9.333333333333332,88.0,41651.94546278362,28.658913680272903
9.333333333333332,88.66666666666667,41651.01660569862,28.767265347188555
9.333333333333332,89.33333333333333,41655.37504204643,28.875210436943618
9.333333333333332,90.0,41698.19931657236,28.982753492378876
9.333333333333332,90.66666666666667,41741.23079388292,29.089898972361905
9.333333333333332,91.33333333333333,41784.510418288184,29.19665125394425
9.333333333333332,92.0,41828.20564697311,29.303014634447877
9.333333333333332,92.66666666666667,41872.4231560835,29.4089933334837
9.333333333333332,93.33333333333333,41917.00563055046,29.51459149490487
9.333333333333332,94.0,41961.943939681965,29.619813188697414
9.333333333333332,94.66666666666667,42007.22926884217,29.724662412810602
9.333333333333332,95.33333333333333,42052.853105897026,29.829143094929453
9.333333333333332,96.0,42098.8072283541,29.93325909419153
9.333333333333332,96.66666666666666,42145.083691155785,30.037014202850155
9.333333333333332,97.33333333333333,42191.674815086575,30.14041214788617
9.333333333333332,98.0,42238.57317575912,30.24345659257001
9.333333333333332,98.66666666666666,42285.77159314507,30.346151137976108
9.333333333333332,99.33333333333333,42333.26312161954,30.448499324451294
9.333333333333332,100.0,42381.04104048979,30.550504633038933
9.333333333333332,100.66666666666666,42429.09884498097,30.652170486860392
9.333333333333332,101.33333333333333,42477.430237652836,30.75350025245545
9.333333333333332,102.0,42526.02912022413,30.854497241083024
9.333333333333332,102.66666666666666,42574.88958578137,30.95516470998373
9.333333333333332,103.33333333333333,42624.005911351735,31.05550586360564
9.333333333333332,104.0,42673.372550819746,31.155523854794456
9.333333333333332,104.66666666666666,42722.98412816952,31.25522178594944
9.333333333333332,105.33333333333333,42772.83543103514,31.354602710146256
9.333333333333332,106.0,42822.92140454278,31.453669632227864
9.333333333333332,106.66666666666666,42873.23714542927,31.552425509864616
9.333333333333332,107.33333333333333,42923.777896422725,31.650873254584585
9.333333333333332,108.0,42974.539040871445,31.749015732775085
9.333333333333332,108.66666666666666,43025.51609760884,31.846855766656496
9.333333333333332,109.33333333333333,43076.70471604154,31.94439613522917
9.333333333333332,110.0,43128.10067145032,32.041639575194445
9.333333333333332,110.66666666666666,43179.69986049246,32.13858878185053
9.333333333333332,111.33333333333333,43231.49829689565,32.23524640996422
9.333333333333332,112.0,43283.49210733424,32.331615074619044
9.333333333333332,112.66666666666666,43335.67752747858,32.42769735204082
9.333333333333332,113.33333333333333,43388.05089820897,32.52349578040125
9.333333333333332,114.0,43440.608661986545,32.61901286060018
9.333333333333332,114.66666666666666,43493.34735937332,32.714251057027454
9.333333333333332,115.33333333333333,43546.263625694264,32.80921279830475
9.333333333333332,116.0,43599.354187834695,32.903900478008175
9.333333333333332,116.66666666666666,43652.615861166865,32.99831645537221
9.333333333333332,117.33333333333333,43706.045546599125,33.092463055975614
9.333333333333332,118.0,43759.64022774263,33.186342572409714
9.333333333333332,118.66666666666666,43813.3969681898,33.27995726492983
9.333333333333332,119.33333333333333,43867.31290889923,33.373309362090204
9.333333333333332,120.0,43921.38526568276,33.466401061363015
9.416666666666666,80.0,41782.79233547115,27.446918466985203
9.416666666666666,80.66666666666667,41760.1367302578,27.561043360350332
9.416666666666666,81.33333333333333,41740.27355025153,27.674697629583758
9.416666666666666,82.0,41722.56861682075,27.787887049336202
9.416666666666666,82.66666666666667,41706.95491998797,27.900617277122105
9.416666666666666,83.33333333333333,41693.218090443304,28.01289385661935
9.416666666666666,84.0,41681.50207310787,28.124722220850465
9.416666666666666,84.66666666666667,41671.62293804031,28.236107695250382
9.416666666666666,85.33333333333333,41663.505212313044,28.34705550062573
9.416666666666666,86.0,41657.07982863394,28.457570756010313
9.416666666666666,86.66666666666667,41652.28141135549,28.567658481421102
9.416666666666666,87.33333333333333,41649.04802716186,28.677323600519085
9.416666666666666,88.0,41647.32095608299,28.786570943178813
9.416666666666666,88.66666666666667,41647.04448089892,28.895405247970558
9.416666666666666,89.33333333333333,41648.165693209165,29.003831164558626
9.416666666666666,90.0,41666.931420668276,29.111853256019273
9.416666666666666,90.66666666666667,41710.823333107204,29.2194760010815
9.416666666666666,91.33333333333333,41754.68365140678,29.326703796293838
9.416666666666666,92.0,41798.782793602055,29.433540958120098
9.416666666666666,92.66666666666667,41843.3095718795,29.539991724966868
9.416666666666666,93.33333333333333,41888.30928929045,29.646060259145546
9.416666666666666,94.0,41933.659967612824,29.751750648771353
9.416666666666666,94.66666666666667,41979.35293265278,29.857066909601894
9.416666666666666,95.33333333333333,42025.379807520076,29.962012986817523
9.416666666666666,96.0,42071.7325000075,30.066592756745816
9.416666666666666,96.66666666666666,42118.403190609904,30.170810028532173
9.416666666666666,97.33333333333333,42165.38432114573,30.274668545758768
9.416666666666666,98.0,42212.66858394519,30.378171988013584
9.416666666666666,98.66666666666666,42260.248911572744,30.48132397241155
9.416666666666666,99.33333333333333,42308.11846705295,30.584128055069492
9.416666666666666,100.0,42356.27063457101,30.686587732536616
9.416666666666666,100.66666666666666,42404.69901062136,30.78870644318212
9.416666666666666,101.33333333333333,42453.39739557907,30.89048756854158
9.416666666666666,102.0,42502.359785670706,30.99193443462347
9.416666666666666,102.66666666666666,42551.58036532236,31.093050313177343
9.416666666666666,103.33333333333333,42601.05349986474,31.193838422925054
9.416666666666666,104.0,42650.77372857545,31.29430193075623
9.416666666666666,104.66666666666666,42700.735758040646,31.394443952889354
9.416666666666666,105.33333333333333,42750.934455818955,31.494267555999595
9.416666666666666,106.0,42801.36484439171,31.59377575831459
9.416666666666666,106.66666666666666,42852.02209538417,31.692971530679234
9.416666666666666,107.33333333333333,42902.90152404424,31.791857797590602
9.416666666666666,108.0,42953.99858396457,31.890437438203946
9.416666666666666,108.66666666666666,43005.30886203629,31.988713287310848
9.416666666666666,109.33333333333333,43056.82807362204,32.08668813629034
9.416666666666666,110.0,43108.55205793762,32.184364734034034
9.416666666666666,110.66666666666666,43160.476773631286,32.28174578784597
9.416666666666666,111.33333333333333,43212.59829455152,32.37883396431825
9.416666666666666,112.0,43264.91280569337,32.47563189018293
9.416666666666666,112.66666666666666,43317.41659931493,32.5721421531413
9.416666666666666,113.33333333333333,43370.106071215385,32.66836730267098
9.416666666666666,114.0,43422.977717167305,32.76430985081175
9.416666666666666,114.66666666666666,43476.02812949504,32.85997227293075
9.416666666666666,115.33333333333333,43529.25399379308,32.955357008467615
9.416666666666666,116.0,43582.65208577696,33.05046646166032
9.416666666666666,116.66666666666666,43636.21926826109,33.145303002252234
9.416666666666666,117.33333333333333,43689.95248825721,33.23986896618109
9.416666666666666,118.0,43743.848774188,33.33416665625026
9.416666666666666,118.66666666666666,43797.90523321071,33.42819834278306
9.416666666666666,119.33333333333333,43852.1190486452,33.52196626426055
9.416666666666666,120.0,43906.48747750254,33.61547262794322
9.5,80.0,41769.7935526981,27.568097504180443
9.5,80.66666666666667,41748.00821856186,27.682726262659415
9.5,81.33333333333333,41728.989608719545,27.796882319185844
9.5,82.0,41712.105478796824,27.910571473905726
9.5,82.66666666666667,41697.28979377372,28.023799409311604
9.5,83.33333333333333,41684.33059797314,28.136571693556885
9.5,84.0,41673.37097575096,28.24889378365107
9.5,84.66666666666667,41664.22892541117,28.36077102854105
9.5,85.33333333333333,41656.829998453264,28.472208672083497
9.5,86.0,41651.106044013846,28.583211855912904
9.5,86.66666666666667,41646.99254298568,28.69378562220979
9.5,87.33333333333333,41644.42836351864,28.803934916373258
9.5,88.0,41643.35553639106,28.91366458960192
9.5,88.66666666666667,41643.71904836542,29.022979401386987
9.5,89.33333333333333,41645.46665184527,29.13188402192118
9.5,90.0,41648.52084820497,29.24038303442689
9.5,90.66666666666667,41681.93843696497,29.34848093740685
9.5,91.33333333333333,41725.872673885926,29.4561821468205
9.5,92.0,41770.53365075634,29.563490998188964
9.5,92.66666666666667,41815.424515992854,29.670411748631555
9.5,93.33333333333333,41860.75316453895,29.776948578836393
9.5,94.0,41906.50937009656,29.88310559496787
9.5,94.66666666666667,41952.603272777116,29.988886830513287
9.5,95.33333333333333,41999.026626638384,30.094296248071103
9.5,96.0,42045.77146563187,30.199337741083
9.5,96.66666666666666,42092.8300918399,30.304015135511882
9.5,97.33333333333333,42140.195064303254,30.40833219146796
9.5,98.0,42187.85918840426,30.51229260478471
9.5,98.66666666666666,42235.81550577399,30.615900008546753
9.5,99.33333333333333,42284.05728469296,30.719157974571285
9.5,100.0,42332.57801095729,30.822070014844883
9.5,100.66666666666666,42381.371379184515,30.924639582917266
9.5,101.33333333333333,42430.431284533915,31.026870075253587
9.5,102.0,42479.75181481877,31.12876483254676
9.5,102.66666666666666,42529.327242988715,31.23032714099123
9.5,103.33333333333333,42579.15201996235,31.331560233519596
9.5,104.0,42629.220767790655,31.43246729100342
9.5,104.66666666666666,42679.528273133896,31.53305144341938
9.5,105.33333333333333,42730.069481035156,31.63331577098213
9.5,106.0,42780.83948897471,31.73326330524486
9.5,106.66666666666666,42831.83354119068,31.83289703016886
9.5,107.33333333333333,42883.04702325207,31.932219883162944
9.5,108.0,42934.47545687113,32.03123475609393
9.5,108.66666666666666,42986.11449494274,32.129944496269104
9.5,109.33333333333333,43037.95991679934,32.22835190739152
9.5,110.0,43090.00762367052,32.32645975048923
9.5,110.66666666666666,43142.25363433697,32.424270744819125
9.5,111.33333333333333,43194.69408096917,32.521787568746376
9.5,112.0,43247.32520514166,32.61901286060018
9.5,112.66666666666666,43300.14335401429,32.715949219506584
9.5,113.33333333333333,43353.14497667233,32.81259920619924
9.5,114.0,43406.32662061783,32.90896534380867
9.5,114.66666666666666,43459.68492840477,33.005050118630834
9.5,115.33333333333333,43513.216634411496,33.10085598087558
9.5,116.0,43566.91856174344,33.19638534539567
9.5,116.66666666666666,43620.78761926063,33.291640592396966
9.5,117.33333333333333,43674.82079872353,33.38662406813044
9.5,118.0,43729.01517205227,33.481338085566414
9.5,118.66666666666666,43783.36788869364,33.575784925051764
9.5,119.33333333333333,43837.87617309121,33.6699668349505
9.5,120.0,43892.53732225359,33.76388603226827
9.583333333333332,80.0,41757.61508961397,27.688746209726915
9.583333333333332,80.66666666666667,41736.68123401542,27.80387662818902
9.583333333333332,81.33333333333333,41718.489091058414,27.918532275971177
9.583333333333332,82.0,41702.408397351086,28.03271897860308
9.583333333333332,82.66666666666667,41688.37405617353,28.146442443446066
9.583333333333332,83.33333333333333,41676.176455395514,28.25970826302195
9.583333333333332,84.0,41665.957825144345,28.372521918222212
9.583333333333332,84.66666666666667,41657.53803915423,28.48488878140283
9.583333333333332,85.33333333333333,41650.84363898312,28.59681411936962
9.583333333333332,86.0,41645.80735972524,28.708303096258867
9.583333333333332,86.66666666666667,41642.36551053979,28.819360776317637
9.583333333333332,87.33333333333333,41640.45773477271,28.92999212658801
9.583333333333332,88.0,41640.02678951296,29.040202019499336
9.583333333333332,88.66666666666667,41641.0183427435,29.149995235372202
9.583333333333332,89.33333333333333,41643.380786446374,29.259376464837917
9.583333333333332,90.0,41647.03758282632,29.368350311176826
9.583333333333332,90.66666666666667,41653.26327604207,29.476921292578858
9.583333333333332,91.33333333333333,41698.29944192081,29.585093844329403
9.583333333333332,92.0,41743.25920281209,29.692872320923527
9.583333333333332,92.66666666666667,41788.694243852784,29.800260998111334
9.583333333333332,93.33333333333333,41834.35060711269,29.907264074877265
9.583333333333332,94.0,41880.45321810892,30.013885675355887
9.583333333333332,94.66666666666667,41926.94161806548,30.120129850686602
9.583333333333332,95.33333333333333,41973.755144073606,30.226000580809743
9.583333333333332,96.0,42020.885952304656,30.3315017762062
9.583333333333332,96.66666666666666,42068.32646264315,30.436637279582786
9.583333333333332,97.33333333333333,42116.06934771282,30.541410867505412
9.583333333333332,98.0,42164.10752244815,30.645826251981955
9.583333333333332,98.66666666666666,42212.434134179246,30.749887081996825
9.583333333333332,99.33333333333333,42261.04255320136,30.85359694499888
9.583333333333332,100.0,42309.926363801,30.956959368344517
9.583333333333332,100.66666666666666,42359.079355713,31.059977820697522
9.583333333333332,101.33333333333333,42408.49551598493,31.162655713387313
9.583333333333332,102.0,42458.169021225636,31.26499640172696
9.583333333333332,102.66666666666666,42508.09423021732,31.367003186292578
9.583333333333332,103.33333333333333,42558.265676870986,31.46867931416534
9.583333333333332,104.0,42608.67806350708,31.570027980137528
9.583333333333332,104.66666666666666,42659.326254443535,31.67105232788382
9.583333333333332,105.33333333333333,42710.20526987508,31.771755451099082
9.583333333333332,106.0,42761.310280028345,31.87214039460377
9.583333333333332,106.66666666666666,42812.63659957836,31.97221015541813
9.583333333333332,107.33333333333333,42864.17968231283,32.07196768380623
9.583333333333332,108.0,42915.935116031476,32.17141588429082
9.583333333333332,108.66666666666666,42967.89861766842,32.270557616640104
9.583333333333332,109.33333333333333,43020.06602862605,32.36939569682723
9.583333333333332,110.0,43072.43331031008,32.46793289796359
9.583333333333332,110.66666666666666,43124.99653985539,32.5661719512066
9.583333333333332,111.33333333333333,43177.75190603352,32.66411554664299
9.583333333333332,112.0,43230.69570533239,32.761766334148305
9.583333333333332,112.66666666666666,43283.824338200335,32.85912692422338
9.583333333333332,113.33333333333333,43337.134305445994,32.95619988880865
9.583333333333332,114.0,43390.62220478699,33.05298776207682
9.583333333333332,114.66666666666666,43444.284727539794,33.14949304120485
9.583333333333332,115.33333333333333,43498.118655444516,33.245718187125654
9.583333333333332,116.0,43552.12085761773,33.34166562526033
9.583333333333332,116.66666666666666,43606.288287627955,33.437337746231464
9.583333333333332,117.33333333333333,43660.61798068747,33.53273690655811
9.583333333333332,118.0,43715.107050955514,33.627865429333056
9.583333333333332,118.66666666666666,43769.752688947374,33.72272560488286
9.583333333333332,119.33333333333333,43824.552159044964,33.81731969141125
9.583333333333332,120.0,43879.50279710387,33.911649915626334
9.666666666666666,80.0,41746.228685558235,27.808871486152277
9.666666666666666,80.66666666666667,41726.128229879156,27.924501388167666
9.666666666666666,81.33333333333333,41708.74513928789,28.039654459750786
9.666666666666666,82.0,41693.45117100214,28.1543365517049
9.666666666666666,82.66666666666667,41680.18213194401,28.268553396152253
9.666666666666666,83.33333333333333,41668.73068606183,28.382310609877333
9.666666666666666,84.0,41659.23821658412,28.495613697550013
9.666666666666666,84.66666666666667,41651.52642168912,28.60846805483377
9.666666666666666,85.33333333333333,41645.52280023392,28.72087897138402
9.666666666666666,86.0,41641.160944222676,28.83285163374121
9.666666666666666,86.66666666666667,41638.37796411855,28.944391128123215
9.666666666666666,87.33333333333333,41637.11425340474,29.055502443121203
9.666666666666666,88.0,41637.31327216183,29.166190472303143
9.666666666666666,88.66666666666667,41638.92134786743,29.276460016728645
9.666666666666666,89.33333333333333,41641.88749181629,29.38631578737892
9.666666666666666,90.0,41646.163229730126,29.49576240750525
9.666666666666666,90.66666666666667,41651.67534569566,29.604804414899355
9.666666666666666,91.33333333333333,41671.29038273122,29.713446264088734
9.666666666666666,92.0,41717.172722064555,29.821692328460053
9.666666666666666,92.66666666666667,41763.02738396318,29.9295469023134
9.666666666666666,93.33333333333333,41809.08360736554,30.03701420285016
9.666666666666666,94.0,41855.48070468356,30.144098372097094
9.666666666666666,94.66666666666667,41902.33101079286,30.25080347876914
9.666666666666666,95.33333333333333,41949.52864111,30.35713352007326
9.666666666666666,96.0,41997.039474917365,30.463092423455635
9.666666666666666,96.66666666666666,42044.85604628547,30.568684048294333
9.666666666666666,97.33333333333333,42092.97113794423,30.673912187539575
9.666666666666666,98.0,42141.3777710358,30.778780569303475
9.666666666666666,98.66666666666666,42190.06919537133,30.883292858401248
9.666666666666666,99.33333333333333,42239.03888016325,30.987452657845598
9.666666666666666,100.0,42288.28050520551,31.09126351029605
9.666666666666666,100.66666666666666,42337.787952477236,31.194728899464906
9.666666666666666,101.33333333333333,42387.55529814567,31.297852251481334
9.666666666666666,102.0,42437.5768049466,31.40063693621516
9.666666666666666,102.66666666666666,42487.846914921436,31.503086268561756
9.666666666666666,103.33333333333333,42538.36024249173,31.60520350968949
9.666666666666666,104.0,42589.11156785263,31.70699186825097
9.666666666666666,104.66666666666666,42640.09583066843,31.80845450155945
9.666666666666666,105.33333333333333,42691.30812405404,31.909594516731516
9.666666666666666,106.0,42742.74368882739,32.010414971797324
9.666666666666666,106.66666666666666,42794.397908018596,32.11091887677945
9.666666666666666,107.33333333333333,42846.26630162231,32.211109194741425
9.666666666666666,108.0,42898.34452158132,32.31098884280702
9.666666666666666,108.66666666666666,42950.6283469888,32.410560693151304
9.666666666666666,109.33333333333333,43003.11367949883,32.50982757396429
9.666666666666666,110.0,43055.79653893416,32.608792270388264
9.666666666666666,110.66666666666666,43108.67305908181,32.70745752542955
9.666666666666666,111.33333333333333,43161.73948366672,32.80582604084558
9.666666666666666,112.0,43214.992162495146,32.903900478008175
9.666666666666666,112.66666666666666,43268.427547759136,33.0016834587436
9.666666666666666,113.33333333333333,43322.04219049438,33.09917756615042
9.666666666666666,114.0,43375.83273718428,33.19638534539566
9.666666666666666,114.66666666666666,43429.795926502695,33.29330930449006
9.666666666666666,115.33333333333333,43483.9285861894,33.38995191504308
9.666666666666666,116.0,43538.22763005155,33.4863156129983
9.666666666666666,116.66666666666666,43592.690055085295,33.58240279934981
9.666666666666666,117.33333333333333,43647.31293871228,33.67821584084024
9.666666666666666,118.0,43704.317360384186,33.773757070640904
9.666666666666666,118.66666666666666,43762.28103932028,33.86902878901476
9.666666666666666,119.33333333333333,43821.31350916868,33.96403326396256
9.666666666666666,120.0,43879.75307974532,34.058772731852805
9.75,80.0,41735.60733620579,27.92848008753788
9.75,80.66666666666667,41716.3228797822,28.044607324760317
9.75,81.33333333333333,41699.73208094862,28.160255680657446
9.75,82.0,41685.208750776816,28.275431031197385
9.75,82.66666666666667,41672.6895670312,28.39013913315678
9.75,83.33333333333333,41662.081310803645,28.50438562747845
9.75,84.0,41653.188808522085,28.61817604250837
9.75,84.66666666666667,41646.17125166539,28.731515797117282
9.75,85.33333333333333,41640.84515911683,28.844410203711913
9.75,86.0,41637.14495208042,28.956864471140516
9.75,86.66666666666667,41635.00851659483,29.068883707497267
9.75,87.33333333333333,41634.37697236085,29.180472922829747
9.75,88.0,41635.19446018519,29.29163703175362
9.75,88.66666666666667,41637.407946289306,29.402380855978315
9.75,89.33333333333333,41640.96704191949,29.512709126747414
9.75,90.0,41645.823836859956,29.62262648719725
9.75,90.66666666666667,41651.905979046656,29.732137494637012
9.75,91.33333333333333,41659.22366393188,29.841246622753548
9.75,92.0,41691.51153881332,29.949958263743873
9.75,92.66666666666667,41738.24587215857,30.058276730378275
9.75,93.33333333333333,41784.838065331955,30.166206257996713
9.75,94.0,41831.62432278128,30.273751006441206
9.75,94.66666666666667,41878.73875157035,30.380915061926622
9.75,95.33333333333333,41926.312006575834,30.48770243885229
9.75,96.0,41974.197144056074,30.59411708155671
9.75,96.66666666666666,42022.38417016084,30.7001628660175
9.75,97.33333333333333,42070.86597440231,30.805843601498726
9.75,98.0,42119.635680932806,30.911163032147464
9.75,98.66666666666666,42168.68663896747,31.016124838541643
9.75,99.33333333333333,42218.01241367356,31.12073263919087
9.75,100.0,42267.60677749989,31.22498999199199
9.75,100.66666666666666,42317.463701921595,31.32890039564108
9.75,101.33333333333333,42367.57734957717,31.43246729100342
9.75,102.0,42417.94206677626,31.535694062442957
9.75,102.66666666666666,42468.55237635756,31.638584039112747
9.75,103.33333333333333,42519.402970878175,31.741140496207755
9.75,104.0,42570.48870611624,31.843366656181313
9.75,104.66666666666666,42621.80459487032,31.945265689926572
9.75,105.33333333333333,42673.345801039715,32.046840717924134
9.75,106.0,42725.1076339708,32.14809481135702
9.75,106.66666666666666,42777.085543055735,32.2490309931942
9.75,107.33333333333333,42829.275112570205,32.349652239243625
9.75,108.0,42881.6720567381,32.449961479175904
9.75,108.66666666666666,42934.272215011435,32.54996159751959
9.75,109.33333333333333,42987.0715475546,32.64965543462902
9.75,110.0,43040.06613092282,32.74904578762563
9.75,110.66666666666666,43093.25215392483,32.848135411313685
9.75,111.33333333333333,43146.625913660864,32.94692701907114
9.75,112.0,43200.18381172746,33.04542328371661
9.75,112.66666666666666,43253.92235058041,33.1436268383531
9.75,113.33333333333333,43307.83813004889,33.24154027718932
9.75,114.0,43364.370257970404,33.3391661563393
9.75,114.66666666666666,43421.52341114468,33.436506994600975
9.75,115.33333333333333,43479.797652206034,33.53356527421443
9.75,116.0,43537.461076187356,33.63034344160048
9.75,116.66666666666666,43595.31881662353,33.726843908080106
9.75,117.33333333333333,43652.80886193698,33.823069050575526
9.75,118.0,43711.69551845398,33.91902121229326
9.75,118.66666666666666,43770.112159356424,34.0147027033899
9.75,119.33333333333333,43828.70914169921,34.11011580162108
9.75,120.0,43887.483204687785,34.20526275297414
9.833333333333332,80.0,41725.725224431655,28.04757862395017
9.833333333333332,80.66666666666667,41707.24001082379,28.16420107551823
9.833333333333332,81.33333333333333,41691.425364384755,28.280342603613867
9.833333333333332,82.0,41677.65717754628,28.396009109262753
9.833333333333332,82.66666666666667,41665.87296784495,28.511206373790795
9.833333333333332,83.33333333333333,41655.980707707306,28.62594006219611
9.833333333333332,84.0,41647.78956152498,28.740215726399825
9.833333333333332,84.66666666666667,41641.450688439196,28.854038808380977
9.833333333333332,85.33333333333333,41636.78934915451,28.967414643200573
9.833333333333332,86.0,41633.738471500554,29.080348461919545
9.833333333333332,86.66666666666667,41632.23669252419,29.192845394415087
9.833333333333332,87.33333333333333,41632.22583529694,29.30491047209968
9.833333333333332,88.0,41633.65070007858,29.416548630546945
9.833333333333332,88.66666666666667,41636.45887200307,29.52776471202805
9.833333333333332,89.33333333333333,41640.60054375927,29.638563467962552
9.833333333333332,90.0,41646.02835190016,29.74894956128703
9.833333333333332,90.66666666666667,41652.69722555653,29.85892756874492
9.833333333333332,91.33333333333333,41660.537864054866,29.968501983100705
9.833333333333332,92.0,41669.56222802535,30.077677215281543
9.833333333333332,92.66666666666667,41714.63984282337,30.18645759644914
9.833333333333332,93.33333333333333,41761.44294119312,30.2948473800047
9.833333333333332,94.0,41808.749580157906,30.402850743529516
9.833333333333332,94.66666666666667,41856.243082458095,30.510471790663754
9.833333333333332,95.33333333333333,41904.07164996844,30.617714552925797
9.833333333333332,96.0,41952.325579866265,30.72458299147443
9.833333333333332,96.66666666666666,42000.87766037711,30.831080998816038
9.833333333333332,97.33333333333333,42049.7208846159,30.93721240045895
9.833333333333332,98.0,42098.84847668614,31.04298095651683
9.833333333333332,98.66666666666666,42148.25388226283,31.148390363263104
9.833333333333332,99.33333333333333,42197.93075963367,31.2534442546382
9.833333333333332,100.0,42247.87297117226,31.358146203711296
9.833333333333332,100.66666666666666,42298.07457521958,31.46249972409835
9.833333333333332,101.33333333333333,42348.529818350486,31.566508271337902
9.833333333333332,102.0,42399.23312800444,31.67017524422623
9.833333333333332,102.66666666666666,42450.179105460455,31.773503986113262
9.833333333333332,103.33333333333333,42501.36251913732,31.876497786160748
9.833333333333332,104.0,42552.77829820179,31.97915988056388
9.833333333333332,104.66666666666666,42604.42152646844,32.08149345373781
9.833333333333332,105.33333333333333,42656.28743657543,32.183501639470144
9.833333333333332,106.0,42708.371404421785,32.28518752204071
9.833333333333332,106.66666666666666,42760.668943852754,32.386554137309645
9.833333333333332,107.33333333333333,42813.175701579974,32.48760447377499
9.833333333333332,108.0,42865.88745232474,32.58834147360064
9.833333333333332,108.66666666666666,42918.80009417301,32.688768033616
9.833333333333332,109.33333333333333,42971.909644131076,32.78888700628783
9.833333333333332,110.0,43028.07595690762,32.88870120066566
9.833333333333332,110.66666666666666,43084.299829558644,32.98821338330135
9.833333333333332,111.33333333333333,43141.03254353827,33.08742627914383
9.833333333333332,112.0,43198.484507590765,33.186342572409714
9.833333333333332,112.66666666666666,43255.47467954454,33.284964907430634
9.833333333333332,113.33333333333333,43312.676618004705,33.383295889478084
9.833333333333332,114.0,43369.525727060536,33.48133808556641
9.833333333333332,114.66666666666666,43427.79160793107,33.57909402523474
9.833333333333332,115.33333333333333,43485.60189105068,33.676566201308454
9.833333333333332,116.0,43543.60806999984,33.77375707064091
9.833333333333332,116.66666666666666,43601.80645102414,33.87066905483596
9.833333333333332,117.33333333333333,43660.193442801676,33.967304540951986
9.833333333333332,118.0,43718.76555292106,34.06366588218792
9.833333333333332,118.66666666666666,43777.51938450405,34.159755398551795
9.833333333333332,119.33333333333333,43836.4516329658,34.25557537751256
9.833333333333332,120.0,43895.55908290634,34.351128074635334
9.916666666666666,80.0,41716.55765572078,28.166173565703478
9.916666666666666,80.66666666666667,41698.85554105541,28.28328913765944
9.916666666666666,81.33333333333333,41683.80149824524,28.39992175263086
9.916666666666666,82.0,41670.77352342972,28.516077336594993
9.916666666666666,82.66666666666667,41659.70994445863,28.631761695323217
9.916666666666666,83.33333333333333,41650.51988764496,28.74698051776723
9.916666666666666,84.0,41643.01446307279,28.861739379323623
9.916666666666666,84.66666666666667,41637.34382009688,28.97604374498201
9.916666666666666,85.33333333333333,41633.334909948855,29.089898972361905
9.916666666666666,86.0,41630.921475150826,29.203310314642984
9.916666666666666,86.66666666666667,41630.042880285066,29.31628292339335
9.916666666666666,87.33333333333333,41630.64162995818,29.428821851300054
9.916666666666666,88.0,41632.66316354555,29.540932054806035
9.916666666666666,88.66666666666667,41636.0556661291,29.65261839665728
9.916666666666666,89.33333333333333,41640.76989413574,29.763885648364006
9.916666666666666,90.0,41646.75901434066,29.87473849257931
9.916666666666666,90.66666666666667,41653.97845503811,29.985181525398694
9.916666666666666,91.33333333333333,41662.35969373452,30.095219258583615
9.916666666666666,92.0,41671.914515545075,30.204856121712172
9.916666666666666,92.66666666666667,41691.36770863901,30.314096464259734
9.916666666666666,93.33333333333333,41739.12656948862,30.422944557612357
9.916666666666666,94.0,41786.69199443597,30.531404597015623
9.916666666666666,94.66666666666667,41834.69123414849,30.639480703461302
9.916666666666666,95.33333333333333,41882.87041920595,30.747176925514456
9.916666666666666,96.0,41931.39283145151,30.854497241083024
9.916666666666666,96.66666666666666,41980.30476182295,30.961445559132265
9.916666666666666,97.33333333333333,42029.50430495625,31.06802572134609
9.916666666666666,98.0,42078.984781977975,31.174241503737235
9.916666666666666,98.66666666666666,42128.73973220456,31.280096618208265
9.916666666666666,99.33333333333333,42178.76290433021,31.385594714065167
9.916666666666666,100.0,42229.04824803939,31.490739379485305
9.916666666666666,100.66666666666666,42279.5899060201,31.59553414294143
9.916666666666666,101.33333333333333,42330.38220635582,31.699982474583305
9.916666666666666,102.0,42381.41965527506,31.8040877875785
9.916666666666666,102.66666666666666,42432.69693023936,31.9078534394138
9.916666666666666,103.33333333333333,42484.20887335082,32.011282733158666
9.916666666666666,104.0,42535.95048506251,32.11437891869206
9.916666666666666,104.66666666666666,42587.91691817534,32.21714519389395
9.916666666666666,105.33333333333333,42641.269110808105,32.3195847058027
9.916666666666666,106.0,42696.16692547882,32.42170055173952
9.916666666666666,106.66666666666666,42751.54567996496,32.52349578040125
9.916666666666666,107.33333333333333,42807.05160143048,32.624973392922314
9.916666666666666,108.0,42862.82110311794,32.72613634390714
9.916666666666666,108.66666666666666,42918.83219012326,32.826987542433905
9.916666666666666,109.33333333333333,42975.72446621492,32.92752985303061
9.916666666666666,110.0,43031.606412805726,33.02776609662442
9.916666666666666,110.66666666666666,43088.31138377479,33.12769905146514
9.916666666666666,111.33333333333333,43145.238699798494,33.22733145402374
9.916666666666666,112.0,43203.00412346395,33.326665999866634
9.916666666666666,112.66666666666666,43260.344239544946,33.42570534450661
9.916666666666666,113.33333333333333,43317.893792445684,33.52445210423116
9.916666666666666,114.0,43375.64869824307,33.62290885690886
9.916666666666666,114.66666666666666,43433.60498935632,33.7210781427746
9.916666666666666,115.33333333333333,43491.75881043716,33.81896246519432
9.916666666666666,116.0,43550.10641443365,33.916564291409784
9.916666666666666,116.66666666666666,43608.644158818475,34.01388605326425
9.916666666666666,117.33333333333333,43667.3685019742,34.110930147909414
9.916666666666666,118.0,43726.27599972777,34.20769893849434
9.916666666666666,118.66666666666666,43785.36330202687,34.30419475483687
9.916666666666666,119.33333333333333,43844.62714975168,34.40041989407817
9.916666666666666,120.0,43904.064371655666,34.49637662132068
10.0,80.0,41708.08099777605,28.284271247461902
10.0,80.66666666666667,41691.14642101039,28.401877872187725
10.0,81.33333333333333,41676.837994884554,28.51899951494325
10.0,82.0,41664.53583695854,28.635642126552707
10.0,82.66666666666667,41654.17905743931,28.751811537130433
10.0,83.33333333333333,41645.677900698196,28.867513459481287
10.0,84.0,41638.84536709176,28.982753492378876
10.0,84.66666666666667,41633.830614763596,29.097537123726926
10.0,85.33333333333333,41630.46223983015,29.211869733608857
10.0,86.0,41628.67477408763,29.32575659723036
10.0,86.66666666666667,41628.40828721261,29.439202887759492
10.0,87.33333333333333,41629.60594446488,29.552213679068668
10.0,88.0,41632.21380488083,29.664793948382652
10.0,88.66666666666667,41636.180635344164,29.776948578836393
10.0,89.33333333333333,41641.4577390749,29.888682361946525
10.0,90.0,41647.99879722939,30.0
10.0,90.66666666666667,41655.759722440744,30.110906108363242
10.0,91.33333333333333,41664.67274613036,30.22140521771503
10.0,92.0,41674.74948569638,30.331501776206203
10.0,92.66666666666667,41685.92593645213,30.441200151548998
10.0,93.33333333333333,41717.17270279219,30.550504633038933
10.0,94.0,41765.672064777056,30.659419433511783
10.0,94.66666666666667,41813.92485036696,30.7679486912382
10.0,95.33333333333333,41862.59600502595,30.876096471758427
10.0,96.0,41911.4404571991,30.983866769659336
10.0,96.66666666666666,41960.63506330814,31.09126351029605
10.0,97.33333333333333,42010.186006381715,31.19829055146024
10.0,98.0,42060.014545959966,31.304951684997054
10.0,98.66666666666666,42110.11431230102,31.411250638372653
10.0,99.33333333333333,42160.47914190586,31.517191076194166
10.0,100.0,42211.10306926534,31.622776601683793
10.0,100.66666666666666,42262.670943318495,31.72801075810878
10.0,101.33333333333333,42315.884761937574,31.832897030168855
10.0,102.0,42369.51314996647,31.937438845342623
10.0,102.66666666666666,42423.71519846425,32.04163957519444
10.0,103.33333333333333,42478.025325781,32.145502536643185
10.0,104.0,42532.613747528325,32.2490309931942
10.0,104.66666666666666,42587.47428189214,32.35222815613581
10.0,105.33333333333333,42642.600942725854,32.45509718570156
10.0,106.0,42698.03640633911,32.55764119219941
10.0,106.66666666666666,42753.67683986685,32.659863237109036
10.0,107.33333333333333,42809.56654354039,32.761766334148305
10.0,108.0,42865.70024057498,32.863353450309965
10.0,108.66666666666666,42922.696208943904,32.96462750686964
10.0,109.33333333333333,42979.284171256986,33.06559138036599
10.0,110.0,43036.101311788705,33.166247903554
10.0,110.66666666666666,43093.142962582446,33.2665998663324
10.0,111.33333333333333,43150.40459340498,33.36665001664586
10.0,112.0,43207.881806707264,33.46640106136302
10.0,112.66666666666666,43265.57033280499,33.56585566713095
10.0,113.33333333333333,43323.466025268644,33.66501646120693
10.0,114.0,43381.564856511584,33.76388603226827
10.0,114.66666666666666,43439.86291356684,33.862466931200785
10.0,115.33333333333333,43498.356394042945,33.96076167186674
10.0,116.0,43557.04160225026,34.058772731852805
10.0,116.66666666666666,43615.93318013228,34.15650255319866
10.0,117.33333333333333,43675.01716938348,34.25395354310701
10.0,118.0,43734.282370605135,34.351128074635334
10.0,118.66666666666666,43793.72547604367,34.448028487370166
10.0,119.33333333333333,43853.34326783849,34.54465708808431
10.0,120.0,43913.13261499181,34.64101615137755
10.083333333333332,80.0,41700.27262400683,28.401877872187722
10.083333333333332,80.66666666666667,41684.090578976,28.519973507857415
10.083333333333332,81.33333333333333,41670.51331737044,28.637582144991065
10.083333333333332,82.0,41658.92309172098,28.754709759156555
10.083333333333332,82.66666666666667,41649.25976803865,28.871362204709975
10.083333333333332,83.33333333333333,41641.434674457414,28.98754521821014
10.083333333333332,84.0,41635.26264827537,29.103264421710495
10.083333333333332,84.66666666666667,41630.89187495464,29.218525325933584
10.083333333333332,85.33333333333333,41628.15255145536,29.333333333333332
10.083333333333332,86.0,41626.979974538524,29.44769374104985
10.083333333333332,86.66666666666667,41627.314897507495,29.561611743761347
10.083333333333332,87.33333333333333,41629.1011262938,29.675092436437513
10.083333333333332,88.0,41632.285320973795,29.78814081699852
10.083333333333332,88.66666666666667,41636.816812859826,29.9007617888835
10.083333333333332,89.33333333333333,41642.64743573742,30.012960163532313
10.083333333333332,90.0,41649.731369970286,30.124740662784134
10.083333333333332,90.66666666666667,41658.024998326524,30.236107921196176
10.083333333333332,91.33333333333333,41667.48677249555,30.347066488285886
10.083333333333332,92.0,41678.05168081807,30.457620830699604
10.083333333333332,92.66666666666667,41689.732872588225,30.56777533431062
10.083333333333332,93.33333333333333,41702.468806329074,30.677534306249434
10.083333333333332,94.0,41745.33749741332,30.786901976868887
10.083333333333332,94.66666666666667,41794.15714111698,30.895882501646643
10.083333333333332,95.33333333333333,41843.200280071906,31.00447996302756
10.083333333333332,96.0,41893.49371259313,31.11269837220809
10.083333333333332,96.66666666666666,41945.259224921334,31.220541670865067
10.083333333333332,97.33333333333333,41997.00474096202,31.328013732830943
10.083333333333332,98.0,42049.4656056756,31.435118365717447
10.083333333333332,98.66666666666666,42102.04297834247,31.541859312489628
10.083333333333332,99.33333333333333,42154.94423625187,31.648240252992125
10.083333333333332,100.0,42208.161689516724,31.754264805429415
10.083333333333332,100.66666666666666,42261.68790572572,31.859936527801736
10.083333333333332,101.33333333333333,42315.51569923318,31.965258919298268
10.083333333333332,102.0,42369.687748543,32.07023542164915
10.083333333333332,102.66666666666666,42424.09683125641,32.17486942043778
10.083333333333332,103.33333333333333,42478.78731725791,32.27916424637485
10.083333333333332,104.0,42533.75291127779,32.383123176535435
10.083333333333332,104.66666666666666,42588.987518640555,32.48674943556047
10.083333333333332,105.33333333333333,42644.48523732909,32.59004619682382
10.083333333333332,106.0,42700.848667759456,32.69301658356618
10.083333333333332,106.66666666666666,42756.83736799216,32.79566366999691
10.083333333333332,107.33333333333333,42813.07261511279,32.897990482364996
10.083333333333332,108.0,42869.54920831285,33.0
10.083333333333332,108.66666666666666,42926.26210471178,33.101695156324276
10.083333333333332,109.33333333333333,42983.20641340871,33.20307883983719
10.083333333333332,110.0,43040.377389801666,33.30415389507241
10.083333333333332,110.66666666666666,43097.77043016036,33.404923123529095
10.083333333333332,111.33333333333333,43155.381066439346,33.50538928457795
10.083333333333332,112.0,43213.20496131914,33.605555096342826
10.083333333333332,112.66666666666666,43271.256865531665,33.705423236558765
10.083333333333332,113.33333333333333,43329.51994441426,33.804996343407254
10.083333333333332,114.0,43387.98401562221,33.90427701632937
10.083333333333332,114.66666666666666,43446.645213739735,34.003267816817576
10.083333333333332,115.33333333333333,43505.49978274052,34.10197126918683
10.083333333333332,116.0,43564.54407214676,34.200389861325654
10.083333333333332,116.66666666666666,43623.774533349395,34.29852604542779
10.083333333333332,117.33333333333333,43683.187716081615,34.396382238705144
10.083333333333332,118.0,43742.78026503803,34.49396082408243
10.083333333333332,118.66666666666666,43802.54891663289,34.59126415087421
10.083333333333332,119.33333333333333,43862.4904958903,34.68829453544492
10.083333333333332,120.0,43922.60191346042,34.78505426185217
10.166666666666666,80.0,41693.110860608176,28.51899951494325
10.166666666666666,80.66666666666667,41677.66686972948,28.637582144991065
10.166666666666666,81.33333333333333,41664.80601939373,28.75567576825293
10.166666666666666,82.0,41653.91513822971,28.873286384938357
10.166666666666666,82.66666666666667,41644.93239149786,28.9904198735452
10.166666666666666,83.33333333333333,41637.77096868632,29.1070819942883
10.166666666666666,84.0,41632.24749269696,29.223278392404914
10.166666666666666,84.66666666666667,41628.50919474961,29.33901460134232
10.166666666666666,85.33333333333333,41626.38783014233,29.45429604583269
10.166666666666666,86.0,41625.819437339036,29.56912804486012
10.166666666666666,86.66666666666667,41626.745432721815,29.68351581452425
10.166666666666666,87.33333333333333,41629.11024376274,29.797464470805043
10.166666666666666,88.0,41632.861113745144,29.91097903223274
10.166666666666666,88.66666666666667,41637.94792176732,30.024064422466928
10.166666666666666,89.33333333333333,41644.323016631446,30.136725472788548
10.166666666666666,90.0,41651.94106336554,30.24896692450835
10.166666666666666,90.66666666666667,41660.7589012561,30.3607934312952
10.166666666666666,91.33333333333333,41670.73541238199,30.47220956142753
10.166666666666666,92.0,41681.80626595173,30.58321979997092
10.166666666666666,92.66666666666667,41693.98444162979,30.693828550884803
10.166666666666666,93.33333333333333,41707.20903848304,30.804040139061122
10.166666666666666,94.0,41736.822048586415,30.913858812297544
10.166666666666666,94.66666666666667,41787.54195882461,31.023288743207807
10.166666666666666,95.33333333333333,41839.14600864773,31.13233403107165
10.166666666666666,96.0,41890.64942722824,31.240998703626616
10.166666666666666,96.66666666666666,41942.51078327509,31.34928671880395
10.166666666666666,97.33333333333333,41994.94752028685,31.457201966410736
10.166666666666666,98.0,42047.60605572757,31.56474826976026
10.166666666666666,98.66666666666666,42100.583318780904,31.671929387252536
10.166666666666666,99.33333333333333,42153.8806791518,31.7787490139069
10.166666666666666,100.0,42207.490556244076,31.88521078284832
10.166666666666666,100.66666666666666,42261.405622922306,31.99131826674925
10.166666666666666,101.33333333333333,42315.61879498567,32.09707497922859
10.166666666666666,102.0,42370.12322116466,32.202484376209235
10.166666666666666,102.66666666666666,42425.52359150566,32.30754985723581
10.166666666666666,103.33333333333333,42480.57289142789,32.41227476675396
10.166666666666666,104.0,42535.89423065318,32.516662395352526
10.166666666666666,104.66666666666666,42591.48160356302,32.62071598096999
10.166666666666666,105.33333333333333,42647.3291938914,32.724438710066345
10.166666666666666,106.0,42703.431367317826,32.82783371876168
10.166666666666666,106.66666666666666,42759.78266440659,32.93090409394258
10.166666666666666,107.33333333333333,42816.377793873166,33.03365287433744
10.166666666666666,108.0,42873.21231751539,33.13608305156178
10.166666666666666,108.66666666666666,42930.30382846141,33.23819757113459
10.166666666666666,109.33333333333333,42987.62431916286,33.33999933346663
10.166666666666666,110.0,43045.169099942155,33.441491194821644
10.166666666666666,110.66666666666666,43102.93362060811,33.542675968251416
10.166666666666666,111.33333333333333,43160.913465306294,33.64355642450555
10.166666666666666,112.0,43219.104347596505,33.7441352929167
10.166666666666666,112.66666666666666,43277.50210574587,33.84441526226217
10.166666666666666,113.33333333333333,43336.10269822661,33.94439898160258
10.166666666666666,114.0,43394.90219940781,34.044089061098404
10.166666666666666,114.66666666666666,43453.89679543179,34.143488072805006
10.166666666666666,115.33333333333333,43513.08278026597,34.24259855144693
10.166666666666666,116.0,43572.45655192087,34.341422995172074
10.166666666666666,116.66666666666666,43632.01460882709,34.43996386628638
10.166666666666666,117.33333333333333,43691.753546362575,34.53822359196965
10.166666666666666,118.0,43751.67005352359,34.63620456497314
10.166666666666666,118.66666666666666,43811.760909732,34.73390914429938
10.166666666666666,119.33333333333333,43872.02298177279,34.83133965586483
10.166666666666666,120.0,43932.453220855234,34.92849839314596
10.25,80.0,41686.57493696546,28.635642126552707
10.25,80.66666666666667,41671.85502648328,28.754709759156558
10.25,81.33333333333333,41659.69795377169,28.873286384938357
10.25,82.0,41649.49265877826,28.991378028648448
10.25,82.66666666666667,41641.17805324032,29.10899059282773
10.25,83.33333333333333,41634.66833277937,29.226129861250303
10.25,84.0,41629.78185646539,29.34280150224242
10.25,84.66666666666667,41626.66491958606,29.45901107188314
10.25,85.33333333333333,41625.150794744106,29.574764017091777
10.25,86.0,41625.176239834145,29.690065678607045
10.25,86.66666666666667,41626.68331463788,29.804921293862417
10.25,87.33333333333333,41629.61704984082,29.919335999762204
10.25,88.0,41633.925254845,30.033314835362415
10.25,88.66666666666667,41639.5583405834,30.146862744460382
10.25,89.33333333333333,41646.46915596782,30.259984578096972
10.25,90.0,41654.61283674478,30.37268509697488
10.25,90.66666666666667,41663.946665658645,30.48496897379647
10.25,91.33333333333333,41674.42994293389,30.596840795524407
10.25,92.0,41686.0238661858,30.708305065568176
10.25,92.66666666666667,41698.66664859548,30.81936620589939
10.25,93.33333333333333,41712.37261475773,30.930028559098787
10.25,94.0,41732.99694404179,31.040296390337513
10.25,94.66666666666667,41784.20164889804,31.150173889295278
10.25,95.33333333333333,41836.23422411724,31.25966517201786
10.25,96.0,41888.15020351739,31.368774282716245
10.25,96.66666666666666,41940.41989447168,31.47750519550959
10.25,97.33333333333333,41993.03447555557,31.58586181611429
10.25,98.0,42046.22126447339,31.693847983480957
10.25,98.66666666666666,42099.57081123438,31.80146747138146
10.25,99.33333333333333,42153.87332841027,31.90872398994774
10.25,100.0,42207.854222677124,32.01562118716424
10.25,100.66666666666666,42262.136826916765,32.122162650315644
10.25,101.33333333333333,42316.71416225234,32.22835190739152
10.25,102.0,42371.57947863817,32.334192428449484
10.25,102.66666666666666,42426.72624554834,32.439687626938294
10.25,103.33333333333333,42482.14814311784,32.544840860982355
10.25,104.0,42537.85468363827,32.64965543462901
10.25,104.66666666666666,42593.830933561585,32.7541345990599
10.25,105.33333333333333,42650.06469936384,32.85828155376764
10.25,106.0,42706.55040858658,32.96209944769902
10.25,106.66666666666666,42763.28266209752,33.06559138036599
10.25,107.33333333333333,42820.256227396014,33.16876040292532
10.25,108.0,42877.46603222761,33.27160951922825
10.25,108.66666666666666,42934.90715849135,33.37414168684093
10.25,109.33333333333333,42992.57483642353,33.47635981803676
10.25,110.0,43050.46443904444,33.57826678076163
10.25,110.66666666666666,43108.57147685295,33.679865399572684
10.25,111.33333333333333,43166.89159275714,33.78115845655188
10.25,112.0,43225.42055722811,33.88214869219483
10.25,112.66666666666666,43284.1542636658,33.98283880627593
10.25,113.33333333333333,43343.08872396596,34.083231458690456
10.25,114.0,43402.22006427812,34.18332927027442
10.25,114.66666666666666,43461.544520945,34.28313482360289
10.25,115.33333333333333,43521.05843661435,34.38265066376742
10.25,116.0,43580.758256514535,34.48187929913334
10.25,116.66666666666666,43640.6405248861,34.58082320207738
10.25,117.33333333333333,43700.70188156156,34.67948480970654
10.25,118.0,43760.939058686294,34.777866524558405
10.25,118.66666666666666,43821.34887757368,34.8759707152838
10.25,119.33333333333333,43881.92824568822,34.9737997173122
10.25,120.0,43942.67415375057,35.07135583350036
10.333333333333332,80.0,41680.64493914158,28.75181153713043
10.333333333333332,80.66666666666667,41666.63561580576,28.871362204709975
10.333333333333332,81.33333333333333,41655.16932577862,28.990419873545196
10.333333333333332,82.0,41645.63712506964,29.10899059282773
10.333333333333332,82.66666666666667,41637.97864774448,29.227080289043965
10.333333333333332,83.33333333333333,41632.109065812496,29.34469476943168
10.333333333333332,84.0,41627.84842689231,29.46183972531247
10.333333333333332,84.66666666666667,41625.34210848704,29.578520735305354
10.333333333333332,85.33333333333333,41624.42486088354,29.69474326842678
10.333333333333332,86.0,41625.034140070806,29.810512687081825
10.333333333333332,86.66666666666667,41627.11263037258,29.925834249951254
10.333333333333332,87.33333333333333,41630.60594812138,30.04071311477882
10.333333333333332,88.0,41635.462452454754,30.155154341063042
10.333333333333332,88.66666666666667,41641.63307084304,30.26916289265731
10.333333333333332,89.33333333333333,41649.07113800888,30.382743640282243
10.333333333333332,90.0,41657.73224703689,30.49590136395381
10.333333333333332,90.66666666666667,41667.57411159567,30.608640755330654
10.333333333333332,91.33333333333333,41678.556438302694,30.72096641998389
10.333333333333332,92.0,41690.64080835908,30.83288287959247
10.333333333333332,92.66666666666667,41703.76605086516,30.944394574067136
10.333333333333332,93.33333333333333,41717.94632212524,31.05550586360564
10.333333333333332,94.0,41733.12358467669,31.166221030682134
10.333333333333332,94.66666666666667,41781.57317297317,31.276544281973067
10.333333333333332,95.33333333333333,41833.83091035857,31.386479750222243
10.333333333333332,96.0,41886.153843103464,31.49603149604724
10.333333333333332,96.66666666666666,41938.82637464408,31.60520350968949
10.333333333333332,97.33333333333333,41991.83980790995,31.71399971271012
10.333333333333332,98.0,42045.4374711857,31.82242395963366
10.333333333333332,98.66666666666666,42099.59728125511,31.930480039541454
10.333333333333332,99.33333333333333,42153.6725233037,32.03817167761675
10.333333333333332,100.0,42208.057025336464,32.145502536643185
10.333333333333332,100.66666666666666,42262.74016044352,32.252476218458355
10.333333333333332,101.33333333333333,42317.71502104882,32.35909626536426
10.333333333333332,102.0,42372.97492664753,32.46536616149585
10.333333333333332,102.66666666666666,42428.51341453146,32.57128933414962
10.333333333333332,103.33333333333333,42484.32423096749,32.67686915507325
10.333333333333332,104.0,42540.40132280345,32.782108941717986
10.333333333333332,104.66666666666666,42596.73882947744,32.88701195845489
10.333333333333332,105.33333333333333,42653.33107540739,32.99158141775632
10.333333333333332,106.0,42710.17256274074,33.095820481343765
10.333333333333332,106.66666666666666,42767.25796444357,33.19973226130328
10.333333333333332,107.33333333333333,42824.58211771114,33.303319821169644
10.333333333333332,108.0,42882.140017682395,33.40658617698013
10.333333333333332,108.66666666666666,42939.926811441874,33.50953429829917
10.333333333333332,109.33333333333333,42997.93779229395,33.612167109214745
10.333333333333332,110.0,43056.16839429508,33.71448748930742
10.333333333333332,110.66666666666666,43114.614187030216,33.81649827459306
10.333333333333332,111.33333333333333,43173.27087062105,33.91820225844
10.333333333333332,112.0,43232.13427095379,34.01960219246153
10.333333333333332,112.66666666666666,43291.20033511556,34.12070078738451
10.333333333333332,113.33333333333333,43350.46512702854,34.221500713894926
10.333333333333332,114.0,43409.924823271955,34.322004603461025
10.333333333333332,114.66666666666666,43469.57570908266,34.42221504913489
10.333333333333332,115.33333333333333,43529.41417452523,34.52213460633305
10.333333333333332,116.0,43589.43671082325,34.62176579359676
10.333333333333332,116.66666666666666,43649.63990684406,34.721111093332766
10.333333333333332,117.33333333333333,43710.02044572928,34.82017295253492
10.333333333333332,118.0,43770.57510166414,34.91895378348746
10.333333333333332,118.66666666666666,43831.30073677922,35.017455964450384
10.333333333333332,119.33333333333333,43892.19429817773,35.11568184032757
10.333333333333332,120.0,43953.25281508304,35.21363372331802
10.416666666666666,80.0,41675.30176622375,28.867513459481287
10.416666666666666,80.66666666666667,41661.98999530337,28.987545218210144
10.416666666666666,81.33333333333333,41651.20193467656,29.1070819942883
10.416666666666666,82.0,41642.33075842021,29.226129861250303
10.416666666666666,82.66666666666667,41635.31679990659,29.34469476943168
10.416666666666666,83.33333333333333,41630.07617900356,29.462782549439478
10.416666666666666,84.0,41626.43058599316,29.58039891549808
10.416666666666666,84.66666666666667,41624.52449855119,29.69754946867577
10.416666666666666,85.33333333333333,41624.194106382995,29.814239699997195
10.416666666666666,86.0,41625.37754312127,29.930474993446616
10.416666666666666,86.66666666666667,41628.01809955191,30.046260628866577
10.416666666666666,87.33333333333333,41632.06196080797,30.161601784756428
10.416666666666666,88.0,41637.45802004673,30.276503540974915
10.416666666666666,88.66666666666667,41644.15770659859,30.390970881350782
10.416666666666666,89.33333333333333,41652.114827273974,30.50500869620521
10.416666666666666,90.0,41661.28541965143,30.618621784789728
10.416666666666666,90.66666666666667,41671.62761628956,30.73181485764296
10.416666666666666,91.33333333333333,41683.10151891205,30.844592538869577
10.416666666666666,92.0,41695.66908170984,30.956959368344517
10.416666666666666,92.66666666666667,41709.2940029877,31.068919803845414
10.416666666666666,93.33333333333333,41723.917463503574,31.18047822311618
10.416666666666666,94.0,41739.55480434935,31.291638925864312
10.416666666666666,94.66666666666667,41779.43696275718,31.40240613569462
10.416666666666666,95.33333333333333,41831.92006274617,31.512784001981725
10.416666666666666,96.0,41884.64452071577,31.622776601683793
10.416666666666666,96.66666666666666,41937.71457367838,31.732387941099617
10.416666666666666,97.33333333333333,41991.1216454301,31.84162195757133
10.416666666666666,98.0,42045.07236057359,31.95048252113469
10.416666666666666,98.66666666666666,42099.716549481076,32.058973436118904
10.416666666666666,99.33333333333333,42154.06894618851,32.16709844269797
10.416666666666666,100.0,42208.83166506716,32.27486121839514
10.416666666666666,100.66666666666666,42263.889726270376,32.38226537954241
10.416666666666666,101.33333333333333,42319.23631523863,32.48931448269654
10.416666666666666,102.0,42374.86484116346,32.59601202601324
10.416666666666666,102.66666666666666,42430.768927860445,32.70236145058097
10.416666666666666,103.33333333333333,42486.94240508773,32.80836614171588
10.416666666666666,104.0,42543.3793002844,32.91402943021916
10.416666666666666,104.66666666666666,42600.07383070522,33.019354593598244
10.416666666666666,105.33333333333333,42657.02039592956,33.124344857252986
10.416666666666666,106.0,42714.21357072381,33.22900339562814
10.416666666666666,106.66666666666666,42771.64809823792,33.33333333333333
10.416666666666666,107.33333333333333,42829.31888351769,33.43733774623147
10.416666666666666,108.0,42887.22098731602,33.54101966249684
10.416666666666666,108.66666666666666,42945.349620186724,33.64438206364392
10.416666666666666,109.33333333333333,43003.70013684629,33.74742788552764
10.416666666666666,110.0,43062.26803078919,33.850160019316505
10.416666666666666,110.66666666666666,43121.04892914349,33.95258131243894
10.416666666666666,111.33333333333333,43180.03858775434,34.05469456950425
10.416666666666666,112.0,43239.23288648362,34.156502553198656
10.416666666666666,112.66666666666666,43298.627824714684,34.25800798515744
10.416666666666666,113.33333333333333,43358.219517051606,34.35921354681384
10.416666666666666,114.0,43418.004189203384,34.46012188022556
10.416666666666666,114.66666666666666,43477.978174043805,34.56073558887953
10.416666666666666,115.33333333333333,43538.13790783808,34.6610572384757
10.416666666666666,116.0,43598.47992662814,34.76108935769035
10.416666666666666,116.66666666666666,43659.00086276902,34.86083443891982
10.416666666666666,117.33333333333333,43719.69744160856,34.96029493900505
10.416666666666666,118.0,43780.56647830395,35.05947327993771
10.416666666666666,118.66666666666666,43841.604874768294,35.15837184954831
10.416666666666666,119.33333333333333,43902.80961674125,35.25699300217697
10.416666666666666,120.0,43964.177770977396,35.35533905932738
10.5,80.0,41670.52708932579,28.982753492378876
10.5,80.66666666666667,41657.900273867446,29.103264421710495
10.5,81.33333333333333,41647.77831097796,29.223278392404914
10.5,82.0,41639.556492356256,29.34280150224242
10.5,82.66666666666667,41633.175828717984,29.46183972531247
10.5,83.33333333333333,41628.55336041344,29.58039891549808
10.5,84.0,41625.51237615977,29.698484809834994
10.5,84.66666666666667,41624.19647154819,29.816103031751148
10.5,85.33333333333333,41624.44323873706,29.93325909419153
10.5,86.0,41626.191469390644,30.04995840263344
10.5,86.66666666666667,41629.38504341353,30.166206257996713
10.5,87.33333333333333,41633.9706985748,30.28200785945344
10.5,88.0,41639.89784696847,30.397368307141328
10.5,88.66666666666667,41647.11840569484,30.512292604784715
10.5,89.33333333333333,41655.58664047541,30.62678566222711
10.5,90.0,41665.25902104682,30.740852297878796
10.5,90.66666666666667,41676.09408729712,30.854497241083024
10.5,91.33333333333333,41688.05232521163,30.967725134404045
10.5,92.0,41701.09605178797,31.080540535840107
10.5,92.66666666666667,41715.18930816238,31.192947920964443
10.5,93.33333333333333,41730.27383311591,31.304951684997057
10.5,94.0,41746.36480316993,31.416556144810016
10.5,94.66666666666667,41777.33206440051,31.52776554086889
10.5,95.33333333333333,41830.03839907547,31.638584039112747
10.5,96.0,41883.607035149726,31.74901573277509
10.5,96.66666666666666,41937.06945793574,31.85906464414798
10.5,97.33333333333333,41990.86511818701,31.96873472629156
10.5,98.0,42045.212655890784,32.078029864690876
10.5,98.66666666666666,42099.647654213026,32.186953878862155
10.5,99.33333333333333,42154.91405923154,32.29551052391029
10.5,100.0,42210.0503432147,32.4037034920393
10.5,100.66666666666666,42265.47876401405,32.51153641401772
10.5,101.33333333333333,42321.192597586225,32.61901286060018
10.5,102.0,42377.185340415504,32.72613634390714
10.5,102.66666666666666,42433.45070053011,32.83291031876401
10.5,103.33333333333333,42489.982588956074,32.93933818400121
10.5,104.0,42546.77511158413,33.04542328371661
10.5,104.66666666666666,42603.822561426015,33.151168908501546
10.5,105.33333333333333,42661.119411238964,33.25657829663178
10.5,106.0,42718.66030649758,33.36165463522455
10.5,106.66666666666666,42776.44005869424,33.46640106136302
10.5,107.33333333333333,42834.453638950195,33.57082066318904
10.5,108.0,42892.69617192051,33.67491648096547
10.5,108.66666666666666,42951.16292997708,33.77869150810907
10.5,109.33333333333333,43009.84932765519,33.88214869219483
10.5,110.0,43068.750916349374,33.98529093593286
10.5,110.66666666666666,43127.86337924588,34.08812109811862
10.5,111.33333333333333,43187.18252647916,34.19064199455752
10.5,112.0,43246.70429050125,34.292856398964496
10.5,112.66666666666666,43306.42472165264,34.39476704383968
10.5,113.33333333333333,43366.339983924976,34.49637662132068
10.5,114.0,43426.446350905455,34.597687784012386
10.5,114.66666666666666,43486.74020189422,34.698703145794944
10.5,115.33333333333333,43547.21801818595,34.79942528261063
10.5,116.0,43607.87637950756,34.8998567332303
10.5,116.66666666666666,43668.71196060461,35.0
10.5,117.33333333333333,43729.72152796896,35.09985754956849
10.5,118.0,43790.90193670086,35.199431813596085
10.5,118.66666666666666,43852.25012749948,35.298725189445584
10.5,119.33333333333333,43913.76312377502,35.397740040855716
10.5,120.0,43975.43802887742,35.4964786985977
10.583333333333332,80.0,41666.30331305788,29.097537123726923
10.583333333333332,80.66666666666667,41654.34927430525,29.218525325933584
10.583333333333332,81.33333333333333,41644.881680203216,29.339014601342317
10.583333333333332,82.0,41637.29793743661,29.459011071883136
10.583333333333332,82.66666666666667,41631.53971309616,29.578520735305354
10.583333333333332,83.33333333333333,41627.52494173274,29.697549468675767
10.583333333333332,84.0,41625.18470568716,29.816103031751148
10.583333333333332,84.66666666666667,41624.34302247449,29.93418707023051
10.583333333333332,85.33333333333333,41625.1575644879,30.051807118892384
10.583333333333332,86.0,41627.46152477241,30.168968604621977
10.583333333333332,86.66666666666667,41631.19935570563,30.285676849332955
10.583333333333332,87.33333333333333,41636.31833217479,30.401937072788268
10.583333333333332,88.0,41642.7683707273,30.51775439532426
10.583333333333332,88.66666666666667,41650.50186270048,30.63313384048209
10.583333333333332,89.33333333333333,41659.47352006823,30.748080337550252
10.583333333333332,90.0,41669.640232871905,30.86259872402193
10.583333333333332,90.66666666666667,41680.96093721833,30.976693747970515
10.583333333333332,91.33333333333333,41693.39649292945,31.09037007034672
10.583333333333332,92.0,41706.909570018644,31.203632267200344
10.583333333333332,92.66666666666667,41721.464543249334,31.31648483182974
10.583333333333332,93.33333333333333,41737.00369324706,31.428932176861778
10.583333333333332,94.0,41753.54203893248,31.54097863626513
10.583333333333332,94.66666666666667,41775.95881408867,31.65262846729934
10.583333333333332,95.33333333333333,41829.10303389741,31.763885852402318
10.583333333333332,96.0,41883.02677911709,31.874754901018452
10.583333333333332,96.66666666666666,41936.8765805114,31.985239651369746
10.583333333333332,97.33333333333333,41991.05593598685,32.09534407217207
10.583333333333332,98.0,42045.55679303225,32.205072064298605
10.583333333333332,98.66666666666666,42100.61008470448,32.31442746239243
10.583333333333332,99.33333333333333,42156.19599417411,32.42341403643018
10.583333333333332,100.0,42211.69928324964,32.53203549323856
10.583333333333332,100.66666666666666,42267.493636742496,32.6402954779654
10.583333333333332,101.33333333333333,42323.570367822795,32.74819757550702
10.583333333333332,102.0,42379.92305795653,32.855745311893315
10.583333333333332,102.66666666666666,42436.54549716189,32.96294215563221
10.583333333333332,103.33333333333333,42493.431675594526,33.06979151901491
10.583333333333332,104.0,42550.575775538804,33.17629675938329
10.583333333333332,104.66666666666666,42607.97216378221,33.28246118036078
10.583333333333332,105.33333333333333,42665.61538435152,33.38828803304802
10.583333333333332,106.0,42723.500151591055,33.493780517184575
10.583333333333332,106.66666666666666,42781.62134356372,33.598941782277734
10.583333333333332,107.33333333333333,42839.97399575793,33.703774928699666
10.583333333333332,108.0,42898.55329508341,33.80828300875393
10.583333333333332,108.66666666666666,42957.35457414089,33.91246902771244
10.583333333333332,109.33333333333333,43016.37330575058,34.01633594482379
10.583333333333332,110.0,43075.60509772655,34.11988667429402
10.583333333333332,110.66666666666666,43135.045687883474,34.22312408624061
10.583333333333332,111.33333333333333,43194.69093926427,34.32605100762069
10.583333333333332,112.0,43254.53683557674,34.42867022313428
10.583333333333332,112.66666666666666,43314.579476829065,34.53098447610332
10.583333333333332,113.33333333333333,43374.8150751537,34.6329964693274
10.583333333333332,114.0,43435.239950810545,34.73470886591681
10.583333333333332,114.66666666666666,43495.85052835997,34.83612429010373
10.583333333333332,115.33333333333333,43556.643332997766,34.93724532803225
10.583333333333332,116.0,43617.61498704391,35.03807452852777
10.583333333333332,116.66666666666666,43678.762206577376,35.13861440384669
10.583333333333332,117.33333333333333,43740.08179821035,35.23886743040669
10.583333333333332,118.0,43801.570655994794,35.33883604949848
10.583333333333332,118.66666666666666,43863.22575845531,35.438522667979385
10.583333333333332,119.33333333333333,43925.04416574192,35.53792965894952
10.583333333333332,120.0,43987.02301689768,35.637059362410916
10.666666666666666,80.0,41662.613539291284,29.211869733608857
10.666666666666666,80.66666666666667,41651.3204981886,29.333333333333332
10.666666666666666,81.33333333333333,41642.49592878103,29.45429604583269
10.666666666666666,82.0,41635.539348146995,29.574764017091777
10.666666666666666,82.66666666666667,41630.3930597208,29.694743268426784
10.666666666666666,83.33333333333333,41626.97586701082,29.814239699997195
10.666666666666666,84.0,41625.21957642528,29.93325909419153
10.666666666666666,84.66666666666667,41624.951740666,30.051807118892388
10.666666666666666,85.33333333333333,41626.322960374404,30.169889330626027
10.666666666666666,86.0,41629.17387252726,30.28751117760146
10.666666666666666,86.66666666666667,41633.447475261324,30.40467800264368
10.666666666666666,87.33333333333333,41639.0915656773,30.52139504602559
10.666666666666666,88.0,41646.05655086173,30.63766744820282
10.666666666666666,88.66666666666667,41654.295283384876,30.753500252455456
10.666666666666666,89.33333333333333,41663.76290930621,30.8688984074406
10.666666666666666,90.0,41674.41672757662,30.983866769659336
10.666666666666666,90.66666666666667,41686.21605983817,31.0984101058416
10.666666666666666,91.33333333333333,41699.12212972319,31.212533095252333
10.666666666666666,92.0,41713.097950842435,31.326240331921948
10.666666666666666,92.66666666666667,41728.108222730945,31.439536326804255
10.666666666666666,93.33333333333333,41744.11923409092,31.552425509864616
10.666666666666666,94.0,41761.075407560114,31.664912232101113
10.666666666666666,94.66666666666667,41778.99280761923,31.777000767501292
10.666666666666666,95.33333333333333,41828.74955968347,31.88869531493706
10.666666666666666,96.0,41882.889710825104,32.0
10.666666666666666,96.66666666666666,41937.1220531968,32.11091887677945
10.666666666666666,97.33333333333333,41991.68036070551,32.221455929585524
10.666666666666666,98.0,42046.556687782366,32.33161507461904
10.666666666666666,98.66666666666666,42101.94699634763,32.4414001615905
10.666666666666666,99.33333333333333,42157.99408840358,32.550814975289875
10.666666666666666,100.0,42213.76524031284,32.659863237109036
10.666666666666666,100.66666666666666,42269.92123335255,32.768548606518685
10.666666666666666,101.33333333333333,42326.356645802785,32.8768746825012
10.666666666666666,102.0,42383.06514188804,32.984845004941285
10.666666666666666,102.66666666666666,42440.040591478166,33.092463055975614
10.666666666666666,103.33333333333333,42497.27706180099,33.19973226130328
10.666666666666666,104.0,42554.768809554145,33.30665599145812
10.666666666666666,104.66666666666666,42612.510273394,33.41323756304444
10.666666666666666,105.33333333333333,42670.49606678029,33.51948023993742
10.666666666666666,106.0,42728.72097115722,33.625387234449306
10.666666666666666,106.66666666666666,42787.17992945253,33.73096170846271
10.666666666666666,107.33333333333333,42845.86803987712,33.83620677453205
10.666666666666666,108.0,42904.78055000913,33.94112549695428
10.666666666666666,108.66666666666666,42963.91285114747,34.045720892809875
10.666666666666666,109.33333333333333,43023.260472920345,34.149995932975195
10.666666666666666,110.0,43082.81907813528,34.253953543107016
10.666666666666666,110.66666666666666,43142.58445785837,34.35759660460033
10.666666666666666,111.33333333333333,43202.55252671058,34.460927955520226
10.666666666666666,112.0,43262.71931837011,34.563950391508584
10.666666666666666,112.66666666666666,43323.08098127038,34.666666666666664
10.666666666666666,113.33333333333333,43383.6337744835,34.76907949441413
10.666666666666666,114.0,43444.374063780226,34.87119154832539
10.666666666666666,114.66666666666666,43505.298317857385,34.973005462944
10.666666666666666,115.33333333333333,43566.40310472448,35.07452383457575
10.666666666666666,116.0,43627.68508824195,35.17574922206112
10.666666666666666,116.66666666666666,43689.14102480318,35.276684147527874
10.666666666666666,117.33333333333333,43750.767760153954,35.37733109712426
10.666666666666666,118.0,43812.56222634204,35.47769252173352
10.666666666666666,118.66666666666666,43874.52143879134,35.57777083767022
10.666666666666666,119.33333333333333,43936.642493494226,35.67756842735907
10.666666666666666,120.0,43998.922564316854,35.77708763999664
10.75,80.0,41659.44153305921,29.32575659723036
10.75,80.66666666666667,41648.79809276782,29.447693741049854
10.75,81.33333333333333,41640.605571943815,29.56912804486012
10.75,82.0,41634.26559172479,29.690065678607045
10.75,82.66666666666667,41629.7210727387,29.81051268708183
10.75,83.33333333333333,41626.891663195376,29.930474993446616
10.75,84.0,41625.70987307893,30.04995840263344
10.75,84.66666666666667,41626.00471179462,30.16896860462198
10.75,85.33333333333333,41627.925846135644,30.28751117760146
10.75,86.0,41631.31520676965,30.405591591021544
10.75,86.66666666666667,41636.11636013631,30.52321520853704
10.75,87.33333333333333,41642.27761122725,30.640387290850832
10.75,88.0,41649.74984429415,30.757112998459398
10.75,88.66666666666667,41658.48636063814,30.873397394304806
10.75,89.33333333333333,41668.44272870489,30.98924544633724
10.75,90.0,41679.57664539476,31.10466202999158
10.75,90.66666666666667,41691.84780760753,31.219651930581588
10.75,91.33333333333333,41705.21779313883,31.334219845615007
10.75,92.0,41719.64995013275,31.448370387032774
10.75,92.66666666666667,41735.10929437189,31.562108083375335
10.75,93.33333333333333,41751.56241375533,31.675437381878933
10.75,94.0,41768.95422279456,31.788362650504666
10.75,94.66666666666667,41787.30063350515,31.900888179902868
10.75,95.33333333333333,41828.82566336824,32.013018185315374
10.75,96.0,41883.18232717041,32.12475680841802
10.75,96.66666666666666,41937.79252003219,32.23610811910561
10.75,97.33333333333333,41992.725180189766,32.34707611722168
10.75,98.0,42047.97246617081,32.45766473423496
10.75,98.66666666666666,42103.741594854444,32.567877834864625
10.75,99.33333333333333,42160.19746528511,32.67771921865621
10.75,100.0,42216.235476121605,32.78719262151
10.75,100.66666666666666,42272.74894378093,32.89630171716369
10.75,101.33333333333333,42329.53894701205,33.005050118630834
10.75,102.0,42386.59923065834,33.1134413795969
10.75,102.66666666666666,42443.923742383144,33.221478995774206
10.75,103.33333333333333,42501.50662450586,33.32916640621744
10.75,104.0,42559.34220623098,33.436506994600975
10.75,104.66666666666666,42617.42499624772,33.5435040904594
10.75,105.33333333333333,42675.749675680236,33.6501609703926
10.75,106.0,42734.31109136848,33.7564808592365
10.75,106.66666666666666,42793.10424946211,33.862466931200785
10.75,107.33333333333333,42852.12430931036,33.96812231097464
10.75,108.0,42911.366577631736,34.07345007480164
10.75,108.66666666666666,42970.82650294899,34.17845325152481
10.75,109.33333333333333,43030.499670275116,34.28313482360289
10.75,110.0,43090.381796037116,34.3874977280988
10.75,110.66666666666666,43150.46872322545,34.49154485764108
10.75,111.33333333333333,43210.75641675711,34.59527906135941
10.75,112.0,43271.24095904188,34.698703145794944
10.75,112.66666666666666,43331.9185457408,34.80181987578619
10.75,113.33333333333333,43392.78548170768,34.90463197533149
10.75,114.0,43453.83817710424,35.00714212842859
10.75,114.66666666666666,43515.07314368021,35.109352979892215
10.75,115.33333333333333,43576.48699121032,35.211267136150234
10.75,116.0,43638.076424080515,35.31288716601915
10.75,116.66666666666666,43699.83823801599,35.41421560145963
10.75,117.33333333333333,43761.76931694436,35.51525493831254
10.75,118.0,43823.8666299873,35.61600763701625
10.75,118.66666666666666,43886.12722857478,35.7164761233057
10.75,119.33333333333333,43948.54824367567,35.81666278889385
10.75,120.0,44011.12688313993,35.91656999213594
10.833333333333332,80.0,41656.77169044734,29.439202887759485
10.833333333333332,80.66666666666667,41646.76681980923,29.561611743761347
10.833333333333332,81.33333333333333,41639.19572348344,29.683515814524245
10.833333333333332,82.0,41633.46211878298,29.804921293862417
10.833333333333332,82.66666666666667,41629.50952521104,29.925834249951254
10.833333333333332,83.33333333333333,41627.25841236059,30.046260628866573
10.833333333333332,84.0,41626.64197411492,30.16620625799671
10.833333333333332,84.66666666666667,41627.49063829407,30.285676849332955
10.833333333333332,85.33333333333333,41629.953158858596,30.404678002643678
10.833333333333332,86.0,41633.87272745535,30.523215208537035
10.833333333333332,86.66666666666667,41639.19346320668,30.641293851417057
10.833333333333332,87.33333333333333,41645.86416522523,30.7589192123376
10.833333333333332,88.0,41653.83618206723,30.876096471758427
10.833333333333332,88.66666666666667,41663.063251739724,30.99283071220755
10.833333333333332,89.33333333333333,41673.50135381918,31.10912692085359
10.833333333333332,90.0,41685.10857260936,31.22498999199199
10.833333333333332,90.66666666666667,41697.84497037625,31.340424729448422
10.833333333333332,91.33333333333333,41711.67246979229,31.455435848902876
10.833333333333332,92.0,41726.55474480795,31.570027980137528
10.833333333333332,92.66666666666667,41742.457119244755,31.684205669211416
10.833333333333332,93.33333333333333,41759.34647247071,31.79797338056485
10.833333333333332,94.0,41777.19115158006,31.91133549905634
10.833333333333332,94.66666666666667,41795.93805878341,32.02429633193453
10.833333333333332,95.33333333333333,41829.318422851014,32.13686011074787
10.833333333333332,96.0,41883.91862645266,32.2490309931942
10.833333333333332,96.66666666666666,41938.87513234481,32.36081306491266
10.833333333333332,97.33333333333333,41994.17768362245,32.47221034122014
10.833333333333332,98.0,42049.79155216101,32.58322676879419
10.833333333333332,98.66666666666666,42105.934848336445,32.6938662273046
10.833333333333332,99.33333333333333,42162.14956980876,32.8041325309954
10.833333333333332,100.0,42219.09773528142,32.914029430219166
10.833333333333332,100.66666666666666,42275.96463560203,33.023560612925365
10.833333333333332,101.33333333333333,42333.10525944452,33.13272970610446
10.833333333333332,102.0,42390.513430211024,33.24154027718932
10.833333333333332,102.66666666666666,42448.18317137646,33.34999583541536
10.833333333333332,103.33333333333333,42506.10869844456,33.45809983314122
10.833333333333332,104.0,42564.28441129028,33.56585566713094
10.833333333333332,104.66666666666666,42622.70488686743,33.6732666797994
10.833333333333332,105.33333333333333,42681.36487226083,33.78033616042195
10.833333333333332,106.0,42740.25927806423,33.88706734630976
10.833333333333332,106.66666666666666,42799.3831720664,33.993463423951894
10.833333333333332,107.33333333333333,42858.7317732284,34.099527530125364
10.833333333333332,108.0,42918.30044593652,34.205262752974136
10.833333333333332,108.66666666666666,42978.08469451636,34.310672133058276
10.833333333333332,109.33333333333333,43038.08015799398,34.41575866437415
10.833333333333332,110.0,43098.28260509142,34.52052529534663
10.833333333333332,110.66666666666666,43158.68792944416,34.62497492979438
10.833333333333332,111.33333333333333,43219.29214502929,34.729110427868875
10.833333333333332,112.0,43280.091381793616,34.83293460696835
10.833333333333332,112.66666666666666,43341.08188147096,34.936450242627046
10.833333333333332,113.33333333333333,43402.2599935802,35.039660069381064
10.833333333333332,114.0,43463.622171593895,35.14256678161115
10.833333333333332,114.66666666666666,43525.16496926968,35.24517303436347
10.833333333333332,115.33333333333333,43586.8850371361,35.34748144414881
10.833333333333332,116.0,43648.779119125575,35.44949458972112
10.833333333333332,116.66666666666666,43710.84404934708,35.551215012835904
10.833333333333332,117.33333333333333,43773.07674899184,35.652645218989164
10.833333333333332,118.0,43835.47422336595,35.75378767813745
10.833333333333332,118.66666666666666,43898.03355904339,35.85464482539961
10.833333333333332,119.33333333333333,43960.75192113416,35.95521906174093
10.833333333333332,120.0,44023.62655066192,36.05551275463989
10.916666666666666,80.0,41654.58900833905,29.552213679068668
10.916666666666666,80.66666666666667,41645.21202622683,29.675092436437517
10.916666666666666,81.33333333333333,41638.25206724119,29.797464470805043
10.916666666666666,82.0,41633.114935613194,29.919335999762204
10.916666666666666,82.66666666666667,41629.744732186795,30.040713114778825
10.916666666666666,83.33333333333333,41628.062725511954,30.161601784756428
10.916666666666666,84.0,41628.002774467204,30.28200785945344
10.916666666666666,84.66666666666667,41629.39668833599,30.40193707278827
10.916666666666666,85.33333333333333,41632.39232876856,30.52139504602559
10.916666666666666,86.0,41636.83411677157,30.640387290850832
10.916666666666666,86.66666666666667,41642.66670913099,30.7589192123376
10.916666666666666,87.33333333333333,41649.83938583599,30.876996111812574
10.916666666666666,88.0,41658.303947374356,30.994623189622207
10.916666666666666,88.66666666666667,41668.01455688795,31.111805547805233
10.916666666666666,89.33333333333333,41678.927594250905,31.228548192674953
10.916666666666666,90.0,41691.00152101805,31.34485603731496
10.916666666666666,90.66666666666667,41704.196755297446,31.46073390399178
10.916666666666666,91.33333333333333,41718.47555569483,31.57618652648789
10.916666666666666,92.0,41733.80191356112,31.69121855235821
10.916666666666666,92.66666666666667,41750.14145284861,31.805834545113118
10.916666666666666,93.33333333333333,41767.46133694774,31.920038986330965
10.916666666666666,94.0,41785.73018193569,32.033836277702775
10.916666666666666,94.66666666666667,41804.895337094466,32.14723074301182
10.916666666666666,95.33333333333333,41829.63720444839,32.26022663005054
10.916666666666666,96.0,41884.63999338029,32.37282811247729
10.916666666666666,96.66666666666666,41940.35752517662,32.48503929161511
10.916666666666666,97.33333333333333,41996.025638257,32.59686419819482
10.916666666666666,98.0,42052.00184228232,32.70830679404443
10.916666666666666,98.66666666666666,42108.27875942074,32.81937097372695
10.916666666666666,99.33333333333333,42165.08871305591,32.93006056612846
10.916666666666666,100.0,42222.42639649516,33.040379335998345
10.916666666666666,100.66666666666666,42279.55663192241,33.15033098544333
10.916666666666666,101.33333333333333,42337.04402175837,33.25991915537712
10.916666666666666,102.0,42394.79629239641,33.36914742692717
10.916666666666666,102.66666666666666,42452.807541213835,33.47801932280011
10.916666666666666,103.33333333333333,42511.07205506096,33.586538308607444
10.916666666666666,104.0,42569.5843027141,33.69470779415268
10.916666666666666,104.66666666666666,42628.33892768743,33.80253113468148
10.916666666666666,105.33333333333333,42687.3307413845,33.91001163209604
10.916666666666666,106.0,42746.554716570434,34.017152536134866
10.916666666666666,106.66666666666666,42806.005981147355,34.12395704551927
10.916666666666666,107.33333333333333,42865.67981221657,34.23042830906768
10.916666666666666,108.0,42925.57163041251,34.336569426778794
10.916666666666666,108.66666666666666,42985.67699449351,34.44238345088472
10.916666666666666,109.33333333333333,43045.99159617603,34.54787338687514
10.916666666666666,110.0,43106.511255199846,34.65304219449331
10.916666666666666,110.66666666666666,43167.23191461173,34.757892788705
10.916666666666666,111.33333333333333,43228.149636256785,34.86242804064124
10.916666666666666,112.0,43289.26059646644,34.966650778515614
10.916666666666666,112.66666666666666,43350.56108193351,35.07056378851706
10.916666666666666,113.33333333333333,43412.04748576458,35.17416981567898
10.916666666666666,114.0,43473.71630370093,35.27747156472527
10.916666666666666,114.66666666666666,43535.564130499704,35.38047170089423
10.916666666666666,115.33333333333333,43597.587656467374,35.48317285074089
10.916666666666666,116.0,43659.783664137976,35.585577602918484
10.916666666666666,116.66666666666666,43722.149025089304,35.687688508939765
10.916666666666666,117.33333333333333,43784.68069689004,35.7895080839188
10.916666666666666,118.0,43847.37572017199,35.89103880729376
10.916666666666666,118.66666666666666,43910.23121582113,35.992283123531415
10.916666666666666,119.33333333333333,43973.2443822819,36.09324344281381
10.916666666666666,120.0,44036.41249296974,36.193922141707716
11.0,80.0,41652.87905589121,29.664793948382652
11.0,80.66666666666667,41644.119616387754,29.78814081699852
11.0,81.33333333333333,41637.7608302169,29.91097903223274
11.0,82.0,41633.21057805574,30.033314835362415
11.0,82.66666666666667,41630.41352529471,30.155154341063046
11.0,83.33333333333333,41629.29171786323,30.276503540974915
11.0,84.0,41629.77966146516,30.397368307141328
11.0,84.66666666666667,41631.71051117519,30.517754395324264
11.0,85.33333333333333,41635.23125636783,30.63766744820282
11.0,86.0,41640.18751683822,30.757112998459398
11.0,86.66666666666667,41646.52447258844,30.87609647175843
11.0,87.33333333333333,41654.191871738956,30.994623189622207
11.0,88.0,41663.1419548003,31.11269837220809
11.0,88.66666666666667,41673.3292989095,31.23032714099123
11.0,89.33333333333333,41684.710673807196,31.347514521356658
11.0,90.0,41697.244908521505,31.464265445104548
11.0,90.66666666666667,41710.89276782821,31.58058475287203
11.0,91.33333333333333,41725.61683764979,31.696477196475108
11.0,92.0,41741.38141863722,31.811947441173732
11.0,92.66666666666667,41758.152427251465,31.927000067863148
11.0,93.33333333333333,41775.897303727215,32.04163957519444
11.0,94.0,41794.58492635843,32.155870381627054
11.0,94.66666666666667,41814.18553159877,32.26969682741586
11.0,95.33333333333333,41834.64831602295,32.383123176535435
11.0,96.0,41886.301765654694,32.49615361854384
11.0,96.66666666666666,41942.227795011655,32.608792270388264
11.0,97.33333333333333,41998.25726743268,32.72104317815474
11.0,98.0,42054.59168392561,32.832910318764
11.0,98.66666666666666,42111.22375922677,32.944397601615556
11.0,99.33333333333333,42168.349624804745,33.05550887018178
11.0,100.0,42226.125032641045,33.166247903554
11.0,100.66666666666666,42283.513690489104,33.276618417942245
11.0,101.33333333333333,42341.34410263014,33.38662406813044
11.0,102.0,42399.43679456551,33.49626844888845
11.0,102.66666666666666,42457.78593573477,33.605555096342826
11.0,103.33333333333333,42516.38588256378,33.71448748930742
11.0,104.0,42575.23117102456,33.82306905057552
11.0,104.66666666666666,42634.31650954889,33.93130314817474
11.0,105.33333333333333,42693.63677227608,34.039193096585976
11.0,106.0,42753.18699261673,34.14674215792775
11.0,106.66666666666666,42812.96235711491,34.25395354310701
11.0,107.33333333333333,42872.958199593224,34.36083041293774
11.0,108.0,42933.16999556487,34.46737587922817
11.0,108.66666666666666,42993.593356899386,34.57359300583804
11.0,109.33333333333333,43054.224026727774,34.67948480970654
11.0,110.0,43115.05787457529,34.785054261852174
11.0,110.66666666666666,43176.09089170969,34.8903042883454
11.0,111.33333333333333,43237.319186693676,34.995237771254914
11.0,112.0,43298.73898113163,35.09985754956849
11.0,112.66666666666666,43360.34660560021,35.20416642008916
11.0,113.33333333333333,43422.13849575399,35.30816713830763
11.0,114.0,43484.111188597155,35.41186241925155
11.0,114.66666666666666,43546.26131891304,35.51525493831254
11.0,115.33333333333333,43608.58561584388,35.61834733205159
11.0,116.0,43671.08089961323,35.72114219898351
11.0,116.66666666666666,43733.744078384305,35.82364210034113
11.0,117.33333333333333,43796.57214524755,35.92584956081994
11.0,118.0,43859.562175331375,36.02776706930364
11.0,118.66666666666666,43922.71132303019,36.12939707957128
11.0,119.33333333333333,43986.01681934397,36.23074201098657
11.0,120.0,44049.47596932458,36.3318042491699
11.083333333333332,80.0,41651.62794762486,29.77694857883639
11.083333333333332,80.66666666666667,41643.47602598089,29.9007617888835
11.083333333333332,81.33333333333333,41637.708757190456,30.024064422466928
11.083333333333332,82.0,41633.73608683427,30.146862744460382
11.083333333333332,82.66666666666667,41631.50322875444,30.26916289265731
11.083333333333332,83.33333333333333,41630.9329854901,30.39097088135078
11.083333333333332,84.0,41631.96049209782,30.51229260478471
11.083333333333332,84.66666666666667,41634.42021499563,30.63313384048209
11.083333333333332,85.33333333333333,41638.458290835726,30.753500252455453
11.083333333333332,86.0,41643.92150863614,30.873397394304803
11.083333333333332,86.66666666666667,41650.75555771088,30.99283071220755
11.083333333333332,87.33333333333333,41658.91064204189,31.111805547805233
11.083333333333332,88.0,41668.339430695036,31.23032714099123
11.083333333333332,88.66666666666667,41678.99690407359,31.348400632603607
11.083333333333332,89.33333333333333,41690.84021173634,31.466031067027043
11.083333333333332,90.0,41703.82854076371,31.583223394707513
11.083333333333332,90.66666666666667,41717.922993757966,31.699982474583308
11.083333333333332,91.33333333333333,41733.08647565305,31.81631307643577
11.083333333333332,92.0,41749.2835885909,31.93221988316294
11.083333333333332,92.66666666666667,41766.48053419204,32.04770749297921
11.083333333333332,93.33333333333333,41784.64502261273,32.16278042154385
11.083333333333332,94.0,41803.74618783756,32.277443104021316
11.083333333333332,94.66666666666667,41823.75450870764,32.391699897075824
11.083333333333332,95.33333333333333,41844.619588608366,32.50555508080289
11.083333333333332,96.0,41888.33991138908,32.61901286060018
11.083333333333332,96.66666666666666,41944.47447872026,32.73207736897994
11.083333333333332,97.33333333333333,42000.861229789334,32.84475266732538
11.083333333333332,98.0,42057.549854821256,32.95704274759291
11.083333333333332,98.66666666666666,42114.533158777966,33.06895153396241
11.083333333333332,99.33333333333333,42172.01754191361,33.18048288443742
11.083333333333332,100.0,42230.1788677493,33.291640592396966
11.083333333333332,100.66666666666666,42287.82498393426,33.40242838810109
11.083333333333332,101.33333333333333,42345.994781230525,33.512849940151476
11.083333333333332,102.0,42404.42432027119,33.62290885690885
11.083333333333332,102.66666666666666,42463.10784078396,33.732608687868904
11.083333333333332,103.33333333333333,42522.03976706234,33.841952924997955
11.083333333333332,104.0,42581.21470062945,33.950945004029954
11.083333333333332,104.66666666666666,42640.62741325024,34.059588305726116
11.083333333333332,105.33333333333333,42700.272840272984,34.167886157098515
11.083333333333332,106.0,42760.146074281845,34.27584183259885
11.083333333333332,106.66666666666666,42820.2423590436,34.38345855527367
11.083333333333332,107.33333333333333,42880.55708373284,34.49073949788713
11.083333333333332,108.0,42941.085777420514,34.597687784012386
11.083333333333332,108.66666666666666,43001.82410381207,34.7043064890928
11.083333333333332,109.33333333333333,43062.767856221784,34.8105986414738
11.083333333333332,110.0,43123.91295277126,34.916567223406524
11.083333333333332,110.66666666666666,43185.25543180021,35.022215172024104
11.083333333333332,111.33333333333333,43246.7914474787,35.12754538029158
11.083333333333332,112.0,43308.51726561069,35.23256069793016
11.083333333333332,112.66666666666666,43370.42925961882,35.33726393231686
11.083333333333332,113.33333333333333,43432.52390670186,35.44165784936014
11.083333333333332,114.0,43494.79778415566,35.54574517435244
11.083333333333332,114.66666666666666,43557.247565849866,35.64952859280034
11.083333333333332,115.33333333333333,43619.87001885266,35.753010751232935
11.083333333333332,116.0,43682.66200019619,35.85619425798933
11.083333333333332,116.66666666666666,43745.62045377588,35.959081683985694
11.083333333333332,117.33333333333333,43808.742407377395,36.06167556346272
11.083333333333332,118.0,43872.02496982489,36.163978394713894
11.083333333333332,118.66666666666666,43935.4653282449,36.26599264079534
11.083333333333332,119.33333333333333,43999.06074544036,36.36772073021777
11.083333333333332,120.0,44062.808557369804,36.469165057620934
11.166666666666666,80.0,41650.822318025246,29.888682361946525
11.166666666666666,80.66666666666667,41643.268197346006,30.012960163532316
11.166666666666666,81.33333333333333,41638.083086756575,30.136725472788548
11.166666666666666,82.0,41634.678984259495,30.259984578096972
11.166666666666666,82.66666666666667,41633.00163671472,30.382743640282243
11.166666666666666,83.33333333333333,41632.97458327106,30.50500869620521
11.166666666666666,84.0,41634.53357152784,30.62678566222711
11.166666666666666,84.66666666666667,41637.5143459709,30.748080337550252
11.166666666666666,85.33333333333333,41642.062209609205,30.8688984074406
11.166666666666666,86.0,41648.02509208352,30.98924544633724
11.166666666666666,86.66666666666667,41655.34917863299,31.109126920853594
11.166666666666666,87.33333333333333,41663.98511728328,31.228548192674953
11.166666666666666,88.0,41673.88599460873,31.347514521356658
11.166666666666666,88.66666666666667,41685.007183941285,31.466031067027043
11.166666666666666,89.33333333333333,41697.30620497377,31.58410289299912
11.166666666666666,90.0,41710.74259375816,31.701734968294716
11.166666666666666,90.66666666666667,41725.277782199366,31.818932170084597
11.166666666666666,91.33333333333333,41740.874986234354,31.93569928604803
11.166666666666666,92.0,41757.49910196465,32.05204101665498
11.166666666666666,92.66666666666667,41775.116609081226,32.16796197737398
11.166666666666666,93.33333333333333,41793.69548098347,32.28346670080867
11.166666666666666,94.0,41813.20510104917,32.39855963876583
11.166666666666666,94.66666666666667,41833.616184564235,32.513245164257455
11.166666666666666,95.33333333333333,41854.900705864275,32.62752757343951
11.166666666666666,96.0,41890.743442505,32.7414110874898
11.166666666666666,96.66666666666666,41946.716298498715,32.85489985442726
11.166666666666666,97.33333333333333,42003.82659960581,32.96799795087485
11.166666666666666,98.0,42060.865543625085,33.08070938376825
11.166666666666666,98.66666666666666,42118.19625863104,33.193038092012266
11.166666666666666,99.33333333333333,42176.03510716461,33.304987948087025
11.166666666666666,100.0,42233.93207553105,33.416562759605696
11.166666666666666,100.66666666666666,42292.55089065099,33.5277662708256
11.166666666666666,101.33333333333333,42350.985728751504,33.638602164114296
11.166666666666666,102.0,42409.74864100729,33.74907406137241
11.166666666666666,102.66666666666666,42468.76312615711,33.85918552541458
11.166666666666666,103.33333333333333,42528.02367471466,33.968940061310256
11.166666666666666,104.0,42587.524952167456,34.07834111768548
11.166666666666666,104.66666666666666,42647.26179208501,34.18739208798731
11.166666666666666,105.33333333333333,42707.22918955131,34.29609631171195
11.166666666666666,106.0,42767.422294903765,34.40445707559802
11.166666666666666,106.66666666666666,42827.83640776207,34.512477614786086
11.166666666666666,107.33333333333333,42888.46697133142,34.62016111394566
11.166666666666666,108.0,42949.30956696527,34.72751070837067
11.166666666666666,108.66666666666666,43010.35990897397,34.83452948504464
11.166666666666666,109.33333333333333,43071.61383966641,34.94122048367642
11.166666666666666,110.0,43133.06732461234,35.04758669770764
11.166666666666666,110.66666666666666,43194.71644811416,35.1536310752926
11.166666666666666,111.33333333333333,43256.55740887714,35.259356520251785
11.166666666666666,112.0,43318.58651586824,35.36476589299958
11.166666666666666,112.66666666666666,43380.800184353815,35.46986201144728
11.166666666666666,113.33333333333333,43443.194932107166,35.57464765188203
11.166666666666666,114.0,43505.76737577777,35.679125549822544
11.166666666666666,114.66666666666666,43568.51422741369,35.78329840085238
11.166666666666666,115.33333333333333,43631.43229113005,35.88716886143136
11.166666666666666,116.0,43694.51845991644,35.99073954968602
11.166666666666666,116.66666666666666,43757.769712576235,36.094013046179526
11.166666666666666,117.33333333333333,43821.18311079163,36.19699189466194
11.166666666666666,118.0,43884.755796308535,36.299678602801244
11.166666666666666,118.66666666666666,43948.4849882354,36.402075642895845
11.166666666666666,119.33333333333333,44012.36798045088,36.504185452569075
11.166666666666666,120.0,44076.40213911481,36.60601043544625
11.25,80.0,41650.44929755232,30.0
11.25,80.66666666666667,41643.48355616869,30.124740662784138
11.25,81.33333333333333,41638.87152868172,30.24896692450835
11.25,82.0,41636.02725221337,30.37268509697488
11.25,82.66666666666667,41634.89699183336,30.495901363953813
11.25,83.33333333333333,41635.40500403332,30.618621784789728
11.25,84.0,41637.48763277577,30.740852297878796
11.25,84.66666666666667,41640.98186846158,30.86259872402193
11.25,85.33333333333333,41646.03219906903,30.983866769659336
11.25,86.0,41652.487667188376,31.10466202999158
11.25,86.66666666666667,41660.29494108963,31.22498999199199
11.25,87.33333333333333,41669.40510145533,31.34485603731496
11.25,88.0,41679.7716417218,31.464265445104548
11.25,88.66666666666667,41691.35031818486,31.583223394707513
11.25,89.33333333333333,41704.099011334874,31.701734968294716
11.25,90.0,41717.977597438556,31.81980515339464
11.25,90.66666666666667,41732.9478294825,31.937438845342623
11.25,91.33333333333333,41748.973226681286,32.05464084964921
11.25,92.0,41766.018971829595,32.17141588429082
11.25,92.66666666666667,41784.05181584815,32.28776858192588
11.25,93.33333333333333,41803.03998893348,32.4037034920393
11.25,94.0,41822.95311777792,32.5192250830182
11.25,94.66666666666667,41843.76214837479,32.63433774416144
11.25,95.33333333333333,41865.43927396834,32.749045787625626
11.25,96.0,41892.93146430263,32.863353450309965
11.25,96.66666666666666,41949.71872653066,32.977264895682296
11.25,97.33333333333333,42007.14284819157,33.090784215548595
11.25,98.0,42064.52833154281,33.20391543176798
11.25,98.66666666666666,42122.202747519426,33.31666249791536
11.25,99.33333333333333,42180.15931382124,33.42902930089356
11.25,100.0,42239.21416308779,33.54101966249684
11.25,100.66666666666666,42297.621450159444,33.65263734092768
11.25,101.33333333333333,42356.30699091896,33.76388603226826
11.25,102.0,42415.39989892099,33.87476937190864
11.25,102.66666666666666,42474.742028508204,33.98529093593286
11.25,103.33333333333333,42534.32793482467,34.09545424246464
11.25,104.0,42594.15234579106,34.205262752974136
11.25,104.66666666666666,42654.2101553061,34.31471987354698
11.25,105.33333333333333,42714.496416767324,34.42382895611701
11.25,106.0,42775.006336894294,34.532593299664015
11.25,106.66666666666666,42835.73526983722,34.64101615137755
11.25,107.33333333333333,42896.67871155601,34.74910070778811
11.25,108.0,42957.83229445523,34.85685011586675
11.25,108.66666666666666,43019.19178226144,34.96426747409418
11.25,109.33333333333333,43080.75306513016,35.07135583350036
11.25,110.0,43142.51215497035,35.178118198675726
11.25,110.66666666666666,43204.46518097554,35.2845575287547
11.25,111.33333333333333,43266.60838535052,35.390676738372775
11.25,112.0,43328.938119223945,35.4964786985977
11.25,112.66666666666666,43391.45083873739,35.601966237835796
11.25,113.33333333333333,43454.143101302056,35.70714214271425
11.25,114.0,43517.01156201441,35.812009158939965
11.25,114.66666666666666,43580.052970223536,35.91656999213594
11.25,115.33333333333333,43643.26416624219,36.020827308655754
11.25,116.0,43706.64207819482,36.12478373637689
11.25,116.66666666666666,43770.18371899587,36.2284418654736
11.25,117.33333333333333,43833.88618345207,36.3318042491699
11.25,118.0,43897.74664548295,36.43487340447336
11.25,118.66666666666666,43961.7623554537,36.53765181289022
11.25,119.33333333333333,44025.93063761535,36.64014192112252
11.25,120.0,44090.24888764713,36.742346141747674
11.333333333333332,80.0,41650.496489971025,30.11090610836324
11.333333333333332,80.66666666666667,41644.109989453056,30.236107921196176
11.333333333333332,81.33333333333333,41640.06224249822,30.360793431295196
11.333333333333332,82.0,41637.76931133273,30.484968973796466
11.333333333333332,82.66666666666667,41637.177965020295,30.608640755330654
11.333333333333332,83.33333333333333,41638.21315882742,30.731814857642956
11.333333333333332,84.0,41640.8118175005,30.854497241083024
11.333333333333332,84.66666666666667,41644.81214627821,30.976693747970515
11.333333333333332,85.33333333333333,41650.35783626228,31.0984101058416
11.333333333333332,86.0,41657.299016209494,31.219651930581584
11.333333333333332,86.66666666666667,41665.58282499572,31.340424729448422
11.333333333333332,87.33333333333333,41675.16076498392,31.460733903991777
11.333333333333332,88.0,41685.98672620777,31.580584752872028
11.333333333333332,88.66666666666667,41698.0168383176,31.699982474583308
11.333333333333332,89.33333333333333,41711.209333596045,31.818932170084594
11.333333333333332,90.0,41725.524420077,31.937438845342623
11.333333333333332,90.66666666666667,41740.92416389664,32.05550741379015
11.333333333333332,91.33333333333333,41757.372380091794,32.173142698703074
11.333333333333332,92.0,41774.8345311369,32.29034943549956
11.333333333333332,92.66666666666667,41793.27763257845,32.40713227396436
11.333333333333332,93.33333333333333,41812.6701651867,32.52349578040125
11.333333333333332,94.0,41832.98199309844,32.63944443971639
11.333333333333332,94.66666666666667,41854.18428747319,32.75498265743532
11.333333333333332,95.33333333333333,41876.24945522873,32.870114761656126
11.333333333333332,96.0,41899.15107246076,32.984845004941285
11.333333333333332,96.66666666666666,41953.1743504686,33.09917756615042
11.333333333333332,97.33333333333333,42010.7998262667,33.2131165522164
11.333333333333332,98.0,42068.52817492913,33.32666599986663
11.333333333333332,98.66666666666666,42126.54268516574,33.43982987729187
11.333333333333332,99.33333333333333,42184.836655278305,33.552612085764316
11.333333333333332,100.0,42243.60522897748,33.665016461206925
11.333333333333332,100.66666666666666,42303.013631434915,33.77704677571573
11.333333333333332,101.33333333333333,42361.948971430495,33.888706739036884
11.333333333333332,102.0,42421.368590438324,34.0
11.333333333333332,102.66666666666666,42481.035135158425,34.110930147909414
11.333333333333332,103.33333333333333,42540.94322383044,34.221500713894926
11.333333333333332,104.0,42601.08764532987,34.331715172223284
11.333333333333332,104.66666666666666,42661.463352459876,34.44157694157197
11.333333333333332,105.33333333333333,42722.06545555854,34.5510893862665
11.333333333333332,106.0,42782.8892164034,34.66025581748256
11.333333333333332,106.66666666666666,42843.930042397915,34.76907949441412
11.333333333333332,107.33333333333333,42905.183481024396,34.877563625408875
11.333333333333332,108.0,42966.645214549106,34.9857113690718
11.333333333333332,108.66666666666666,43028.31105496642,35.09352583533828
11.333333333333332,109.33333333333333,43090.17693916939,35.201010086517556
11.333333333333332,110.0,43152.23892433476,35.30816713830763
11.333333333333332,110.66666666666666,43214.4931835118,35.41499996078247
11.333333333333332,111.33333333333333,43276.93600140394,35.52151147935259
11.333333333333332,112.0,43339.56377033387,35.627704575699696
11.333333333333332,112.66666666666666,43402.37298638246,35.73358208868639
11.333333333333332,113.33333333333333,43465.36024569321,35.839146815241634
11.333333333333332,114.0,43528.522240933475,35.94440151122286
11.333333333333332,114.66666666666666,43591.855757905185,36.049348892255395
11.333333333333332,115.33333333333333,43655.35767229747,36.153991634549996
11.333333333333332,116.0,43719.02494657433,36.25833237569906
11.333333333333332,116.66666666666666,43782.854626990906,36.36237371545238
11.333333333333332,117.33333333333333,43846.84384073198,36.466118216472914
11.333333333333332,118.0,43910.98979316715,36.56956840507327
11.333333333333332,118.66666666666666,43975.28976521694,36.67272677193351
11.333333333333332,119.33333333333333,44039.74111082473,36.775595772800806
11.333333333333332,120.0,44104.34125452949,36.87817782917155
11.416666666666666,80.0,41650.951950916744,30.22140521771503
11.416666666666666,80.66666666666667,41645.13582469109,30.34706648828589
11.416666666666666,81.33333333333333,41641.64381725724,30.47220956142753
11.416666666666666,82.0,41639.89400131585,30.596840795524407
11.416666666666666,82.66666666666667,41639.83363626975,30.720966419983892
11.416666666666666,83.33333333333333,41641.38835825953,30.844592538869577
11.416666666666666,84.0,41644.49565780719,30.967725134404045
11.416666666666666,84.66666666666667,41649.09631999847,31.09037007034672
11.416666666666666,85.33333333333333,41655.03089170085,31.212533095252333
11.416666666666666,86.0,41662.44928676324,31.334219845615007
11.416666666666666,86.66666666666667,41671.20316794708,31.45543584890288
11.416666666666666,87.33333333333333,41681.24262860649,31.57618652648789
11.416666666666666,88.0,41692.52194547187,31.696477196475108
11.416666666666666,88.66666666666667,41704.997612277686,31.816313076435772
11.416666666666666,89.33333333333333,41718.628204409804,31.93569928604803
11.416666666666666,90.0,41733.37425351679,32.05464084964921
11.416666666666666,90.66666666666667,41749.19813122787,32.173142698703074
11.416666666666666,91.33333333333333,41766.06394120485,32.29120967418567
11.416666666666666,92.0,41783.93741882982,32.4088465288929
11.416666666666666,92.66666666666667,41802.785837897565,32.52605792967301
11.416666666666666,93.33333333333333,41822.57792374095,32.64284845958691
11.416666666666666,94.0,41843.283772270544,32.759222619999186
11.416666666666666,94.66666666666667,41864.87477445829,32.8751848326025
11.416666666666666,95.33333333333333,41887.32354583685,32.99073944137792
11.416666666666666,96.0,41910.603860625335,33.1058907144937
11.416666666666666,96.66666666666666,41956.96092394129,33.220642846144784
11.416666666666666,97.33333333333333,42014.787747268914,33.334999958335416
11.416666666666666,98.0,42072.855388801174,33.44896610260671
11.416666666666666,98.66666666666666,42131.20648599641,33.56254526171166
11.416666666666666,99.33333333333333,42189.83441581428,33.675741351239104
11.416666666666666,100.0,42248.94376565289,33.78855822118882
11.416666666666666,100.66666666666666,42308.71819352121,33.90099965749945
11.416666666666666,101.33333333333333,42367.95595227461,34.013069383530926
11.416666666666666,102.0,42427.64555074728,34.12477106150311
11.416666666666666,102.66666666666666,42487.63336875212,34.23610829389215
11.416666666666666,103.33333333333333,42547.86055012886,34.34708462478616
11.416666666666666,104.0,42608.32194327985,34.45770354120154
11.416666666666666,104.66666666666666,42669.012558536844,34.56796847436141
11.416666666666666,105.33333333333333,42729.92756185177,34.67788280093748
11.416666666666666,106.0,42791.062268781,34.78744984425657
11.416666666666666,106.66666666666666,42852.41213874734,34.896672875473065
11.416666666666666,107.33333333333333,42913.97276956467,35.00555511470842
11.416666666666666,108.0,42975.73989221161,35.11409973215888
11.416666666666666,108.66666666666666,43037.70936584056,35.222309849172454
11.416666666666666,109.33333333333333,43099.87717301017,35.33018853929628
11.416666666666666,110.0,43162.239415129465,35.43773882929516
11.416666666666666,110.66666666666666,43224.792308102544,35.544963700142446
11.416666666666666,111.33333333333333,43287.53217816405,35.65186608798417
11.416666666666666,112.0,43350.455457895085,35.75844888507703
11.416666666666666,112.66666666666666,43413.558682410934,35.864714940701504
11.416666666666666,113.33333333333333,43476.838485711916,35.97066706205056
11.416666666666666,114.0,43540.29159718896,36.076308015094895
11.416666666666666,114.66666666666666,43603.914838276636,36.18164052542547
11.416666666666666,115.33333333333333,43667.70511924626,36.28666727907403
11.416666666666666,116.0,43731.65943613225,36.39139092331225
11.416666666666666,116.66666666666666,43795.77486778518,36.49581406743032
11.416666666666666,117.33333333333333,43860.048573045824,36.59993928349548
11.416666666666666,118.0,43924.47778803397,36.703769107091254
11.416666666666666,118.66666666666666,43989.05982354694,36.80730603803785
11.416666666666666,119.33333333333333,44053.79206256247,36.91055254109438
11.416666666666666,120.0,44118.671957841056,37.013511046643494
11.5,80.0,41651.80416761807,30.331501776206203
11.5,80.66666666666667,41646.54981015284,30.45762083069961
11.5,81.33333333333333,41643.6052523678,30.58321979997092
11.5,82.0,41642.39919737522,30.708305065568176
11.5,82.66666666666667,41642.85347651442,30.832882879592475
11.5,83.33333333333333,41644.92029481557,30.956959368344517
11.5,84.0,41648.52905901899,31.080540535840107
11.5,84.66666666666667,41653.62107029712,31.203632267200348
11.5,85.33333333333333,41660.0380118047,31.326240331921948
11.5,86.0,41667.92897581802,31.448370387032774
11.5,86.66666666666667,41677.14664958628,31.57002798013753
11.5,87.33333333333333,41687.64154809282,31.69121855235821
11.5,88.0,41699.368325211624,31.811947441173732
11.5,88.66666666666667,41712.2838298145,31.932219883162944
11.5,89.33333333333333,41726.346972003186,32.05204101665498
11.5,90.0,41741.51859917017,32.17141588429082
11.5,90.66666666666667,41757.761381044606,32.29034943549956
11.5,91.33333333333333,41775.03970296216,32.4088465288929
11.5,92.0,41793.3195666713,32.526911934581186
11.5,92.66666666666667,41812.56849805397,32.64455033641399
11.5,93.33333333333333,41832.75546119734,32.761766334148305
11.5,94.0,41853.85077830584,32.87856444554719
11.5,94.66666666666667,41875.82605498924,32.994949108411525
11.5,95.33333333333333,41898.65411050497,33.1109246825475
11.5,96.0,41922.30891257092,33.2264954516723
11.5,96.66666666666666,41961.06905181666,33.34166562526033
11.5,97.33333333333333,42019.18506226026,33.456439340332274
11.5,98.0,42077.50063121116,33.57082066318903
11.5,98.66666666666666,42136.184903703645,33.68481359109274
11.5,99.33333333333333,42195.1434427501,33.798422053896736
11.5,100.0,42254.59001732178,33.91164991562634
11.5,100.66666666666666,42314.08360301212,34.02450097601237
11.5,101.33333333333333,42374.2887121486,34.13697897197895
11.5,102.0,42434.22193908611,34.249087579087416
11.5,102.66666666666666,42494.52797270828,34.36083041293773
11.5,103.33333333333333,42555.071239686346,34.47221103052912
11.5,104.0,42615.84664656995,34.583232931581165
11.5,104.66666666666666,42676.84925988981,34.69389955981694
11.5,105.33333333333333,42738.0742999299,34.80421430420939
11.5,106.0,42799.5171347891,34.91418050019218
11.5,106.66666666666666,42861.17327471689,35.02380143083652
11.5,107.33333333333333,42923.038366707864,35.133080327994776
11.5,108.0,42985.10818934189,35.24202037341219
11.5,108.66666666666666,43047.37864785651,35.350624699807874
11.5,109.33333333333333,43109.8457694397,35.45889639192587
11.5,110.0,43172.50569873137,35.56683848755748
11.5,110.66666666666666,43235.3546935228,35.67445397853577
11.5,111.33333333333333,43298.38912064417,35.78174581170311
11.5,112.0,43361.60545203026,35.888716889852724
11.5,112.66666666666666,43425.00026095558,35.99537007264499
11.5,113.33333333333333,43488.57021843043,36.10170817749949
11.5,114.0,43552.31208974967,36.207733980463345
11.5,114.66666666666666,43616.22273118719,36.313450217056854
11.5,115.33333333333333,43680.2990868281,36.41885958309696
11.5,116.0,43744.538185532976,36.523964735499355
11.5,116.66666666666666,43808.937138026915,36.62876829305985
11.5,117.33333333333333,43873.493134107914,36.733272837215765
11.5,118.0,43938.20343996869,36.837480912787726
11.5,118.66666666666666,44003.06539562672,36.94139502870278
11.5,119.33333333333333,44068.07641245726,37.04501765869917
11.5,120.0,44133.233970824636,37.14835124201342
11.583333333333332,80.0,41653.04203970392,30.441200151548994
11.583333333333332,80.66666666666667,41648.341096227785,30.56777533431062
11.583333333333332,81.33333333333333,41645.93593945383,30.693828550884803
11.583333333333332,82.0,41645.2571750755,30.81936620589939
11.583333333333332,82.66666666666667,41646.22733043767,30.944394574067136
11.583333333333332,83.33333333333333,41648.79902611606,31.06891980384541
11.583333333333332,84.0,41652.90228335338,31.192947920964443
11.583333333333332,84.66666666666667,41658.47890643379,31.31648483182974
11.583333333333332,85.33333333333333,41665.37168683925,31.439536326804255
11.583333333333332,86.0,41673.728914522486,31.562108083375332
11.583333333333332,86.66666666666667,41683.404276780595,31.684205669211416
11.583333333333332,87.33333333333333,41694.34869975785,31.805834545113118
11.583333333333332,88.0,41706.51720525011,31.927000067863144
11.583333333333332,88.66666666666667,41719.86698862883,32.04770749297921
11.583333333333332,89.33333333333333,41734.357286612416,32.16796197737397
11.583333333333332,90.0,41749.94925473563,32.28776858192588
11.583333333333332,90.66666666666667,41766.605853685985,32.40713227396436
11.583333333333332,91.33333333333333,41784.29174375745,32.52605792967301
11.583333333333332,92.0,41802.973186744086,32.644550336413985
11.583333333333332,92.66666666666667,41822.617954660505,32.7626141949767
11.583333333333332,93.33333333333333,41843.19524473417,32.88025412175385
11.583333333333332,94.0,41864.675600165574,32.99747465084765
11.583333333333332,94.66666666666667,41887.03083619921,33.11428023610895
11.583333333333332,95.33333333333333,41910.23397108867,33.230675253111805
11.583333333333332,96.0,41934.25916157772,33.34666400106613
11.583333333333332,96.66666666666666,41964.944492235714,33.46225070467051
11.583333333333332,97.33333333333333,42023.40248790415,33.57743951590776
11.583333333333332,98.0,42082.45488842606,33.69223451578518
11.583333333333332,98.66666666666666,42141.46901660398,33.80663971602159
11.583333333333332,99.33333333333333,42200.75490452421,33.92065906068322
11.583333333333332,100.0,42260.306298404605,34.03429642777023
11.583333333333332,100.66666666666666,42320.93249549239,34.147555630755704
11.583333333333332,101.33333333333333,42380.913215512,34.26044042007892
11.583333333333332,102.0,42441.08922478904,34.37295448459442
11.583333333333332,102.66666666666666,42501.71049741991,34.48510145297853
11.583333333333332,103.33333333333333,42562.566922388454,34.59688489509488
11.583333333333332,104.0,42623.65346305827,34.70830832332032
11.583333333333332,104.66666666666666,42684.96524087376,34.81937519383265
11.583333333333332,105.33333333333333,42746.49752921175,34.930088907861524
11.583333333333332,106.0,42808.24574751859,35.04045281290374
11.583333333333332,106.66666666666666,42870.205455717194,35.15047020390418
11.583333333333332,107.33333333333333,42932.37234887001,35.26014432440369
11.583333333333332,108.0,42994.7422520838,35.369478367654786
11.583333333333332,108.66666666666666,43057.31111564368,35.4784754777065
11.583333333333332,109.33333333333333,43120.075010364686,35.58713875045933
11.583333333333332,110.0,43183.03012314912,35.6954712346912
11.583333333333332,110.66666666666666,43246.17275273935,35.803475933055566
11.583333333333332,111.33333333333333,43309.49930565601,35.911155803052495
11.583333333333332,112.0,43373.006292312275,36.018513757973594
11.583333333333332,112.66666666666666,43436.69032329512,36.12555266782164
11.583333333333332,113.33333333333333,43500.54810580544,36.23227536020582
11.583333333333332,114.0,43564.57644024909,36.33868462121324
11.583333333333332,114.66666666666666,43628.77221697125,36.444783196257625
11.583333333333332,115.33333333333333,43693.13241312742,36.55057379090572
11.583333333333332,116.0,43757.65408968405,36.656059071682364
11.583333333333332,116.66666666666666,43822.3343885429,36.76124166685463
11.583333333333332,117.33333333333333,43887.17052978286,36.86612416719597
11.583333333333332,118.0,43952.15980901398,36.97070912673076
11.583333333333332,118.66666666666666,44017.29959483818,37.074999063459934
11.583333333333332,119.33333333333333,44082.58732641171,37.17899646006839
11.583333333333332,120.0,44148.02051110466,37.282703764614496
11.666666666666666,80.0,41654.654861028,30.550504633038933
11.666666666666666,80.66666666666667,41650.49921775175,30.677534306249438
11.666666666666666,81.33333333333333,41648.6256451669,30.804040139061122
11.666666666666666,82.0,41648.46663738229,30.930028559098787
11.666666666666666,82.66666666666667,41649.94540018527,31.055505863605642
11.666666666666666,83.33333333333333,41653.01495904499,31.18047822311618
11.666666666666666,84.0,41657.60593444798,31.304951684997057
11.666666666666666,84.66666666666667,41663.66062127301,31.42893217686178
11.666666666666666,85.33333333333333,41671.022892278845,31.552425509864616
11.666666666666666,86.0,41679.84025381697,31.675437381878933
11.666666666666666,86.66666666666667,41689.967369563456,31.797973380564855
11.666666666666666,87.33333333333333,41701.35556671859,31.920038986330965
11.666666666666666,88.0,41713.960226095216,32.04163957519444
11.666666666666666,88.66666666666667,41727.73888122178,32.16278042154385
11.666666666666666,89.33333333333333,41742.65108760968,32.28346670080867
11.666666666666666,90.0,41758.658301591415,32.4037034920393
11.666666666666666,90.66666666666667,41775.72376791181,32.52349578040125
11.666666666666666,91.33333333333333,41793.81241533263,32.64284845958691
11.666666666666666,92.0,41812.89075958363,32.761766334148305
11.666666666666666,92.66666666666667,41832.92681305548,32.88025412175385
11.666666666666666,93.33333333333333,41853.89000068742,32.99831645537221
11.666666666666666,94.0,41875.75108155288,33.11595788538611
11.666666666666666,94.66666666666667,41898.482075691936,33.23318288163871
11.666666666666666,95.33333333333333,41922.056195780046,33.34999583541536
11.666666666666666,96.0,41946.447783259566,33.46640106136302
11.666666666666666,96.66666666666666,41971.63224859324,33.58240279934981
11.666666666666666,97.33333333333333,42028.462163347656,33.698005216266964
11.666666666666666,98.0,42087.70946086642,33.81321240777535
11.666666666666666,98.66666666666666,42147.05021374556,33.92802839999859
11.666666666666666,99.33333333333333,42206.66027696426,34.04245715116476
11.666666666666666,100.0,42266.53346730398,34.156502553198656
11.666666666666666,100.66666666666666,42327.51724899263,34.270168433266335
11.666666666666666,101.33333333333333,42387.82123902092,34.38345855527367
11.666666666666666,102.0,42448.27411656408,34.49637662132068
11.666666666666666,102.66666666666666,42509.172787156815,34.60892627311309
11.666666666666666,103.33333333333333,42570.33951908456,34.721111093332766
11.666666666666666,104.0,42631.73438871527,34.832934606968344
11.666666666666666,104.66666666666666,42693.35257116438,34.94440028260767
11.666666666666666,105.33333333333333,42755.18939170325,35.055511533693085
11.666666666666666,106.0,42817.24031996969,35.166271719741154
11.666666666666666,106.66666666666666,42879.50096444503,35.276684147527874
11.666666666666666,107.33333333333333,42941.96706718297,35.38675207224057
11.666666666666666,108.0,43004.63449877785,35.4964786985977
11.666666666666666,108.66666666666666,43067.49925355871,35.605867181937555
11.666666666666666,109.33333333333333,43130.557444997925,35.714920629276996
11.666666666666666,110.0,43193.805301323155,35.82364210034113
11.666666666666666,110.66666666666666,43257.239161322024,35.932034608564976
11.666666666666666,111.33333333333333,43320.85547032985,36.04010112206802
11.666666666666666,112.0,43384.65077639109,36.14784456460256
11.666666666666666,112.66666666666666,43448.62172658568,36.255267816476604
11.666666666666666,113.33333333333333,43512.765063512095,36.36237371545238
11.666666666666666,114.0,43577.077621919445,36.46916505762094
11.666666666666666,114.66666666666666,43641.55632548108,36.575644598253874
11.666666666666666,115.33333333333333,43706.19818370293,36.681815052632764
11.666666666666666,116.0,43771.00028896011,36.787679096857055
11.666666666666666,116.66666666666666,43835.9598136553,36.89323936863109
11.666666666666666,117.33333333333333,43901.07400749344,36.99849846803095
11.666666666666666,118.0,43966.34019486708,37.10345895825168
11.666666666666666,118.66666666666666,44031.75577234697,37.208123366335535
11.666666666666666,119.33333333333333,44097.318206273274,37.312494183881924
11.666666666666666,120.0,44163.025030442666,37.416573867739416
11.75,80.0,41656.63230244774,30.659419433511783
11.75,80.66666666666667,41653.014077259424,30.786901976868887
11.75,81.33333333333333,41651.66449489589,30.913858812297544
11.75,82.0,41652.0179233563,31.040296390337513
11.75,82.66666666666667,41653.998229922385,31.166221030682134
11.75,83.33333333333333,41657.55883469923,31.291638925864312
11.75,84.0,41662.63094268431,31.416556144810016
11.75,84.66666666666667,41669.157327270645,31.54097863626513
11.75,85.33333333333333,41676.98291631596,31.664912232101113
11.75,86.0,41686.25445078135,31.788362650504666
11.75,86.66666666666667,41696.827547793546,31.91133549905634
11.75,87.33333333333333,41708.65392585122,32.033836277702775
11.75,88.0,41721.68931618198,32.155870381627054
11.75,88.66666666666667,41735.89158241079,32.27744310402132
11.75,89.33333333333333,41751.22059128139,32.39855963876583
11.75,90.0,41767.63809282565,32.5192250830182
11.75,90.66666666666667,41785.10760917455,32.63944443971639
11.75,91.33333333333333,41803.594331282504,32.759222619999186
11.75,92.0,41823.06502290675,32.87856444554719
11.75,92.66666666666667,41843.487931246695,32.99747465084766
11.75,93.33333333333333,41864.832703702625,33.11595788538611
11.75,94.0,41887.07031026465,33.23401871576773
11.75,94.66666666666667,41910.17297108646,33.35166162777101
11.75,95.33333333333333,41934.11408883889,33.46889102833654
11.75,96.0,41958.86818547505,33.58571124749333
11.75,96.66666666666666,41984.41084306984,33.702126540224924
11.75,97.33333333333333,42033.81379517649,33.81814108827785
11.75,98.0,42093.25594975898,33.9337590019143
11.75,98.66666666666666,42152.92018172005,34.048984321611314
11.75,99.33333333333333,42212.85133025412,34.16382101970836
11.75,100.0,42273.04328108112,34.27827300200522
11.75,100.66666666666666,42333.698117495085,34.39234410931208
11.75,101.33333333333333,42395.00484208855,34.50603811895342
11.75,102.0,42455.77116089783,34.61935874622752
11.75,102.66666666666666,42516.90696763034,34.73230964582306
11.75,103.33333333333333,42578.381229286475,34.8448944131944
11.75,104.0,42640.0816954535,34.95711658589707
11.75,104.66666666666666,42702.00359371571,35.068979644884635
11.75,105.33333333333333,42764.14230007988,35.18048701576865
11.75,106.0,42826.49333325715,35.29164207004259
11.75,106.66666666666666,42889.05234920798,35.402448126271345
11.75,107.33333333333333,42951.81513593596,35.51290845124723
11.75,108.0,43014.77760851732,35.62302626111375
11.75,108.66666666666666,43077.93580435361,35.73280472245823
11.75,109.33333333333333,43141.28587863611,35.842246953374264
11.75,110.0,43204.82410001088,35.9513560244951
11.75,110.66666666666666,43268.5468464341,36.060134959998884
11.75,111.33333333333333,43332.45060120791,36.168586738586654
11.75,112.0,43396.531949188065,36.27671429443411
11.75,112.66666666666666,43460.78757315399,36.384520518117775
11.75,113.33333333333333,43525.21425033396,36.492008257516694
11.75,114.0,43589.80884907702,36.5991803186902
11.75,114.66666666666666,43654.56832566493,36.706039466732626
11.75,115.33333333333333,43719.48972125709,36.812588426605735
11.75,116.0,43784.570158961855,36.91882988394947
11.75,116.66666666666666,43849.80684102846,37.02476648587177
11.75,117.33333333333333,43915.19704615363,37.130400841718185
11.75,118.0,43980.73812689743,37.23573552382174
11.75,118.66666666666666,44046.427507203116,37.34077306823378
11.75,119.33333333333333,44112.26268001643,37.44551597543646
11.75,120.0,44178.24120499937,37.54996671103717
11.833333333333332,80.0,41658.964395499446,30.7679486912382
11.833333333333332,80.66666666666667,41655.87592910586,30.89588250164665
11.833333333333332,81.33333333333333,41655.042957319456,31.023288743207807
11.833333333333332,82.0,41655.90170720702,31.150173889295278
11.833333333333332,82.66666666666667,41658.376691184305,31.276544281973067
11.833333333333332,83.33333333333333,41662.4217141101,31.40240613569462
11.833333333333332,84.0,41667.96855126228,31.52776554086889
11.833333333333332,84.66666666666667,41674.96044288492,31.652628467299344
11.833333333333332,85.33333333333333,41683.24334659454,31.777000767501292
11.833333333333332,86.0,41692.96325567542,31.900888179902868
11.833333333333332,86.66666666666667,41703.97671848909,32.02429633193453
11.833333333333332,87.33333333333333,41716.23583540674,32.14723074301182
11.833333333333332,88.0,41729.69667975778,32.26969682741586
11.833333333333332,88.66666666666667,41744.317437472986,32.391699897075824
11.833333333333332,89.33333333333333,41760.058279219695,32.513245164257455
11.833333333333332,90.0,41776.88124186587,32.63433774416144
11.833333333333332,90.66666666666667,41794.75011847765,32.75498265743533
11.833333333333332,91.33333333333333,41813.63035613288,32.8751848326025
11.833333333333332,92.0,41833.48896090145,32.994949108411525
11.833333333333332,92.66666666666667,41854.29440940517,33.11428023610895
11.833333333333332,93.33333333333333,41876.01656642481,33.23318288163871
11.833333333333332,94.0,41898.62660807088,33.35166162777101
11.833333333333332,94.66666666666667,41922.09695007908,33.469720976163245
11.833333333333332,95.33333333333333,41946.401180831,33.58736534935586
11.833333333333332,96.0,41971.513998735885,33.704599092705436
11.833333333333332,96.66666666666666,41997.41115364155,33.82142647625746
11.833333333333332,97.33333333333333,42039.44930944802,33.93785169656114
11.833333333333332,98.0,42099.16606076589,34.053878878428314
11.833333333333332,98.66666666666666,42159.07089213786,34.16951207663866
11.833333333333332,99.33333333333333,42219.320116555784,34.28475527759305
11.833333333333332,100.0,42279.827870802445,34.39961240091716
11.833333333333332,100.66666666666666,42340.80475912901,34.514087301016986
11.833333333333332,101.33333333333333,42402.36463491999,34.62818376858814
11.833333333333332,102.0,42463.533283724486,34.741905532080416
11.833333333333332,102.66666666666666,42524.90543418137,34.85525625911949
11.833333333333332,103.33333333333333,42586.68451948312,34.96823955788706
11.833333333333332,104.0,42648.687919565775,35.08085897846098
11.833333333333332,104.66666666666666,42710.91091331942,35.19311801411684
11.833333333333332,105.33333333333333,42773.34892636445,35.30502010259227
11.833333333333332,106.0,42835.9975254031,35.416568627315286
11.833333333333332,106.66666666666666,42898.852412830725,35.52776691859793
11.833333333333332,107.33333333333333,42961.90942159264,35.638618254796455
11.833333333333332,108.0,43025.164510273455,35.74912586343895
11.833333333333332,108.66666666666666,43088.61375840695,35.85929292232194
11.833333333333332,109.33333333333333,43152.2533619948,35.96912256057656
11.833333333333332,110.0,43216.079629223364,36.07861785970558
11.833333333333332,110.66666666666666,43280.088976368366,36.18778185459224
11.833333333333332,111.33333333333333,43344.27792387793,36.2966175344817
11.833333333333332,112.0,43408.643092624894,36.40512784393612
11.833333333333332,112.66666666666666,43473.181200319894,36.51331568376422
11.833333333333332,113.33333333333333,43537.88905807728,36.621183911926046
11.833333333333332,114.0,43602.763567126094,36.72873534441391
11.833333333333332,114.66666666666666,43667.801715659465,36.835972756110145
11.833333333333332,115.33333333333333,43733.00057581483,36.9428988816224
11.833333333333332,116.0,43798.35730077964,37.04951641609735
11.833333333333332,116.66666666666666,43863.869122015676,37.15582801601325
11.833333333333332,117.33333333333333,43929.53334659691,37.26183629995232
11.833333333333332,118.0,43995.34735465501,37.36754384935319
11.833333333333332,118.66666666666666,44061.30859692801,37.47295320924442
11.833333333333332,119.33333333333333,44127.41459240664,37.578066888959455
11.833333333333332,120.0,44193.66292607442,37.68288736283354
11.916666666666666,80.0,41661.64151691601,30.876096471758427
11.916666666666666,80.66666666666667,41659.07536440465,31.004479963027567
11.916666666666666,81.33333333333333,41658.75182975038,31.132334031071654
11.916666666666666,82.0,41660.108984023165,31.259665172017865
11.916666666666666,82.66666666666667,41663.07196897401,31.386479750222247
11.916666666666666,83.33333333333333,41667.594964690266,31.512784001981725
11.916666666666666,84.0,41673.610302980276,31.63858403911275
11.916666666666666,84.66666666666667,41681.061679674516,31.763885852402325
11.916666666666666,85.33333333333333,41689.79605761212,31.88869531493706
11.916666666666666,86.0,41699.95869963148,32.01301818531538
11.916666666666666,86.66666666666667,41711.407063798,32.136860110747875
11.916666666666666,87.33333333333333,41724.09362324672,32.26022663005054
11.916666666666666,88.0,41737.97478537274,32.383123176535435
11.916666666666666,88.66666666666667,41753.009050879875,32.5055550808029
11.916666666666666,89.33333333333333,41769.15688729129,32.62752757343951
11.916666666666666,90.0,41786.380611672925,32.74904578762563
11.916666666666666,90.66666666666667,41804.644281785724,32.87011476165613
11.916666666666666,91.33333333333333,41823.9135949591,32.99073944137792
11.916666666666666,92.0,41844.155794045444,33.1109246825475
11.916666666666666,92.66666666666667,41865.339579876425,33.23067525311181
11.916666666666666,93.33333333333333,41887.43502969565,33.34999583541536
11.916666666666666,94.0,41910.413521090886,33.46889102833654
11.916666666666666,94.66666666666667,41934.24766099256,33.58736534935586
11.916666666666666,95.33333333333333,41958.911219344045,33.70542323655876
11.916666666666666,96.0,41984.379067084206,33.823069050575526
11.916666666666666,96.66666666666666,42010.627118115044,33.94030707646064
11.916666666666666,97.33333333333333,42045.31774541225,34.05714152551398
11.916666666666666,98.0,42104.88444814039,34.17357653704588
11.916666666666666,98.66666666666666,42165.494589727896,34.28961618008836
11.916666666666666,99.33333333333333,42226.05895824762,34.40526445505429
11.916666666666666,100.0,42286.87963491455,34.52052529534663
11.916666666666666,100.66666666666666,42347.9508373066,34.63540256891943
11.916666666666666,101.33333333333333,42410.07214184074,34.74990007979239
11.916666666666666,102.0,42471.55314721069,34.86402156952063
11.916666666666666,102.66666666666666,42533.17632926404,34.977770718621336
11.916666666666666,103.33333333333333,42595.24211203536,35.091151147958776
11.916666666666666,104.0,42657.5458507373,35.20416642008916
11.916666666666666,104.66666666666666,42720.06738573116,35.31682004056675
11.916666666666666,105.33333333333333,42782.80219116508,35.42911545921267
11.916666666666666,106.0,42845.74588068479,35.54105607134749
11.916666666666666,106.66666666666666,42908.89420210955,35.652645218989164
11.916666666666666,107.33333333333333,42972.24303235021,35.76388619201716
11.916666666666666,108.0,43035.78837255717,35.874782229304195
11.916666666666666,108.66666666666666,43099.5263434859,35.98533651981657
11.916666666666666,109.33333333333333,43163.45318106857,36.095552203684164
11.916666666666666,110.0,43227.56523218142,36.20543237324108
11.916666666666666,110.66666666666666,43291.85895059753,36.31498007403801
11.916666666666666,111.33333333333333,43356.33089311575,36.42419830582716
11.916666666666666,112.0,43420.97771585678,36.533090023520685
11.916666666666666,112.66666666666666,43485.796170718066,36.64165813812348
11.916666666666666,113.33333333333333,43550.78310197956,36.74990551764121
11.916666666666666,114.0,43615.93544305282,36.857834987964225
11.916666666666666,114.66666666666666,43681.25021336669,36.965449333728436
11.916666666666666,115.33333333333333,43746.724515382484,37.072751299153516
11.916666666666666,116.0,43812.35553173264,37.179743588859424
11.916666666666666,116.66666666666666,43878.14052247713,37.28642886866182
11.916666666666666,117.33333333333333,43944.076822471485,37.392809766347085
11.916666666666666,118.0,44010.16183884158,37.49888887242749
11.916666666666666,118.66666666666666,44076.39304855999,37.60466874087725
11.916666666666666,119.33333333333333,44142.76799611914,37.710151889849975
11.916666666666666,120.0,44209.284291296935,37.815340802378074
12.0,80.0,41664.65437393569,30.983866769659336
12.0,80.66666666666667,41662.60329673421,31.11269837220809
12.0,81.33333333333333,41662.78222422491,31.240998703626616
12.0,82.0,41664.631056226164,31.368774282716245
12.0,82.66666666666667,41668.07554856221,31.496031496047245
12.0,83.33333333333333,41673.07024736386,31.622776601683793
12.0,84.0,41679.54802767973,31.74901573277509
12.0,84.66666666666667,41687.45303004316,31.874754901018456
12.0,85.33333333333333,41696.633198751944,32.0
12.0,86.0,41707.23308296064,32.12475680841802
12.0,86.66666666666667,41719.11102956648,32.2490309931942
12.0,87.33333333333333,41732.21987566325,32.37282811247729
12.0,88.0,41746.51635494035,32.49615361854384
12.0,88.66666666666667,41761.9592755889,32.61901286060018
12.0,89.33333333333333,41778.50939515072,32.7414110874898
12.0,90.0,41796.12930446719,32.863353450309965
12.0,90.66666666666667,41814.78331995541,32.984845004941285
12.0,91.33333333333333,41834.437383513425,33.1058907144937
12.0,92.0,41855.05896942331,33.2264954516723
12.0,92.66666666666667,41876.61699768013,33.34666400106613
12.0,93.33333333333333,41899.08175322894,33.46640106136302
12.0,94.0,41922.42481063859,33.58571124749333
12.0,94.66666666666667,41946.61896378507,33.704599092705436
12.0,95.33333333333333,41971.638160154645,33.82306905057552
12.0,96.0,41997.45743941216,33.94112549695428
12.0,96.66666666666666,42024.05287591091,34.058772731852805
12.0,97.33333333333333,42051.40152484814,34.17601498127012
12.0,98.0,42111.384585910884,34.29285639896449
12.0,98.66666666666666,42172.18378102603,34.40930106817051
12.0,99.33333333333333,42233.060436743915,34.52535300326414
12.0,100.0,42294.19122819148,34.64101615137755
12.0,100.66666666666666,42355.57043503009,34.75629439396553
12.0,101.33333333333333,42418.03308504013,34.871191548325385
12.0,102.0,42479.823659994574,34.9857113690718
12.0,102.66666666666666,42541.75002307539,35.09985754956849
12.0,103.33333333333333,42604.046974617675,35.21363372331802
12.0,104.0,42666.648521597854,35.327043465311384
12.0,104.66666666666666,42729.46610733107,35.4400902933387
12.0,105.33333333333333,42792.49525344175,35.552777669262355
12.0,106.0,42855.73161950468,35.66510900025401
12.0,106.66666666666666,42919.17099778371,35.77708763999664
12.0,107.33333333333333,42982.809308209915,35.888716889852724
12.0,108.0,43046.642593586505,36.0
12.0,108.66666666666666,43110.66701500856,36.11094017053558
12.0,109.33333333333333,43174.87884748643,36.22154055254967
12.0,110.0,43239.274475762264,36.331804249169906
12.0,110.66666666666666,43303.85039030991,36.4417343165772
12.0,111.33333333333333,43368.60318350843,36.55133376499413
12.0,112.0,43433.52954598098,36.66060555964672
12.0,112.66666666666666,43498.6262630905,36.76955262170047
12.0,113.33333333333333,43563.89021158427,36.87817782917155
12.0,114.0,43629.31835638036,36.98648401781386
12.0,114.66666666666666,43694.90774748858,37.094473981982816
12.0,115.33333333333333,43760.65551705981,37.20215047547655
12.0,116.0,43826.55887655701,37.30951621235526
12.0,116.66666666666666,43892.615114042645,37.416573867739416
12.0,117.33333333333333,43958.82159157641,37.52332607858744
12.0,118.0,44025.17574271838,37.62977544445356
12.0,118.66666666666666,44091.675070132726,37.73592452822641
12.0,119.33333333333333,44158.31714328667,37.841775856849004
12.0,120.0,44225.09959624122,37.94733192202055
